th_ref,pid_ref,corr_ref,dew_loss,k_dust,k_salt,cementation,u0_land,u1_land,dust_land,cl_land,u0_fpv,u1_fpv,wind_fpv,motion,alpha_fresh,dtd_fresh,alpha_saline,dtd_saline,salt_saline,cl_saline,mu_pid,mu_salt,capex_land,capex_fresh,capex_saline,land:specific_yield_kwh_kwp,land:deg_total_pct_yr,land:lifetime_energy_mwh,land:lcoe_inr_kwh,fpv_fresh:specific_yield_kwh_kwp,fpv_fresh:deg_total_pct_yr,fpv_fresh:lifetime_energy_mwh,fpv_fresh:lcoe_inr_kwh,fpv_saline:specific_yield_kwh_kwp,fpv_saline:deg_total_pct_yr,fpv_saline:lifetime_energy_mwh,fpv_saline:lcoe_inr_kwh,fpv_saline_mitigated:specific_yield_kwh_kwp,fpv_saline_mitigated:deg_total_pct_yr,fpv_saline_mitigated:lifetime_energy_mwh,fpv_saline_mitigated:lcoe_inr_kwh,fpv_fresh:d_specific_yield_kwh_kwp_pct,fpv_fresh:d_lifetime_energy_mwh_pct,fpv_fresh:d_deg_total_pct_yr,fpv_saline:d_specific_yield_kwh_kwp_pct,fpv_saline:d_lifetime_energy_mwh_pct,fpv_saline:d_deg_total_pct_yr,fpv_saline_mitigated:d_specific_yield_kwh_kwp_pct,fpv_saline_mitigated:d_lifetime_energy_mwh_pct,fpv_saline_mitigated:d_deg_total_pct_yr
0.11407,0.042859,0.080945,0.047968,0.044916,0.038534,0.28936,23.266,5.7588,0.63254,1.1309,36.187,3.2904,1.198,0.0030556,0.23954,1.4756,0.38983,1.5968,0.78496,0.66558,0.69923,0.33902,38.75,40.984,48.388,1613.1,0.91725,36185,3.0867,1621.6,0.96189,36188,3.3344,1591.3,1.1488,34752,4.175,1591.3,0.94063,35599,4.2136,0.5287,0.0086801,0.044637,-1.3501,-3.9599,0.23153,-1.3501,-1.6178,0.023381
0.12457,0.046102,0.076806,0.0042529,0.034344,0.045852,0.69447,24.004,7.2082,0.98247,0.95663,44.193,9.2367,1.0277,0.0059425,0.15544,1.4055,0.31615,1.3717,1.5886,0.81087,0.80674,0.31418,30.239,47.746,49.39,1610.1,0.90412,36173,2.5125,1645.7,0.89363,37019,3.7167,1590.5,1.0582,35101,4.2183,1590.5,0.88443,35816,4.2664,2.2122,2.337,-0.01049,-1.2148,-2.965,0.15409,-1.2148,-0.98809,-0.019694
0.087359,0.04655,0.075134,0.034206,0.031677,0.055536,0.35096,25.536,6.5489,0.8954,0.87472,43.711,2.8616,1.1141,0.0092272,0.27954,0.5423,0.22238,1.0543,0.50539,0.78143,0.68315,0.62959,30.135,48.027,51.311,1619.3,0.77771,36921,2.4675,1622.6,0.74093,37154,3.7452,1603,0.95163,35815,4.2836,1603,0.72889,36757,4.313,0.19797,0.62983,-0.036782,-1.0122,-2.9976,0.17392,-1.0122,-0.44539,-0.048819
0.10713,0.038784,0.1302,0.022758,0.033196,0.063949,0.38036,25.055,4.9719,1.3248,0.5748,28.429,4.1389,1.0461,0.0095891,0.15909,1.2512,0.23396,1.968,1.0945,0.56485,0.7791,0.30451,33.777,40.906,48.546,1584.7,0.89722,35631,2.7951,1602.1,0.98687,35649,3.376,1558.9,1.3302,33343,4.3307,1558.9,1.0598,34397,4.3508,1.0982,0.05074,0.089649,-1.6233,-6.4202,0.43293,-1.6233,-3.462,0.16261
0.10906,0.060328,0.051962,0.055004,0.029937,0.059147,0.31413,24.685,7.2381,0.69655,1.6123,36.124,7.2531,1.3168,0.0091162,0.14163,1.1405,0.34033,1.8001,0.59588,0.67645,0.91966,0.4814,32.04,43.933,50.262,1632.1,0.87293,36801,2.593,1632.9,0.85487,36896,3.4812,1608.5,1.0549,35512,4.2299,1608.5,0.79907,36584,4.2503,0.047412,0.25816,-0.018062,-1.4416,-3.5014,0.18195,-1.4416,-0.58896,-0.073864
0.070427,0.065535,0.055193,0.0035863,0.030177,0.052198,0.53162,28.346,5.3075,0.61496,0.60217,23.689,3.6622,1.077,0.014378,0.36208,0.64084,0.38406,1.0065,1.2552,0.77125,0.66102,0.31278,35.621,51.025,57.267,1631.5,0.75233,37310,2.8071,1583.8,0.92126,35513,4.0962,1550.4,1.1507,33852,4.9222,1550.4,0.82151,35170,4.907,-2.923,-4.8166,0.16893,-4.9702,-9.2671,0.39841,-4.9702,-5.735,0.069178
0.12522,0.060673,0.1474,0.050359,0.037536,0.083349,0.29376,23.524,7.6762,0.64188,0.56121,30.97,7.8806,1.2084,0.0093879,0.32281,1.3335,0.15631,1.8971,1.1523,1.6856,0.72041,0.36649,31.335,48.325,45.917,1624.6,0.96538,36240,2.5756,1624.5,1.0036,36078,3.8357,1559.1,1.6681,32089,4.2441,1559.1,1.2675,33588,4.2289,-0.0039048,-0.44645,0.038236,-4.0272,-11.454,0.70268,-4.0272,-7.317,0.30209
0.12672,0.040681,0.057035,0.040482,0.035319,0.040874,0.26923,23.987,7.5314,0.84026,1.4561,44.709,8.5948,1.3455,0.0088315,0.38541,0.69563,0.20731,1.6946,1.9092,1.2175,0.75772,0.63235,32.748,50.332,44.949,1622.6,0.88508,36534,2.6582,1645.7,0.78341,37498,3.8559,1584.7,1.0915,34837,3.9343,1584.7,0.8673,35755,3.9717,1.4265,2.6362,-0.10167,-2.3346,-4.6449,0.2064,-2.3346,-2.1321,-0.017783
0.077142,0.078717,0.10596,0.050219,0.032611,0.032034,0.54092,26.535,4.9229,1.169,1.408,44.137,7.4704,1.2017,0.0108,0.21806,1.0414,0.28314,1.5533,1.2199,1.239,0.88032,0.28388,32.265,42.52,58.943,1598.1,0.91387,35864,2.6717,1637.6,0.78867,37289,3.3605,1610.3,1.1863,35015,4.8678,1610.3,0.8619,36356,4.8523,2.4686,3.9748,-0.1252,0.75991,-2.3675,0.27244,0.75991,1.3713,-0.051968
0.11178,0.037609,0.080915,0.042081,0.029014,0.074985,0.71887,28.506,6.2101,0.80269,0.63951,25.344,2.9584,1.2889,0.0070726,0.17422,1.3786,0.19152,1.1361,0.71958,1.5871,0.55532,0.30062,39.265,50.252,55.092,1624.3,0.8202,36852,3.0773,1593.5,1.0632,35145,4.0615,1553.9,1.3301,33235,4.8194,1553.9,1.1095,34089,4.8481,-1.9004,-4.6307,0.24295,-4.3375,-9.8145,0.50989,-4.3375,-7.4966,0.28928
0.07129,0.072762,0.1494,0.04143,0.035803,0.073544,0.69922,24.935,6.9718,1.181,1.1631,32.795,5.3459,1.0027,0.012775,0.25608,1.1303,0.23203,1.5294,0.52463,0.97885,0.73541,0.34658,32.721,46.688,45.596,1592.6,0.86288,35953,2.7017,1608.1,0.88565,36206,3.7297,1592,1.3067,34142,4.0251,1592,0.94417,35601,4.0209,0.96987,0.70249,0.022769,-0.040911,-5.0398,0.44384,-0.040911,-0.98175,0.081289
0.070038,0.0412,0.084333,0.058149,0.042035,0.056244,0.5949,24.863,7.2163,1.3181,0.50785,35.73,4.4465,1.3232,0.010468,0.37061,1.3139,0.27432,1.8951,1.9542,0.68779,0.69305,0.24129,34.991,44.333,51.751,1577.1,0.68871,36334,2.8472,1615.7,0.73653,37016,3.5135,1538.8,1.0094,34152,4.5129,1538.8,0.82139,34907,4.5552,2.4489,1.8767,0.047824,-2.4235,-6.0032,0.32066,-2.4235,-3.9259,0.13268
0.070851,0.06063,0.087534,0.025618,0.04034,0.060208,0.26092,24.814,7.6287,0.75326,0.61997,22.202,6.7704,1.0757,0.0069645,0.33411,1.3893,0.22015,1.1921,0.7468,1.8864,0.50467,0.57047,39.453,42.846,46.938,1620.9,0.73932,37123,3.0776,1611.1,0.87992,36298,3.4615,1581.1,1.1743,34428,4.1078,1581.1,0.8485,35752,4.1118,-0.6047,-2.2225,0.1406,-2.4557,-7.2598,0.43495,-2.4557,-3.6915,0.10918
0.12794,0.03947,0.12246,0.057803,0.032268,0.035493,0.51122,27.183,6.2262,0.82876,0.89904,38.231,4.3275,1.1804,0.0045349,0.32018,1.1927,0.20174,1.2371,0.76869,0.7815,0.64031,0.58793,30.345,40.786,54.478,1623.9,0.93243,36364,2.5037,1632.5,0.95022,36481,3.296,1602.8,1.2289,34681,4.5946,1602.8,0.95178,35810,4.603,0.53058,0.32302,0.017789,-1.3011,-4.6267,0.29649,-1.3011,-1.5227,0.019351
0.073864,0.081122,0.12913,0.047993,0.037739,0.032637,0.73164,22.89,4.6207,1.0259,1.7814,29.709,8.331,1.1671,0.0040285,0.29171,1.4649,0.35759,1.6687,1.1384,0.57385,0.68438,0.30582,35.848,45.262,44.816,1584.3,1.0184,35125,2.9651,1637.1,0.88491,36862,3.5685,1601.8,1.1792,34860,3.9084,1601.8,0.8795,36091,3.9237,3.3327,4.9473,-0.1335,1.1075,-0.75285,0.16074,1.1075,2.752,-0.13891
0.096209,0.074686,0.084895,0.037668,0.031917,0.034387,0.31147,22.124,4.6353,1.2998,0.65827,41.868,8.2654,1.2576,0.011017,0.37818,1.0457,0.23193,1.7028,0.60024,0.7576,0.50702,0.68031,32.933,49.999,58.316,1583.6,1.0092,35147,2.7619,1640.7,0.82292,37212,3.8572,1624.7,1.1093,35643,4.7544,1624.7,0.83736,36786,4.7586,3.6054,5.8745,-0.18631,2.5925,1.4112,0.1001,2.5925,4.663,-0.17187
0.10034,0.074978,0.081133,0.024536,0.043119,0.087552,0.29349,27.696,7.2875,0.90256,0.51804,32.539,7.389,1.051,0.0097888,0.37218,0.646,0.35502,1.3905,1.4523,1.169,0.68376,0.44757,30.672,48.49,49.222,1607,0.84845,36339,2.536,1619.3,0.84836,36617,3.8144,1537.3,1.1887,33419,4.3949,1537.3,0.88387,34619,4.4021,0.76306,0.76413,-9.1364e-05,-4.3397,-8.0372,0.34023,-4.3397,-4.7336,0.035425
0.13734,0.082802,0.062679,0.058155,0.032344,0.072481,0.70887,23.468,5.4277,1.7398,1.0952,31.015,6.2753,1.2379,0.0063608,0.1012,0.76923,0.41721,1.3558,0.70142,0.83977,0.73855,0.68739,36.364,39.189,57.953,1558.7,1.1168,34166,3.0728,1624.1,1.0222,35991,3.2227,1588,1.2749,34180,4.8988,1588,0.92768,35579,4.8768,4.1955,5.3413,-0.094566,1.8778,0.040763,0.15805,1.8778,4.1345,-0.18913
0.11148,0.060979,0.056366,0.013018,0.037929,0.044767,0.6571,23.428,7.1072,1.3475,0.76874,34.468,9.4511,1.0881,0.012636,0.27685,0.72455,0.29614,1.1885,1.0533,1.1339,0.86355,0.55034,30.865,48.297,48.709,1581.8,0.88292,35625,2.5965,1628.3,0.81465,36966,3.7709,1602.2,1.029,35479,4.1315,1602.2,0.77431,36546,4.1542,2.9396,3.762,-0.068271,1.293,-0.41028,0.14604,1.293,2.5844,-0.10861
0.079932,0.084112,0.14273,0.018391,0.028873,0.059105,0.43046,28.814,5.3908,1.6672,0.95888,36.31,9.5842,1.1759,0.01186,0.3455,1.3376,0.29293,1.7357,0.61706,0.5365,0.90215,0.23736,30.633,48.975,46.634,1588.1,0.91064,35652,2.5757,1635.9,0.86313,36930,3.8121,1614.9,1.1802,35140,4.0025,1614.9,0.87195,36418,4.0123,3.0142,3.5854,-0.047507,1.6896,-1.4342,0.26955,1.6896,2.1485,-0.038684
0.065836,0.049271,0.11733,0.0073305,0.042264,0.088344,0.57385,27.097,5.1082,1.2071,1.9296,43.31,5.0733,1.2435,0.0050091,0.28421,1.1148,0.21027,1.3259,1.6577,0.68215,0.62726,0.43103,31.974,44.767,49.622,1572.9,0.81105,35722,2.6735,1630.5,0.71786,37436,3.5054,1523.4,0.99834,33853,4.4014,1523.4,0.76355,34791,4.4305,3.6612,4.7967,-0.093187,-3.1467,-5.2342,0.1873,-3.1467,-2.6079,-0.047493
0.094449,0.066901,0.13628,0.021436,0.035253,0.036124,0.65821,24.605,7.9199,1.406,1.4298,37.49,3.3443,1.2916,0.0086555,0.30625,1.2542,0.1609,1.921,0.50136,1.5747,0.73684,0.38712,37.93,47.035,57.048,1591.1,0.90913,35725,3.0713,1619.7,0.95536,36174,3.7459,1602.4,1.5644,33369,4.8945,1602.4,1.1299,35071,4.8439,1.8019,1.2564,0.046232,0.71166,-6.596,0.65525,0.71166,-1.8319,0.22079
0.11211,0.068698,0.098602,0.041094,0.037629,0.053737,0.63236,25.342,7.4087,1.2713,1.7999,42.507,9.6817,1.1271,0.012002,0.3918,1.3424,0.2116,1.5214,0.71206,1.0804,0.88015,0.62435,31.615,46.99,51.932,1590.4,0.95131,35534,2.6475,1635.6,0.89436,36788,3.6896,1612.5,1.2,35008,4.381,1612.5,0.83663,36514,4.3643,2.8449,3.5281,-0.056956,1.3932,-1.4813,0.24873,1.3932,2.7555,-0.11469
0.086234,0.068423,0.12039,0.009574,0.041464,0.055349,0.60695,24.062,6.9606,0.54694,1.7478,35.133,9.0444,1.0566,0.0067237,0.32198,0.60749,0.39401,1.3977,0.77214,0.66207,0.51206,0.60305,39.114,45.469,55.364,1625.8,0.90858,36507,3.085,1634.9,0.77163,37302,3.5566,1604.6,1.0856,35299,4.6018,1604.6,0.81015,36447,4.6088,0.55803,2.1767,-0.13696,-1.3029,-3.3085,0.17706,-1.3029,-0.16444,-0.098431
0.12516,0.041824,0.10002,0.026069,0.029696,0.041951,0.59612,26.371,7.341,1.7095,0.58134,44.545,8.7251,1.2138,0.003423,0.33648,0.754,0.41393,1.6894,0.90007,0.51526,0.76979,0.56027,38.99,38.85,54.003,1589.4,0.87645,35823,3.1396,1654.6,0.81415,37565,3.0919,1616.9,1.0882,35559,4.4745,1616.9,0.86796,36480,4.5022,4.1058,4.8645,-0.062295,1.7335,-0.7355,0.21178,1.7335,1.8341,-0.0084892
0.069692,0.081388,0.066909,0.031259,0.038874,0.039211,0.66164,23.339,5.8962,0.51181,0.7308,37.158,8.2879,1.2418,0.0090178,0.25623,0.64653,0.37483,1.2566,1.0513,0.75654,0.8126,0.24982,33.807,38.863,47.461,1624.1,0.83843,36767,2.7172,1635.5,0.72048,37540,3.1068,1605.2,0.9553,35849,4.0161,1605.2,0.70106,36928,4.0401,0.70347,2.101,-0.11796,-1.1631,-2.4981,0.11687,-1.1631,0.43678,-0.13738
0.083772,0.068123,0.062128,0.054515,0.03443,0.080471,0.69487,24.558,4.7798,0.76364,0.56475,43.498,8.0535,1.2718,0.012026,0.16288,1.3542,0.36226,1.5507,1.941,1.728,0.79925,0.6713,33.399,40.154,51.858,1603,0.86975,36159,2.7317,1629.3,0.78454,37120,3.2194,1526.9,1.0568,33701,4.5722,1526.9,0.71757,35058,4.5626,1.6417,2.6571,-0.085216,-4.7518,-6.7975,0.18702,-4.7518,-3.0439,-0.15218
0.087051,0.046805,0.10089,0.021554,0.030215,0.087475,0.35318,28.409,5.349,1.0657,1.0569,43.273,8.215,1.3464,0.0050761,0.16766,1.4241,0.42592,1.1526,0.71116,0.69429,0.77137,0.38458,33.727,50.64,44.409,1607.9,0.81177,36515,2.7335,1644.4,0.77482,37506,3.8766,1598.3,0.92657,35814,3.816,1598.3,0.74121,36597,3.8641,2.2713,2.7136,-0.036952,-0.59862,-1.9189,0.1148,-0.59862,0.2244,-0.070562
0.1399,0.058748,0.096269,0.050055,0.037288,0.067213,0.70381,26.334,4.9483,0.70723,1.0838,34.666,6.32,1.0195,0.003654,0.21487,1.35,0.22797,1.2166,1.0209,1.4456,0.63867,0.60871,31.032,41.147,57.805,1609.6,1.062,35506,2.5977,1629.1,1.0588,35949,3.3543,1576,1.339,33675,4.9487,1576,1.0041,35000,4.9316,1.2114,1.249,-0.0032142,-2.0843,-5.1571,0.277,-2.0843,-1.4259,-0.057864
0.11663,0.045802,0.10925,0.018062,0.04251,0.031976,0.45128,28.495,4.9858,1.6244,1.978,31.422,7.7667,1.0373,0.0039049,0.24413,1.4421,0.2086,1.1359,0.5363,1.6478,0.92262,0.6653,31.841,42.89,54.859,1557.2,0.9634,34746,2.7222,1633.3,0.94121,36537,3.4331,1614.7,1.2363,34909,4.5897,1614.7,0.84781,36515,4.5591,4.8835,5.1543,-0.022198,3.6878,0.46951,0.27293,3.6878,5.0915,-0.1156
0.12717,0.086399,0.12802,0.04863,0.034159,0.070138,0.51382,26.332,6.8679,0.53483,0.92296,27.33,4.6569,1.1314,0.009342,0.35696,1.403,0.1959,1.7208,1.9558,1.6081,0.63939,0.31617,37.586,40.268,55.282,1634.1,1.0419,36129,2.9971,1605.4,1.2551,34635,3.3925,1511.9,1.8453,30500,5.1578,1511.9,1.3756,32169,5.0962,-1.7505,-4.137,0.21322,-7.4758,-15.58,0.80335,-7.4758,-10.962,0.33372
0.12202,0.061651,0.058423,0.059008,0.040086,0.048833,0.36336,22.807,4.9232,1.6721,1.8167,26.987,3.097,1.1802,0.014337,0.11872,0.95361,0.1917,1.7293,0.76155,0.67303,0.61562,0.62067,34.263,48.708,49.865,1547.5,1.0434,34211,2.9283,1584,1.1235,34695,3.9959,1568.1,1.4251,33176,4.4312,1568.1,1.0862,34493,4.4271,2.3585,1.4153,0.080089,1.3257,-3.0251,0.38173,1.3257,0.8259,0.042748
0.090567,0.08468,0.10633,0.00043641,0.031515,0.041091,0.70372,22.791,4.6641,1.2092,1.1151,26.014,9.6969,1.3226,0.0088612,0.21141,0.6732,0.33043,1.3176,1.4774,0.5951,0.80738,0.67102,39.356,50.558,44.632,1584.9,1.0436,35037,3.2136,1635.7,0.82824,37075,3.9077,1589.3,1.1524,34695,3.9185,1589.3,0.75164,36348,3.9041,3.2009,5.8163,-0.21537,0.27699,-0.97495,0.10874,0.27699,3.7423,-0.29197
0.061887,0.082845,0.054821,0.055479,0.03167,0.046415,0.36472,24.855,7.4862,0.70419,1.1487,29.843,9.4313,1.2905,0.0096334,0.18771,1.0285,0.34909,1.0531,1.9379,0.58075,0.53609,0.62243,31.5,47.805,55.71,1632.8,0.75653,37321,2.5335,1634.9,0.73096,37479,3.6996,1571,0.89681,35325,4.6581,1571,0.67743,36242,4.6838,0.12564,0.42562,-0.02557,-3.7846,-5.3463,0.14028,-3.7846,-2.8893,-0.0791
0.11366,0.069489,0.10842,0.02119,0.033201,0.075987,0.43819,22.714,7.496,1.8608,0.90276,29.566,8.727,1.0254,0.010352,0.28474,0.99425,0.3673,1.2182,1.9698,0.7357,0.55104,0.51944,36.338,47.087,58.28,1566,0.95432,34978,3.0196,1623.7,0.93532,36346,3.7347,1525.9,1.1895,33167,5.0899,1525.9,0.92142,34212,5.0963,3.6811,3.9101,-0.018996,-2.563,-5.1776,0.23521,-2.563,-2.1899,-0.032896
0.076123,0.065498,0.12925,0.020319,0.044728,0.086301,0.25199,28.679,6.3916,0.52961,1.8619,30.306,7.4084,1.0411,0.014953,0.27011,1.3843,0.15231,1.8756,1.0476,0.97225,0.66242,0.67846,34.698,51.668,51.895,1627.1,0.86033,36743,2.7761,1607.1,0.86591,36268,4.0636,1559.7,1.2859,33528,4.5556,1559.7,0.82771,35354,4.5065,-1.23,-1.2942,0.0055784,-4.1461,-8.7492,0.42559,-4.1461,-3.7809,-0.032614
0.11147,0.077374,0.13119,0.040929,0.031236,0.073716,0.3752,24.755,5.5383,1.7345,1.6422,30.679,9.3889,1.1943,0.009378,0.12031,0.93731,0.37891,1.8684,0.59718,1.4103,0.89825,0.61076,30.358,46.55,48.153,1571.3,1.0689,34633,2.615,1630.9,0.92522,36551,3.6793,1604.6,1.4855,33717,4.2279,1604.6,0.94354,35886,4.1635,3.7943,5.5384,-0.14371,2.1224,-2.646,0.41656,2.1224,3.6175,-0.12539
0.11139,0.071678,0.074039,0.00040112,0.03894,0.078343,0.26266,25.38,5.4359,0.77657,0.94598,38,9.2813,1.2444,0.0096302,0.24491,1.2914,0.44373,1.9786,1.1312,0.60159,0.63238,0.68166,30.491,41.619,54.871,1607.9,0.96507,35870,2.5446,1634.6,0.89143,36779,3.3327,1576.7,1.1408,34466,4.6677,1576.7,0.86185,35599,4.6746,1.6598,2.5337,-0.073646,-1.9401,-3.9137,0.1757,-1.9401,-0.75588,-0.10322
0.10548,0.049683,0.096472,0.033904,0.044316,0.05868,0.29929,23.575,7.4463,1.7945,0.65009,22.722,9.5243,1.0306,0.0080387,0.24274,1.4484,0.35809,1.6938,1.8713,0.95909,0.70994,0.42676,37.674,50.835,52.895,1546.2,0.84849,34963,3.128,1619.6,0.92295,36308,3.9934,1547.7,1.191,33635,4.6309,1547.7,0.92452,34688,4.6454,4.7515,3.8475,0.074461,0.096084,-3.7985,0.34254,0.096084,-0.78582,0.076025
0.11385,0.063078,0.081453,0.038612,0.026907,0.079879,0.7162,23.535,7.2269,1.3714,0.59936,26.937,6.2165,1.1596,0.010407,0.17656,1.3263,0.29276,1.9883,1.1869,1.5003,0.86902,0.46173,36.981,44.477,53.186,1599.1,0.90385,35928,2.9897,1612.9,1.0064,35808,3.6018,1552.5,1.4148,32886,4.7146,1552.5,0.99945,34496,4.6776,0.85775,-0.33581,0.10252,-2.9152,-8.4685,0.51095,-2.9152,-3.9871,0.095599
0.098206,0.060271,0.11769,0.052314,0.027068,0.04401,0.42752,27.606,5.2482,1.0241,1.2184,37.158,3.5993,1.0887,0.0034197,0.39881,1.2505,0.30874,1.8755,0.90722,1.2895,0.51498,0.45637,33.574,39.879,55.043,1617.4,0.91829,36279,2.729,1630.4,0.94129,36471,3.2372,1591.7,1.4215,33689,4.7333,1591.7,1.0773,35048,4.7182,0.79808,0.52894,0.023004,-1.5945,-7.1383,0.50318,-1.5945,-3.3926,0.15905
0.068219,0.079182,0.053964,0.059728,0.034183,0.063507,0.32149,26.694,5.7973,1.3643,1.1257,24.342,4.5098,1.1523,0.0032025,0.25454,0.81658,0.25702,1.0339,1.6197,0.68762,0.6165,0.67299,30.382,44.541,50.71,1589.5,0.79438,36170,2.5338,1609.2,0.91185,36121,3.5888,1530.8,1.1536,33413,4.51,1530.8,0.78925,34856,4.4944,1.2409,-0.13562,0.11747,-3.6894,-7.6215,0.3592,-3.6894,-3.6316,-0.0051308
0.06726,0.06093,0.087178,0.057653,0.034333,0.077829,0.27828,24.975,7.7397,0.76832,1.7777,41.838,2.873,1.2235,0.012685,0.36079,0.97406,0.22755,1.4074,1.9955,1.3768,0.71429,0.53087,39.452,50.861,47.464,1624.5,0.76606,37090,3.0768,1612.2,0.76519,36813,3.9659,1509.6,1.1333,33027,4.3278,1509.6,0.77692,34423,4.3209,-0.7563,-0.74615,-0.00087483,-7.0743,-10.954,0.36724,-7.0743,-7.1921,0.010853
0.13362,0.060565,0.086254,0.0085801,0.036998,0.069761,0.34892,26.878,7.6163,1.8266,1.2199,31.3,9.9257,1.233,0.0096571,0.34137,1.0281,0.43979,1.6927,1.3823,0.72898,0.79369,0.31646,39.75,48.687,47.237,1566.9,0.95473,34996,3.2566,1633.6,0.92471,36614,3.816,1568.5,1.2105,34012,4.1731,1568.5,0.97557,34948,4.2055,4.2588,4.6231,-0.030025,0.10484,-2.8113,0.25575,0.10484,-0.137,0.020836
0.067021,0.042351,0.14033,0.022753,0.029598,0.044416,0.57864,27.236,7.6488,1.5507,0.58812,41.029,4.6302,1.305,0.0033503,0.34379,1.1505,0.23539,1.6855,0.63971,1.0613,0.8378,0.52098,30.156,39.014,44.798,1599.5,0.70538,36778,2.4859,1640.7,0.72653,37633,3.1083,1607.8,1.1718,35019,3.8907,1607.8,0.80253,36551,3.8854,2.5785,2.3248,0.021149,0.51989,-4.7827,0.46642,0.51989,-0.61579,0.097157
0.060581,0.036038,0.13025,0.00020925,0.04342,0.06723,0.34938,22.372,5.847,0.69699,1.2239,35.988,7.6666,1.2459,0.013893,0.20576,1.4368,0.36974,1.5709,0.52095,1.1592,0.53251,0.44253,36.673,49.683,50.419,1605.1,0.75703,36684,2.9252,1620.7,0.69394,37317,3.8459,1607.1,1.0514,35494,4.2433,1607.1,0.80488,36526,4.2665,0.97538,1.7239,-0.063087,0.12804,-3.2432,0.29441,0.12804,-0.43021,0.047853
0.067557,0.067305,0.11554,0.032967,0.04118,0.055145,0.42722,23.398,7.9661,1.0862,0.95829,22.494,7.1138,1.082,0.0053347,0.19619,1.2035,0.40397,1.2617,1.4929,1.14,0.79585,0.39091,30.31,48.263,55.782,1597.8,0.78519,36399,2.514,1614.9,0.87105,36422,3.816,1557.5,1.1919,33845,4.8086,1557.5,0.8128,35366,4.7783,1.068,0.060888,0.085858,-2.5257,-7.017,0.40671,-2.5257,-2.8393,0.027603
0.10508,0.075802,0.12813,0.059716,0.027727,0.052422,0.62737,27.284,5.9739,1.2211,0.60204,44.145,5.6034,1.2684,0.0034249,0.23331,1.1223,0.22202,1.9433,0.73935,1.1422,0.65916,0.69238,32.287,49.477,47.705,1608.3,0.93797,35990,2.6611,1644.5,0.91595,36896,3.8407,1605.8,1.4348,33937,4.1774,1605.8,0.9412,35922,4.1291,2.2542,2.5163,-0.022021,-0.15288,-5.7059,0.49685,-0.15288,-0.19036,0.0032316
0.12831,0.083185,0.087771,0.049929,0.03457,0.054104,0.42299,25.447,6.6391,0.65541,1.0062,27.66,9.5259,1.3278,0.00724,0.24705,1.4353,0.43996,1.2931,1.2197,1.8447,0.56594,0.42887,39.429,50.091,59.078,1627.6,1.0243,36060,3.1298,1636.3,1.0299,36229,3.9345,1586.4,1.3452,33872,5.0092,1586.4,1.044,35067,5.0025,0.53438,0.46926,0.005594,-2.5305,-6.0674,0.32092,-2.5305,-2.7522,0.019661
0.09426,0.059661,0.14191,0.036202,0.026683,0.078642,0.30886,22.705,4.8003,0.95784,1.4609,35.277,8.9863,1.0072,0.01378,0.32967,1.3137,0.25759,1.8498,0.78696,1.4093,0.8585,0.59694,34.66,44.101,53.621,1603.5,1.0177,35554,2.8479,1626.6,0.87076,36686,3.5101,1594.6,1.4061,33811,4.6182,1594.6,0.90772,35811,4.5526,1.4375,3.184,-0.14695,-0.55432,-4.9007,0.3884,-0.55432,0.72369,-0.10999
0.13162,0.055678,0.14498,0.059677,0.032217,0.054907,0.35009,28.042,5.0293,1.6946,0.94235,30.553,5.8402,1.3165,0.0066014,0.15261,1.2896,0.31756,1.1053,0.51376,1.6647,0.54521,0.51055,32.997,51.162,50.582,1576.6,1.0347,34889,2.7839,1625.6,1.0495,35911,4.0389,1601.8,1.4634,33742,4.401,1601.8,1.1019,35172,4.3885,3.1048,2.9283,0.0148,1.5971,-3.2875,0.42879,1.5971,0.81035,0.067216
0.10372,0.064155,0.10271,0.01065,0.040388,0.06374,0.60411,26.071,4.9629,1.616,1.2292,35.704,4.5042,1.082,0.0087712,0.16343,0.96111,0.42706,1.715,1.4894,0.59296,0.74473,0.22762,32.691,42.305,46.595,1550.7,0.96156,34607,2.7933,1614.6,0.9246,36189,3.4289,1552.3,1.2326,33574,4.1775,1552.3,0.96211,34640,4.1999,4.1208,4.569,-0.03697,0.10012,-2.9855,0.271,0.10012,0.093773,0.00054618
0.06744,0.057376,0.12027,0.00081114,0.031914,0.051798,0.73158,27.491,5.0538,1.2511,1.1035,41.712,5.2326,1.3362,0.0092763,0.30521,0.51545,0.33983,1.529,1.7068,1.1374,0.56018,0.68721,32.747,47.81,44.007,1593.2,0.80568,36207,2.6909,1631.8,0.68851,37596,3.6949,1567.9,1.1434,34262,3.9252,1567.9,0.76009,35822,3.917,2.4231,3.8366,-0.11717,-1.5897,-5.3717,0.3377,-1.5897,-1.0641,-0.045591
0.09764,0.085317,0.086018,0.032728,0.04396,0.069875,0.57993,26.926,7.6803,1.7249,0.52297,27.672,4.0568,1.0741,0.012626,0.32147,1.1772,0.26353,1.8276,1.6761,0.94023,0.69832,0.4534,38.685,48.038,50.632,1549,0.86346,34966,3.1968,1591.2,1.1119,34899,3.9277,1520,1.508,31856,4.6569,1520,1.0333,33641,4.6047,2.7248,-0.19254,0.24839,-1.8753,-8.8956,0.64454,-1.8753,-3.7918,0.16981
0.07487,0.079306,0.064778,0.023465,0.039925,0.057819,0.34446,22.175,4.6338,1.938,1.15,40.396,6.955,1.1508,0.0060098,0.32044,1.1623,0.23419,1.5461,1.6556,0.96525,0.89594,0.5807,33.422,43.456,58.473,1528.1,0.94011,34189,2.8823,1636.7,0.7906,37262,3.4246,1564.5,1.0449,34580,4.9246,1564.5,0.68317,36068,4.895,7.1069,8.9887,-0.14951,2.3791,1.1429,0.10476,2.3791,5.4958,-0.25694
0.064258,0.069574,0.090422,0.018615,0.039393,0.080237,0.64896,23.918,7.655,1.4162,0.95619,43.848,7.8092,1.1682,0.0060852,0.39042,0.9872,0.39996,1.739,0.92461,1.459,0.85305,0.60799,33.524,46.937,56.258,1573.2,0.76103,35940,2.7692,1639.1,0.70891,37674,3.6269,1584.9,1.092,34840,4.7236,1584.9,0.69708,36479,4.6869,4.189,4.8264,-0.05212,0.7435,-3.0588,0.33098,0.7435,1.5004,-0.06395
0.12506,0.030256,0.078622,0.013821,0.033601,0.086005,0.64493,23.661,6.7269,1.5889,1.7504,27.357,7.1776,1.2584,0.007057,0.35585,0.98209,0.3017,1.1908,1.1556,0.74638,0.8022,0.53062,31.938,47.349,52.879,1571.2,0.90442,35298,2.6928,1623.8,0.85577,36686,3.7297,1552.8,1.0539,34285,4.5675,1552.8,0.85865,35071,4.6061,3.3456,3.9327,-0.048653,-1.1723,-2.8718,0.1495,-1.1723,-0.64425,-0.045773
0.10468,0.071017,0.054412,0.014527,0.034334,0.03258,0.49519,24.807,7.1269,1.5154,1.0629,42.739,4.9148,1.1733,0.0084925,0.23008,0.83486,0.19521,1.2211,1.8547,0.50267,0.87848,0.28364,32.21,45.606,55.761,1587.2,0.87786,35768,2.679,1632.4,0.85051,36905,3.5923,1586.3,1.0455,35058,4.6687,1586.3,0.78183,36149,4.6792,2.8514,3.1796,-0.027349,-0.058824,-1.9853,0.16765,-0.058824,1.0669,-0.096033
0.11422,0.051387,0.055006,0.049706,0.025151,0.031483,0.68188,26.142,5.645,0.54028,0.99949,42.222,6.2299,1.1062,0.014116,0.27787,0.85213,0.29515,1.7395,1.6154,1.3183,0.51022,0.41978,30.06,47.072,44.912,1638.7,0.88801,36885,2.4538,1629.6,0.82244,36961,3.6886,1599.3,1.1127,35074,3.9019,1599.3,0.93374,35808,3.9525,-0.55705,0.20575,-0.065573,-2.4028,-4.9122,0.22467,-2.4028,-2.9206,0.045736
0.099636,0.042836,0.078332,0.039515,0.038787,0.038466,0.557,28.246,4.7974,0.84953,1.0174,24.915,8.6384,1.315,0.0062174,0.24131,0.93335,0.36764,1.545,0.75226,0.60691,0.72645,0.67482,31.913,51.265,47.168,1607.6,0.83864,36395,2.617,1632.4,0.78971,37167,3.951,1604.9,1.0107,35613,4.0134,1604.9,0.7714,36619,4.0427,1.5404,2.1218,-0.048925,-0.16959,-2.1465,0.17206,-0.16959,0.61715,-0.067242
0.11441,0.031734,0.11053,0.0029555,0.029846,0.047289,0.72293,25.89,5.4607,0.64795,1.9525,26.896,5.6626,1.1477,0.014436,0.21559,1.0703,0.18395,1.0575,0.84414,0.64297,0.90656,0.28014,31.164,48.489,50.377,1626.1,0.92812,36430,2.5545,1606.1,0.90567,36077,3.8624,1587.1,1.1078,34825,4.312,1587.1,0.91527,35611,4.3535,-1.2294,-0.97129,-0.022448,-2.395,-4.4061,0.17969,-2.395,-2.2491,-0.012855
0.13394,0.052488,0.092211,0.033971,0.037145,0.053787,0.59044,24.151,6.6572,0.75916,1.3931,23.291,7.3923,1.2133,0.01254,0.29835,0.97577,0.19091,1.4147,1.6835,1.0225,0.63996,0.57173,39.318,42.001,49.075,1615.8,0.99553,35919,3.1382,1611.6,0.98918,35852,3.4312,1553.1,1.3345,33202,4.3868,1553.1,1.0243,34410,4.3931,-0.25966,-0.18619,-0.0063495,-3.8828,-7.5654,0.33895,-3.8828,-4.2023,0.028732
0.092991,0.048868,0.12669,0.040062,0.033287,0.051873,0.61778,22.51,6.9636,0.72216,0.86309,22.237,9.3686,1.2908,0.0081426,0.21021,0.6032,0.31917,1.251,1.0235,0.79037,0.76449,0.66281,39.193,49.497,56.301,1621,0.8581,36614,3.0876,1629.2,0.77778,37145,3.838,1589.1,1.1225,34810,4.7249,1589.1,0.77764,36232,4.7061,0.50313,1.4494,-0.080312,-1.9686,-4.929,0.26439,-1.9686,-1.0439,-0.080457
0.094877,0.07696,0.10997,0.043591,0.035858,0.031652,0.57224,25.275,7.4268,0.53696,0.85392,29.436,6.5877,1.3077,0.013915,0.19814,0.91398,0.42711,1.8949,0.68368,0.55089,0.74829,0.26271,30.406,49.589,44.981,1638.5,0.8874,36884,2.477,1617.3,0.89607,36369,3.9071,1607.6,1.2585,34668,3.9289,1607.6,0.95054,35924,3.9418,-1.2958,-1.3954,0.0086725,-1.8848,-6.0064,0.37112,-1.8848,-2.6025,0.063149
0.10434,0.057877,0.068659,0.0030392,0.034011,0.036324,0.51383,28.689,7.9046,1.0284,0.79628,42.334,6.4104,1.2289,0.012033,0.21114,0.54117,0.16973,1.0153,1.6095,1.8177,0.6813,0.23403,30.495,51.862,59.176,1621.5,0.80898,36835,2.4942,1631.5,0.77683,37203,3.9888,1592.3,1.0931,34998,4.9049,1592.3,0.90346,35777,4.9385,0.62094,0.99938,-0.032143,-1.7979,-4.9858,0.28415,-1.7979,-2.8732,0.094487
0.091525,0.067111,0.09769,0.022261,0.040066,0.050262,0.71987,25.058,7.1456,1.112,1.5399,32.681,7.7433,1.0745,0.0045376,0.28127,0.76939,0.44641,1.217,0.65033,0.84041,0.6861,0.27323,34.745,49.245,50.247,1593.1,0.87762,35903,2.8423,1632.8,0.81745,37056,3.8242,1606.1,1.0622,35429,4.2375,1606.1,0.84465,36335,4.2703,2.4919,3.2132,-0.060168,0.81684,-1.3199,0.18458,0.81684,1.2048,-0.03297
0.077826,0.035051,0.063997,0.024232,0.032193,0.032887,0.7176,28.675,5.4885,1.4329,1.0384,42.023,4.9442,1.2548,0.010858,0.34945,1.3823,0.38519,1.1785,1.5428,0.86116,0.7772,0.32237,32.878,39.723,46.556,1590.4,0.71194,36542,2.6854,1630,0.71473,37439,3.1727,1593.9,0.8503,36035,3.951,1593.9,0.69847,36680,4.0069,2.4873,2.4538,0.0027945,0.21898,-1.3881,0.13836,0.21898,0.37729,-0.013473
0.093211,0.081107,0.10809,0.014671,0.02853,0.066559,0.67545,26.855,5.8855,1.9564,1.0144,28.191,6.3402,1.1858,0.01173,0.39155,0.85969,0.22535,1.4099,1.0894,0.63386,0.74262,0.31786,31.91,47.027,56.891,1570.4,0.92609,35191,2.6967,1616.4,0.91787,36258,3.7424,1570.1,1.2589,33857,4.873,1570.1,0.91977,35210,4.8556,2.9334,3.0318,-0.0082232,-0.020405,-3.7919,0.33276,-0.020405,0.05317,-0.0063276
0.11153,0.087905,0.10362,0.042515,0.028236,0.042866,0.70316,25.527,6.1086,0.5711,1.8346,23.32,4.5088,1.1119,0.0035722,0.15424,1.0474,0.3895,1.2305,1.0175,1.048,0.89204,0.47638,30.224,43.381,50.013,1634.7,1.0418,36144,2.4994,1608.4,1.2171,34850,3.593,1572.3,1.5616,32752,4.4746,1572.3,0.95826,35102,4.3834,-1.6084,-3.5793,0.17534,-3.8174,-9.3848,0.51989,-3.8174,-2.8818,-0.083498
0.082518,0.062575,0.093335,0.031483,0.028397,0.078994,0.67134,26.199,7.9753,0.61223,0.54068,32.447,6.2674,1.1593,0.0065028,0.23193,0.69382,0.33589,1.9178,1.3228,1.0046,0.54636,0.31259,31.787,44.915,48.086,1638.3,0.76769,37398,2.546,1626.8,0.78475,37061,3.541,1552.3,1.2018,33694,4.275,1552.3,0.96101,34645,4.3047,-0.70461,-0.90239,0.017061,-5.2514,-9.9046,0.43412,-5.2514,-7.3614,0.19332
0.13046,0.067435,0.10814,0.033949,0.027583,0.031171,0.47809,28.99,5.1949,0.72373,1.3622,42.784,7.8173,1.2924,0.012774,0.35694,1.0384,0.29094,1.3888,1.2234,1.0684,0.57126,0.52553,33.897,39.052,52.411,1632.8,1.0335,36137,2.7486,1639.3,0.92922,36722,3.1615,1613.4,1.2871,34678,4.4403,1613.4,0.99615,35862,4.4473,0.39742,1.6193,-0.10427,-1.1899,-4.0366,0.25359,-1.1899,-0.76137,-0.037343
0.085107,0.041794,0.11915,0.015902,0.035224,0.089789,0.32402,23.969,5.2032,0.55701,0.61822,37.85,6.7954,1.2488,0.009251,0.17808,0.78177,0.39964,1.9576,0.67092,0.63781,0.57442,0.36594,31.933,50.726,52.292,1616.6,0.82483,36658,2.6011,1627.2,0.73652,37279,3.912,1590.3,1.0925,34957,4.4317,1590.3,0.89099,35784,4.4681,0.65086,1.6947,-0.088307,-1.6291,-4.6391,0.26766,-1.6291,-2.3845,0.06616
0.075129,0.061174,0.11898,0.0057052,0.044996,0.056839,0.49812,27.301,6.6269,0.87728,1.3232,36.203,8.7722,1.1217,0.01428,0.27067,1.4358,0.25762,1.8254,1.659,0.52568,0.73963,0.33355,31.531,38.01,45.728,1604.5,0.81681,36416,2.5921,1622.1,0.79852,36894,3.0941,1566.1,1.0754,34493,4.0312,1566.1,0.82574,35508,4.0602,1.0983,1.3143,-0.018286,-2.3911,-5.279,0.25855,-2.3911,-2.4928,0.0089298
0.12642,0.084204,0.07301,0.050373,0.028025,0.070648,0.72157,28.973,7.8393,1.4097,0.80677,27.131,3.6363,1.0393,0.0039009,0.33109,0.55781,0.29727,1.7039,1.291,0.92541,0.54163,0.2079,35.564,44.08,54.71,1606.5,0.93873,35947,2.8874,1606.6,1.1518,35074,3.6279,1538.8,1.6086,31885,4.9384,1538.8,1.2787,33108,4.9295,0.0065801,-2.4296,0.21305,-4.2105,-11.301,0.66984,-4.2105,-7.8991,0.34001
0.063729,0.085394,0.14469,0.028637,0.041325,0.032072,0.45353,27.065,6.4691,0.72869,1.4176,43.51,4.455,1.2696,0.013852,0.189,0.97863,0.37901,1.4358,1.7625,0.56498,0.85977,0.6621,30.406,45.206,51.558,1621.1,0.87352,36552,2.5009,1620.4,0.81224,36796,3.5819,1587.1,1.1684,34582,4.4144,1587.1,0.67869,36608,4.3561,-0.047784,0.66882,-0.061276,-2.0989,-5.3875,0.29493,-2.0989,0.15552,-0.19482
0.067474,0.032451,0.065156,0.053107,0.025256,0.086617,0.56346,26.809,6.7696,1.3916,1.1651,26.629,9.301,1.2818,0.0071279,0.19954,0.82378,0.41865,1.4091,1.2743,0.55203,0.64203,0.59204,36.489,41.315,58.073,1605.7,0.66465,37098,2.8914,1633.4,0.63314,37877,3.2508,1555.5,0.79062,35412,4.8314,1555.5,0.63453,36065,4.8776,1.7244,2.1013,-0.031506,-3.1258,-4.5437,0.12597,-3.1258,-2.7827,-0.030115
0.069846,0.067867,0.12845,0.059381,0.028035,0.056183,0.58904,25.956,6.4016,0.90937,1.5472,34.979,3.7529,1.1321,0.011209,0.38854,1.2828,0.44778,1.7403,1.2301,1.7764,0.79339,0.60117,34.638,51.786,50.527,1621.2,0.84986,36653,2.7801,1613.6,0.88336,36340,4.0605,1569.4,1.4383,33155,4.4795,1569.4,0.85707,35453,4.3937,-0.46707,-0.85465,0.033494,-3.1928,-9.5453,0.58844,-3.1928,-3.2741,0.0072039
0.066334,0.057905,0.13592,0.027946,0.037764,0.065926,0.53991,27.975,6.068,1.6443,0.90992,44.091,5.4436,1.0318,0.0084916,0.28267,0.70508,0.35484,1.135,0.51776,1.2174,0.84176,0.58312,34.089,41.011,51.711,1566,0.7797,35698,2.8248,1629.4,0.7136,37430,3.2586,1607.7,1.0875,35361,4.342,1607.7,0.71186,36940,4.3213,4.0448,4.8524,-0.066097,2.6636,-0.94325,0.30776,2.6636,3.4816,-0.067836
0.10204,0.047815,0.092827,0.020671,0.03706,0.059919,0.46769,23.334,6.056,0.89614,0.96487,38.408,5.1852,1.1214,0.014378,0.24263,1.349,0.3468,1.2329,0.86848,1.2726,0.65618,0.69623,35.836,48.278,45.421,1603.7,0.88207,36122,2.8986,1614.7,0.87347,36407,3.8182,1589.4,1.1176,34837,3.9631,1589.4,0.80486,36125,3.9733,0.68841,0.78928,-0.0085993,-0.88711,-3.5567,0.2355,-0.88711,0.0090973,-0.077213
0.11101,0.086723,0.10929,0.038309,0.035307,0.065458,0.52597,26.292,5.2152,1.3712,0.68031,27.838,7.0544,1.0697,0.008908,0.24318,0.77637,0.24714,1.3749,1.0698,0.61325,0.82376,0.25736,39.728,39.87,50.082,1579.6,1.0188,35018,3.2444,1617.8,0.98842,35992,3.2733,1572.6,1.3155,33692,4.3983,1572.6,0.96114,35098,4.3883,2.4188,2.7804,-0.030403,-0.44051,-3.7869,0.29666,-0.44051,0.22772,-0.057677
0.13713,0.041019,0.098398,0.03963,0.040487,0.050144,0.5577,25.584,7.7025,0.56669,0.99,38.03,5.853,1.3065,0.010624,0.34855,0.8432,0.23343,1.6772,0.91284,1.0436,0.51955,0.39414,33.832,51.486,53.038,1632.2,0.93076,36557,2.7242,1625.4,0.89477,36556,4.0146,1593.3,1.293,34224,4.5424,1593.3,1.0884,35040,4.578,-0.41904,-0.0013726,-0.035989,-2.383,-6.3817,0.3622,-2.383,-4.15,0.15761
0.098669,0.061867,0.069998,0.0013433,0.039554,0.054942,0.38615,26.058,7.4397,1.1448,1.9236,33.909,3.5441,1.1249,0.0095087,0.26575,0.71023,0.29197,1.2108,1.6918,1.8511,0.83627,0.62072,35.95,42.736,45.89,1599.5,0.85419,36145,2.9078,1608.9,0.8872,36218,3.4606,1546.4,1.2449,33399,4.1462,1546.4,0.82524,35062,4.1233,0.58763,0.20165,0.03301,-3.3224,-7.5962,0.39067,-3.3224,-2.9954,-0.028955
0.11933,0.037043,0.089722,0.030936,0.039494,0.0875,0.43474,22.159,5.535,0.61778,0.99261,33.426,2.8059,1.3491,0.014558,0.348,1.4784,0.42191,1.3413,0.99485,0.57734,0.72904,0.26593,33.818,47.024,59.296,1607.3,0.94378,35945,2.7681,1593.7,0.99144,35444,3.8166,1545.5,1.1532,33734,5.0848,1545.5,0.95825,34504,5.1176,-0.84666,-1.3937,0.047665,-3.8482,-6.1506,0.20941,-3.8482,-4.0097,0.014472
0.078095,0.080266,0.11667,0.043721,0.036038,0.032177,0.74069,25.432,6.0916,0.54072,1.2241,25.083,8.3361,1.2694,0.012366,0.13472,1.1387,0.40422,1.8924,0.51177,0.96115,0.53315,0.56707,31.187,45.734,50.553,1630.2,0.89717,36656,2.5436,1620.5,0.86622,36569,3.6316,1613.2,1.2869,34674,4.3115,1613.2,0.91073,36214,4.2936,-0.59602,-0.23713,-0.030955,-1.0484,-5.4061,0.38974,-1.0484,-1.2044,0.013559
0.13842,0.031833,0.14733,0.0065033,0.028696,0.067025,0.26496,27.013,4.7938,1.4296,1.3131,25.248,3.1989,1.0487,0.014616,0.36222,0.54073,0.25395,1.0749,1.0252,0.73328,0.78518,0.35198,39.318,50.922,44.505,1593.1,1.0356,35249,3.1927,1582.3,1.0663,34887,4.1378,1547.7,1.4444,32674,4.1024,1547.7,1.161,33753,4.1251,-0.67367,-1.0258,0.030689,-2.8464,-7.3054,0.40873,-2.8464,-4.2434,0.12536
0.088514,0.064748,0.11203,0.048536,0.03548,0.035171,0.33666,25.946,7.3335,1.2836,0.71731,36.622,7.0954,1.0829,0.0093488,0.18137,0.50812,0.38266,1.3226,1.8642,0.50237,0.67907,0.68313,30.427,50.252,44.551,1601.3,0.82845,36295,2.5246,1630.1,0.77742,37169,3.8856,1585.8,1.0589,34993,3.8943,1585.8,0.75054,36271,3.907,1.7983,2.4067,-0.051037,-0.97221,-3.5877,0.23041,-0.97221,-0.066936,-0.07791
0.097248,0.078746,0.082484,0.0084404,0.033278,0.05382,0.65799,28.566,5.8638,1.5745,0.65226,31.049,4.938,1.2093,0.0033966,0.1686,1.3999,0.27185,1.8331,0.83424,0.88851,0.70274,0.68518,35.573,39.613,46.35,1580.6,0.88161,35603,2.9228,1625.1,1.0017,36100,3.2443,1585.1,1.3198,33943,4.1,1585.1,0.88988,35671,4.0738,2.8199,1.3957,0.12006,0.28525,-4.6649,0.43819,0.28525,0.18871,0.0082742
0.10288,0.089784,0.10671,0.049231,0.034246,0.03197,0.68087,22.177,7.6418,1.0571,0.86967,39.281,4.5308,1.3343,0.0042309,0.1985,1.0112,0.41291,1.7604,0.6035,1.3824,0.69089,0.56297,31.454,38.768,54.599,1607,0.96747,35839,2.6123,1635.1,0.95841,36504,3.1575,1611.1,1.4357,34046,4.6497,1611.1,0.97267,35909,4.5946,1.7494,1.8565,-0.0090636,0.25734,-5.0027,0.46819,0.25734,0.19684,0.0052009
0.11609,0.084941,0.095638,0.0095403,0.034207,0.047965,0.64971,25.05,7.7687,0.97135,1.6222,27.663,9.4056,1.0799,0.012235,0.23704,1.4686,0.25406,1.7298,0.76119,1.6624,0.56514,0.27549,39.495,49.257,44.429,1615.4,0.9873,35944,3.1491,1623.7,1.0338,35933,3.9096,1605.7,1.4273,33963,3.944,1605.7,1.1524,35051,3.9684,0.50884,-0.031678,0.046528,-0.60521,-5.5125,0.43997,-0.60521,-2.4848,0.16507
0.13672,0.039863,0.071102,0.026362,0.02741,0.055399,0.68629,25.11,5.5144,0.61502,1.6823,37.305,4.4833,1.2771,0.0032943,0.17323,1.137,0.25131,1.838,1.6861,0.67991,0.66979,0.43668,37.661,40.225,53.166,1627.7,0.98303,36235,3.0007,1633.8,0.95323,36497,3.2565,1557.5,1.2179,33745,4.6301,1557.5,1.0159,34542,4.6668,0.37521,0.72296,-0.029797,-4.31,-6.8711,0.23484,-4.31,-4.6742,0.032895
0.087215,0.063643,0.09498,0.045783,0.037919,0.052225,0.4854,27.844,7.2347,0.58577,1.0835,35.305,7.5173,1.1754,0.0084408,0.18576,1.4472,0.38989,1.4529,1.8449,0.97712,0.73164,0.35177,31.608,50.468,54.078,1634.6,0.81484,37109,2.549,1629.9,0.84972,36851,3.9219,1562.9,1.108,34294,4.6412,1562.9,0.84352,35363,4.6543,-0.28918,-0.69396,0.034878,-4.3867,-7.5856,0.29311,-4.3867,-4.706,0.02868
0.12574,0.073157,0.11633,0.020466,0.044344,0.043752,0.52288,22.381,7.7833,1.4291,0.64981,32.438,5.5143,1.2705,0.014095,0.15283,0.5173,0.28244,1.0895,0.82458,1.8228,0.69638,0.39185,35.908,41.204,59.486,1567.2,0.99161,34853,2.9957,1609.9,0.9564,35950,3.3722,1592.7,1.4508,33599,5.0573,1592.7,1.0874,35031,5.0272,2.7281,3.1487,-0.035213,1.6319,-3.5967,0.45918,1.6319,0.51106,0.095784
0.062389,0.046594,0.086735,0.03634,0.025028,0.060983,0.7238,24.228,6.0528,1.7342,0.59686,38.298,6.5743,1.181,0.0090143,0.16259,1.1532,0.33432,1.6412,1.5137,0.63092,0.61814,0.382,37.207,51.137,59.105,1586,0.70845,36455,2.9857,1632.6,0.68739,37618,3.9117,1568.4,0.91418,35195,4.9084,1568.4,0.72665,35974,4.9423,2.9351,3.1894,-0.02106,-1.111,-3.4572,0.20573,-1.111,-1.3216,0.018203
0.072082,0.063514,0.07235,0.01148,0.032111,0.049643,0.27605,23.213,7.16,1.0518,1.0349,25.649,3.5924,1.0924,0.0031476,0.3948,0.97356,0.21011,1.2944,1.0206,0.76065,0.94505,0.3101,35.804,47.406,51.58,1612.5,0.77559,36774,2.8576,1607.1,0.93574,35973,3.795,1563.5,1.1913,33977,4.4904,1563.5,0.76151,35715,4.4514,-0.33472,-2.1774,0.16015,-3.0399,-7.6049,0.41571,-3.0399,-2.8802,-0.01408
0.12858,0.079518,0.076852,0.0038528,0.028327,0.049293,0.27865,24.671,4.8526,1.8197,0.79726,30.694,8.0337,1.0475,0.010742,0.39621,0.65871,0.27539,1.7337,1.5527,0.55422,0.84788,0.27408,35.88,46.733,52.621,1575.6,1.0867,34657,2.9989,1628,0.94762,36391,3.7044,1578.3,1.2757,33969,4.5501,1578.3,0.968,35197,4.5511,3.3235,5.0022,-0.1391,0.17081,-1.9867,0.18902,0.17081,1.5578,-0.11872
0.10939,0.074069,0.10108,0.059502,0.037701,0.067421,0.70015,23.336,7.5219,0.58581,0.50707,32.796,7.8592,1.3349,0.0055228,0.16311,1.4632,0.21415,1.4726,0.74833,0.73721,0.61844,0.50077,38.793,47.446,59.985,1625.6,0.9178,36463,3.066,1633,0.95634,36465,3.7434,1592.1,1.214,34510,5.0065,1592.1,0.9274,35673,5.0034,0.45517,0.0063765,0.038535,-2.0557,-5.3542,0.29618,-2.0557,-2.1649,0.0096005
0.068496,0.039611,0.094438,0.015911,0.04064,0.088998,0.30652,25.179,5.5748,0.57582,1.8928,42.07,5.4209,1.2472,0.014269,0.16104,0.52393,0.23197,1.5814,0.59866,0.80336,0.60896,0.60387,38.8,48.217,55.623,1616.4,0.76863,36892,3.0494,1615.7,0.6479,37402,3.7473,1591.4,0.94905,35567,4.6106,1591.4,0.7102,36572,4.6295,-0.041913,1.3816,-0.12072,-1.5439,-3.5921,0.18042,-1.5439,-0.86861,-0.058422
0.1363,0.058327,0.059969,0.014793,0.031988,0.057505,0.68106,25.089,6.1655,0.92129,0.87366,29.573,4.8457,1.3187,0.0084598,0.25115,0.93428,0.33853,1.8093,0.56139,0.53368,0.69863,0.24413,31.464,49.038,51.911,1611.6,0.97933,35891,2.6079,1616.5,1.0105,35871,3.9052,1592.2,1.2749,34270,4.4602,1592.2,1.0519,35162,4.4907,0.30684,-0.055539,0.031212,-1.2037,-4.5173,0.29559,-1.2037,-2.031,0.072563
0.075987,0.072224,0.052561,0.031103,0.02579,0.070689,0.29192,24.55,5.1285,1.8489,1.1135,32.37,7.6885,1.2006,0.0051904,0.27622,1.4224,0.17198,1.0114,1.4031,1.5698,0.52329,0.39896,39.128,39.644,51.399,1579.5,0.84671,35724,3.1616,1638,0.81061,37203,3.1751,1561.9,0.99253,34731,4.416,1561.9,0.78882,35565,4.4526,3.7006,4.1381,-0.036092,-1.117,-2.7794,0.14582,-1.117,-0.4468,-0.057889
0.10439,0.08754,0.11946,0.036286,0.032586,0.060725,0.66431,23.63,5.1767,0.72919,1.416,29.511,2.6888,1.0593,0.0062724,0.30983,0.69004,0.21581,1.062,0.82268,1.9231,0.80883,0.60044,38.098,38.96,56.013,1610.8,1.0859,35434,3.0856,1600.2,1.1412,34976,3.2842,1563,1.6886,32093,4.987,1563,1.0104,34684,4.8491,-0.66113,-1.2935,0.055302,-2.9704,-9.4312,0.60267,-2.9704,-2.1179,-0.075577
0.11549,0.030834,0.07615,0.044659,0.042203,0.070272,0.31669,26.791,6.1269,1.8791,0.6235,32.018,3.6157,1.1736,0.0088913,0.25264,1.0005,0.4059,1.0339,1.6005,0.85971,0.82342,0.30949,32.443,49.499,46.181,1542.9,0.82499,34986,2.7612,1604.9,0.89212,36107,3.93,1530,1.0521,33788,4.1518,1530,0.86838,34517,4.2016,4.0148,3.2044,0.067126,-0.83891,-3.4218,0.22715,-0.83891,-1.3392,0.043388
0.063469,0.03386,0.094718,0.04427,0.025672,0.05499,0.66481,24.812,5.1946,1.3195,1.0982,43.085,9.7471,1.0113,0.0121,0.15078,1.0096,0.19661,1.6852,1.8207,0.77812,0.62587,0.43103,30.046,51.361,57.166,1598.4,0.71866,36696,2.4827,1637.3,0.6344,37962,3.8993,1572.1,0.90001,35337,4.757,1572.1,0.72057,36085,4.7956,2.4343,3.4514,-0.084263,-1.6435,-3.7036,0.18135,-1.6435,-1.6655,0.0019098
0.095671,0.062351,0.065193,0.024342,0.040045,0.060076,0.51265,27.141,7.4932,1.0202,0.51873,42.056,7.8155,1.158,0.012905,0.36748,1.4472,0.17554,1.4489,1.1651,1.2057,0.64152,0.64438,31.65,40.145,47.672,1605.2,0.79416,36530,2.5945,1628.6,0.83123,36902,3.2316,1585.3,1.0543,35000,4.1115,1585.3,0.78888,36097,4.1326,1.4573,1.0194,0.037065,-1.2453,-4.1871,0.26015,-1.2453,-1.1844,-0.0052796
0.1387,0.075684,0.089359,0.046025,0.028083,0.067535,0.32886,26.248,4.9894,0.53675,0.51556,37.809,3.0322,1.0983,0.013582,0.35439,1.3002,0.31793,1.9635,1.6187,1.0752,0.7647,0.5785,32.087,50.267,48.51,1629.4,1.075,35889,2.6401,1608.8,1.1544,35112,4.0512,1540.5,1.575,32041,4.4594,1540.5,1.1044,33816,4.415,-1.2624,-2.1638,0.079425,-5.4551,-10.719,0.49996,-5.4551,-5.7757,0.029394
0.11519,0.082723,0.079288,0.012737,0.028737,0.045538,0.52214,22.122,6.6936,0.57857,1.22,39.411,8.3721,1.0221,0.014947,0.12693,1.1055,0.41279,1.3832,1.0261,0.85639,0.78254,0.67324,35.151,38.091,58.753,1631.9,1.0164,36188,2.8312,1627.6,0.93541,36433,3.1212,1607.4,1.1576,35068,4.853,1607.4,0.81489,36490,4.831,-0.2636,0.67786,-0.080967,-1.4997,-3.0948,0.14125,-1.4997,0.83542,-0.20149
0.1177,0.037276,0.1254,0.021301,0.039897,0.085339,0.6495,26.835,6.2895,0.89548,1.7197,29.71,2.7475,1.3346,0.0067069,0.13817,1.4331,0.19557,1.7758,0.55108,0.85161,0.76103,0.45945,31.683,44.156,55.3,1601.9,0.93514,35860,2.6299,1596.9,1.0621,35225,3.6309,1563.7,1.4412,33022,4.8437,1563.7,1.1023,34332,4.8299,-0.31318,-1.7704,0.12701,-2.3867,-7.9127,0.50604,-2.3867,-4.2592,0.16718
0.074151,0.066093,0.11537,0.033322,0.038028,0.085792,0.45578,25.627,6.5697,0.79147,1.7785,27.617,4.7105,1.089,0.014729,0.11812,0.67617,0.26638,1.8956,1.199,1.2815,0.94399,0.68025,31.422,50.724,45.612,1612,0.85353,36429,2.5798,1592,0.85834,35958,4.0354,1536.6,1.4127,32555,4.2042,1536.6,0.78143,35019,4.1163,-1.2382,-1.2935,0.0048101,-4.6772,-10.634,0.5592,-4.6772,-3.8718,-0.072098
0.10295,0.049382,0.076855,0.00021392,0.036139,0.049675,0.47873,27.895,5.9913,0.67514,1.2513,37.87,6.6435,1.0979,0.0077105,0.31557,0.93336,0.24867,1.1038,0.93037,0.55731,0.78975,0.68907,37.103,46.436,44.385,1626.3,0.84663,36784,2.9352,1632.3,0.80797,37086,3.6361,1598.3,0.97232,35624,3.8275,1598.3,0.73525,36622,3.8608,0.36747,0.82107,-0.038656,-1.7267,-3.153,0.12569,-1.7267,-0.43999,-0.11138
0.13594,0.060484,0.076288,0.010951,0.027492,0.053155,0.43799,24.174,6.3245,0.99743,0.84786,40.081,7.5578,1.2144,0.012529,0.13619,1.4328,0.22814,1.7729,1.6341,1.4275,0.87068,0.24274,31.823,43.297,53.805,1616.9,1.0012,35919,2.628,1632.5,0.9868,36325,3.474,1576.2,1.3147,33772,4.6537,1576.2,1.0611,34774,4.6719,0.96406,1.1325,-0.014372,-2.5141,-5.9753,0.31356,-2.5141,-3.1879,0.059888
0.092798,0.089552,0.054989,0.012505,0.027777,0.086358,0.47992,25.773,7.4533,1.477,1.7178,37.289,9.0363,1.0591,0.012447,0.19876,0.97248,0.25857,1.9881,1.2284,0.55043,0.92673,0.24925,37.344,41.52,48.598,1599.8,0.88015,36044,3.0078,1629.1,0.84221,36865,3.325,1564.4,1.0938,34383,4.2441,1564.4,0.78283,35648,4.2497,1.8286,2.2797,-0.037939,-2.2133,-4.6066,0.21362,-2.2133,-1.0971,-0.097315
0.07408,0.061416,0.14795,0.029717,0.044721,0.076457,0.55012,26.681,4.8357,1.4308,1.2391,37.535,7.3665,1.2838,0.0070129,0.30368,0.93212,0.16221,1.6652,0.86622,0.62898,0.86631,0.58914,32.764,41.075,45.276,1552.4,0.88781,34943,2.78,1630.5,0.76255,37243,3.2726,1581.6,1.1602,34496,3.9851,1581.6,0.76023,36136,3.9696,5.0357,6.5818,-0.12526,1.8863,-1.2786,0.2724,1.8863,3.414,-0.12757
0.093941,0.074501,0.10189,0.0080641,0.034219,0.071376,0.56304,25.783,7.1679,0.82318,1.7568,29.852,3.6044,1.03,0.0053902,0.39403,1.0603,0.44271,1.8906,0.6842,1.2573,0.73765,0.60242,33.803,49.824,48.824,1619.3,0.90939,36359,2.7394,1608.3,1.0365,35583,3.9866,1573.4,1.4875,33053,4.3611,1573.4,0.96046,35119,4.2982,-0.68058,-2.1354,0.12715,-2.8364,-9.0926,0.57814,-2.8364,-3.4114,0.051075
0.072696,0.08495,0.12168,0.026323,0.026635,0.069687,0.56371,24.971,7.7847,0.78149,0.53679,41.367,6.1417,1.3053,0.0030222,0.3737,0.89165,0.31253,1.4994,1.4046,0.77246,0.74883,0.53539,31.098,48.945,56.895,1632.4,0.81623,37052,2.5189,1645.4,0.79713,37430,3.7694,1565.4,1.1819,34057,4.8599,1565.4,0.78475,35663,4.8208,0.79552,1.0205,-0.019098,-4.1027,-8.0832,0.36565,-4.1027,-3.7496,-0.03148
0.12447,0.066275,0.098984,0.013891,0.026775,0.049412,0.29688,25.877,7.4542,1.8631,0.68301,42.728,3.5831,1.1675,0.013425,0.38889,1.0189,0.38183,1.5935,0.85683,0.56265,0.76646,0.5235,37.188,47.089,58.225,1594.5,0.93748,35683,3.0203,1621.8,0.96899,36163,3.7486,1598.1,1.2538,34481,4.8792,1598.1,0.93355,35781,4.8666,1.7156,1.344,0.031514,0.22907,-3.3684,0.31635,0.22907,0.27482,-0.0039278
0.10432,0.03925,0.11225,0.04887,0.026165,0.030382,0.26139,25.999,4.9715,1.2698,1.3302,25.739,8.38,1.2823,0.0074462,0.11965,1.4355,0.20505,1.1411,1.2258,1.9407,0.92807,0.21213,35.261,39.328,51.942,1608,0.90493,36123,2.8568,1634.9,0.87408,36860,3.1752,1602.1,1.2488,34589,4.426,1602.1,1.0197,35515,4.4541,1.6756,2.0413,-0.030848,-0.36311,-4.2466,0.34385,-0.36311,-1.6823,0.11481
0.078701,0.032109,0.10833,0.0094142,0.025396,0.057446,0.56279,22.653,7.7936,1.2782,0.52235,31.723,7.529,1.2416,0.013843,0.16527,0.67654,0.372,1.0091,1.9463,0.86852,0.59728,0.5729,32.719,41.704,46.429,1612.7,0.7138,37047,2.638,1623.9,0.68764,37419,3.3089,1553.1,0.92709,34800,4.0693,1553.1,0.71486,35672,4.1085,0.69491,1.004,-0.026156,-3.6974,-6.0645,0.21329,-3.6974,-3.7094,0.0010654
0.063209,0.075605,0.1456,0.05494,0.041886,0.08936,0.31383,24.329,7.5658,0.64929,0.93899,35.75,5.8884,1.138,0.012943,0.38712,0.51586,0.33611,1.5229,0.90689,0.62502,0.78816,0.39903,30.544,43.004,51.593,1619.7,0.81668,36763,2.5016,1613.3,0.74604,36921,3.4323,1567.3,1.1634,34170,4.471,1567.3,0.79919,35645,4.4541,-0.39478,0.4307,-0.07064,-3.2381,-7.0523,0.34675,-3.2381,-3.0403,-0.017496
0.10772,0.066404,0.091581,0.039098,0.038584,0.068011,0.44779,22.628,4.8756,1.9478,1.1748,22.535,7.5211,1.1367,0.0035133,0.11472,0.90114,0.30363,1.9529,0.59358,1.3888,0.51773,0.39208,38.035,50.534,51.037,1530.5,1.0277,33894,3.229,1620.6,0.94987,36216,3.9787,1589,1.4002,33715,4.4483,1589,1.108,34866,4.4576,5.8899,6.8503,-0.077844,3.8261,-0.52922,0.37246,3.8261,2.8666,0.080274
0.13269,0.070336,0.077101,0.01068,0.038886,0.082802,0.58202,28.863,7.79,1.315,0.80302,26.222,8.8082,1.049,0.0037035,0.1761,1.4684,0.29013,1.0048,1.117,0.53718,0.53829,0.46747,35.154,38.351,50.03,1588.8,0.93375,35572,2.8902,1627.5,1.0707,35865,3.1708,1561.3,1.1476,34102,4.3716,1561.3,0.94397,34916,4.4106,2.436,0.8225,0.13695,-1.7292,-4.1322,0.21385,-1.7292,-1.8458,0.010225
0.10214,0.039246,0.14758,0.014925,0.027205,0.076965,0.45248,26.318,7.7006,0.67275,0.71046,30.8,7.3682,1.0147,0.0065581,0.32744,0.97487,0.27208,1.3489,0.55056,0.58527,0.71832,0.47962,31.579,50.316,50.864,1637.7,0.8306,37109,2.5454,1628.8,0.84296,36856,3.9123,1600,1.1269,35031,4.3171,1600,0.87546,36067,4.3386,-0.53973,-0.68294,0.012357,-2.2986,-5.6005,0.29631,-2.2986,-2.808,0.044853
0.12386,0.053649,0.14883,0.018955,0.02531,0.038602,0.417,27.896,6.225,1.3307,1.4999,23.137,7.2024,1.1052,0.0082578,0.27267,0.94404,0.18066,1.7015,1.8725,1.3261,0.55026,0.36151,38.977,46.657,52.694,1615.5,1.0054,35870,3.118,1621.3,1.0083,35986,3.7316,1569.4,1.6094,32514,4.695,1569.4,1.2712,33793,4.6869,0.3582,0.32473,0.0028777,-2.8547,-9.3549,0.60397,-2.8547,-5.7886,0.26581
0.099016,0.042767,0.09208,0.035685,0.035448,0.068719,0.58079,23.964,6.9272,0.66773,0.67363,43.535,3.6113,1.1327,0.0053544,0.22548,0.77981,0.26792,1.8254,0.86662,0.75636,0.92112,0.3035,35.881,39.813,56.273,1622,0.81565,36819,2.8545,1628.1,0.79237,37057,3.2011,1582,1.1227,34654,4.7441,1582,0.88588,35618,4.764,0.37362,0.64681,-0.023282,-2.4661,-5.8805,0.30702,-2.4661,-3.2612,0.07023
0.089724,0.068028,0.070502,0.035904,0.042288,0.083494,0.25919,22.755,5.2688,1.3325,0.55704,24.114,4.2216,1.0652,0.012318,0.23296,1.0773,0.38358,1.1667,0.87473,0.70242,0.67109,0.23711,36.518,43.998,47.585,1562.8,0.90172,35122,3.0264,1584.5,1.0384,35048,3.6418,1547.9,1.2204,33528,4.2568,1547.9,0.91346,34739,4.2661,1.3871,-0.20853,0.13667,-0.95369,-4.5391,0.31871,-0.95369,-1.0889,0.011741
0.10298,0.067549,0.080322,0.056451,0.031668,0.089752,0.60951,25.566,7.4287,0.517,0.93158,32.375,8.7331,1.2795,0.0050752,0.38073,1.3931,0.27272,1.9953,0.93491,1.5683,0.83868,0.56331,35.333,50.044,47.979,1635.2,0.86872,36888,2.8065,1637.7,0.88448,36879,3.8852,1573.2,1.2843,33826,4.2364,1573.2,0.89067,35401,4.2176,0.15752,-0.026094,0.015757,-3.7876,-8.3011,0.41555,-3.7876,-4.0331,0.021945
0.06658,0.043459,0.088638,0.0055299,0.04255,0.062344,0.38991,28.765,7.3153,0.94869,1.5535,28.713,8.184,1.3323,0.014389,0.12059,1.1041,0.36335,1.1065,1.0894,0.63171,0.89677,0.65057,32.501,48.077,55.086,1608.9,0.70679,36990,2.6282,1616.7,0.69396,37225,3.7486,1579,0.86443,35639,4.5802,1579,0.60534,36737,4.5924,0.48481,0.63594,-0.012827,-1.86,-3.6508,0.15764,-1.86,-0.68471,-0.10145
0.075267,0.077224,0.14889,0.022075,0.026884,0.089832,0.61814,26.427,6.9821,0.61451,1.2654,26.118,3.2889,1.1748,0.0078616,0.11145,0.86862,0.35474,1.7678,0.96894,0.58041,0.77189,0.29109,36.145,46.956,54.051,1634.4,0.88108,36819,2.8645,1594.6,1.0297,35306,3.8208,1538.1,1.5284,32162,4.8628,1538.1,1.0226,34085,4.7914,-2.4394,-4.1089,0.14864,-5.8924,-12.648,0.64728,-5.8924,-7.4262,0.14149
0.095616,0.053223,0.10498,0.043973,0.025614,0.052029,0.55551,25.812,6.2642,1.0506,0.58265,24.515,6.9568,1.0456,0.0093005,0.36415,0.71402,0.25339,1.1519,0.85772,1.6173,0.66653,0.21985,39.49,47.19,44.454,1619,0.83609,36664,3.1062,1617.4,0.85196,36559,3.7326,1589.3,1.2374,34356,3.9309,1589.3,1.0091,35273,3.9684,-0.10126,-0.28591,0.01587,-1.8387,-6.2952,0.40128,-1.8387,-3.7934,0.17302
0.1283,0.058943,0.14028,0.036427,0.040083,0.0744,0.37086,27.023,5.2368,0.57241,1.3986,43.783,4.3776,1.0284,0.012686,0.34526,1.4904,0.31194,1.1257,0.83709,1.186,0.76165,0.65133,33.414,46.145,48.009,1619.8,1.058,35749,2.7427,1617.6,1.0379,35781,3.7135,1583.1,1.3508,33779,4.233,1583.1,0.93044,35457,4.2061,-0.14139,0.091534,-0.02013,-2.2711,-5.5095,0.29278,-2.2711,-0.81493,-0.12754
0.079605,0.076395,0.12069,0.01278,0.028999,0.035772,0.48117,23.805,6.8416,1.2339,0.84224,31.736,7.6966,1.241,0.011383,0.33316,1.3217,0.17605,1.0845,1.5816,1.9221,0.55612,0.25484,36.456,45.22,57.959,1608.5,0.87022,36279,2.9294,1631.1,0.865,36812,3.5735,1590.7,1.311,34096,4.9041,1590.7,1.0404,35176,4.9103,1.407,1.4686,-0.0052145,-1.1066,-6.0183,0.44082,-1.1066,-3.0422,0.17023
0.12506,0.07012,0.087255,0.03182,0.026419,0.08905,0.36041,28.219,5.1083,0.52012,1.4379,32.052,4.1234,1.1196,0.013469,0.33969,1.4535,0.2355,1.7691,0.68507,1.2731,0.70743,0.6035,35.663,49.339,53.93,1633,1.0148,36219,2.8635,1604.8,1.1241,35146,3.9881,1572.8,1.4736,33093,4.7277,1572.8,1.0472,34755,4.6859,-1.7282,-2.963,0.10934,-3.6837,-8.631,0.45882,-3.6837,-4.0447,0.032426
0.13023,0.061696,0.069088,0.052545,0.040809,0.053942,0.56752,24.231,5.1954,1.5478,1.579,32.025,8.128,1.3141,0.0050004,0.18386,0.95848,0.15272,1.4845,0.66026,1.4606,0.52809,0.4288,34.193,43.094,57.615,1553.5,1.0436,34341,2.9122,1635.2,0.9214,36665,3.4375,1602,1.2402,34620,4.8198,1602,1.0236,35496,4.8457,5.2641,6.7667,-0.12217,3.1252,0.81254,0.19663,3.1252,3.3638,-0.019951
0.093609,0.068271,0.075828,0.049046,0.035341,0.079981,0.33669,25.887,6.6838,1.6812,0.58196,30.728,8.8584,1.317,0.0041084,0.12027,0.93439,0.16788,1.9316,0.97437,1.8526,0.8625,0.52175,39.408,42.369,51.494,1571.7,0.83725,35586,3.1945,1637.2,0.81043,37187,3.3568,1575.7,1.259,33977,4.4719,1575.7,0.86803,35549,4.4467,4.1733,4.4998,-0.026826,0.25543,-4.5204,0.42171,0.25543,-0.1035,0.030775
0.13998,0.030252,0.11396,0.013854,0.030866,0.080687,0.28774,22.465,5.0366,0.50482,1.229,31.117,2.6926,1.2301,0.0054642,0.31307,1.0446,0.32506,1.3772,1.5117,1.3023,0.55002,0.48025,36.837,44.83,51.118,1619.2,1.0495,35769,2.9754,1606.8,1.046,35510,3.6504,1518.5,1.4404,32071,4.6748,1518.5,1.1614,33114,4.6892,-0.76427,-0.72439,-0.0034711,-6.2193,-10.339,0.39091,-6.2193,-7.4237,0.11191
0.06606,0.040296,0.074383,0.0589,0.027527,0.057164,0.35102,22.349,6.0445,0.65062,0.65152,32.621,6.2529,1.0408,0.011751,0.20023,0.69495,0.37711,1.6068,0.6094,0.69039,0.89181,0.38154,34.994,51.242,56.939,1625.2,0.71262,37339,2.768,1619,0.67011,37382,3.9462,1603,0.88689,36085,4.6454,1603,0.67903,36972,4.6733,-0.38175,0.11584,-0.042511,-1.3703,-3.3569,0.17427,-1.3703,-0.98133,-0.03359
0.11442,0.061236,0.078992,0.04665,0.025544,0.035488,0.48962,26.36,5.4818,0.92937,0.63069,28.294,3.454,1.2049,0.011806,0.31898,1.2487,0.33275,1.5692,0.68621,1.5722,0.93962,0.35243,32.875,39.851,47.904,1623.2,0.92525,36378,2.6737,1603.1,1.087,35262,3.3263,1588.2,1.4396,33547,4.2394,1588.2,1.0066,35261,4.2091,-1.2339,-3.068,0.16171,-2.1521,-7.7812,0.5144,-2.1521,-3.0713,0.081311
0.11922,0.049382,0.071181,0.03552,0.03154,0.06259,0.44238,25.796,5.2071,0.93616,0.75635,39.026,3.7947,1.0117,0.0069994,0.34889,0.81922,0.2579,1.2566,0.71485,1.3808,0.67933,0.51866,39.466,48.941,52.603,1608.5,0.92411,36054,3.1457,1623.4,0.89122,36526,3.8475,1590.2,1.1681,34650,4.479,1590.2,0.91434,35683,4.4978,0.9236,1.3104,-0.03289,-1.1409,-3.8938,0.24399,-1.1409,-1.0285,-0.0097725
0.13246,0.059209,0.12219,0.026589,0.033956,0.080604,0.59321,23.082,7.1304,0.50064,0.68735,41.152,3.9238,1.1045,0.01131,0.20303,0.84636,0.21135,1.3523,1.0114,1.5201,0.79246,0.49073,39.64,50.281,46.894,1630.3,0.99804,36230,3.1326,1616,0.98282,35975,3.9828,1565.5,1.4667,32966,4.236,1565.5,1.065,34522,4.2176,-0.87916,-0.70408,-0.015216,-3.9724,-9.0101,0.46868,-3.9724,-4.7141,0.066957
0.063615,0.064841,0.070497,0.011716,0.031389,0.065863,0.61676,27.4,6.9509,1.7144,1.0918,40.228,3.6722,1.1417,0.012518,0.18527,1.0681,0.30208,1.5453,1.4333,0.59373,0.75121,0.20363,38.925,46.482,48.752,1580.9,0.72611,36262,3.1164,1614.7,0.76005,36892,3.6655,1556,0.98698,34623,4.244,1556,0.74274,35622,4.2705,2.1436,1.7389,0.033934,-1.5726,-4.5197,0.26087,-1.5726,-1.764,0.016633
0.068887,0.048081,0.12464,0.025616,0.027633,0.067084,0.6562,27.911,7.411,0.51988,1.44,42.72,2.7025,1.3352,0.014005,0.31482,0.61598,0.17467,1.236,1.6564,1.0257,0.76552,0.44285,39.467,44.912,51.491,1644.8,0.7607,37577,3.0386,1613.8,0.71377,37072,3.5501,1542.4,1.129,33761,4.5242,1542.4,0.80839,35042,4.522,-1.8839,-1.3436,-0.046928,-6.2256,-10.153,0.36832,-6.2256,-6.7466,0.047687
0.061523,0.074197,0.07177,0.016338,0.035727,0.071549,0.73692,23.306,5.4011,1.0417,1.7154,33.153,8.1998,1.3481,0.014229,0.11634,0.83646,0.28496,1.5446,1.4437,1.8324,0.92842,0.47573,38.742,44.753,59.034,1588.4,0.83793,35962,3.1154,1621.3,0.7041,37285,3.5207,1557.9,1.0854,34272,5.0003,1557.9,0.69773,35854,4.9599,2.0711,3.6803,-0.13383,-1.921,-4.6983,0.24744,-1.921,-0.30038,-0.1402
0.099624,0.069242,0.092277,0.033065,0.035636,0.076774,0.42324,25.834,7.4995,1.5992,1.9094,30.642,5.4801,1.2607,0.0083617,0.10533,1.3837,0.18502,1.8454,0.9391,1.1588,0.86176,0.43013,36.415,40.829,48.267,1578,0.90124,35465,2.9901,1616.1,0.96324,36060,3.3356,1567,1.3508,33436,4.295,1567,0.94294,35046,4.2713,2.413,1.6776,0.062003,-0.7001,-5.7215,0.44959,-0.7001,-1.1804,0.041702
0.12748,0.046867,0.14918,0.049374,0.02761,0.063173,0.30318,24.761,7.9354,1.783,1.2401,26.046,5.5959,1.0134,0.0034427,0.22223,1.1342,0.29776,1.4718,1.8246,0.7076,0.86096,0.55447,36.539,45.4,56.365,1593.6,0.97247,35520,2.9853,1618.6,1.0712,35666,3.6696,1534.4,1.4153,32500,5.0054,1534.4,1.005,34071,4.9627,1.5689,0.41378,0.098729,-3.7157,-8.5017,0.44282,-3.7157,-4.0786,0.032556
0.10849,0.051729,0.075912,0.0053504,0.039613,0.040066,0.64053,28.356,4.5265,0.56131,1.1893,42.285,8.5402,1.2702,0.0049794,0.13846,1.309,0.3434,1.0107,0.71553,0.53906,0.61222,0.60953,35.517,44.923,46.151,1622.1,0.90528,36437,2.8493,1645.7,0.83788,37260,3.5149,1618.2,0.93029,36245,3.8878,1618.2,0.75747,36982,3.9375,1.457,2.2565,-0.067394,-0.23995,-0.52963,0.02501,-0.23995,1.4947,-0.14781
0.11387,0.052016,0.057234,0.040599,0.035607,0.071373,0.38318,27.101,5.2073,0.90011,1.5437,38.28,2.8394,1.2913,0.0074848,0.32665,1.3556,0.32893,1.4059,0.66619,1.5101,0.77412,0.24539,34.932,38.159,49.475,1606.6,0.90625,36087,2.8371,1616,0.95334,36099,3.1523,1581.6,1.1723,34447,4.2844,1581.6,0.94297,35374,4.3153,0.58326,0.034221,0.047093,-1.5578,-4.544,0.26606,-1.5578,-1.9772,0.036722
0.060126,0.048791,0.065559,0.0030469,0.034221,0.087755,0.66993,23.083,5.503,0.50935,0.96773,35.967,5.8481,1.34,0.005881,0.3107,0.87756,0.43671,1.0741,1.6516,0.58318,0.63335,0.69958,31.552,45.058,52.976,1618.4,0.72826,37113,2.554,1629.3,0.6578,37673,3.5112,1524.6,0.81148,34623,4.5749,1524.6,0.60713,35462,4.6095,0.67181,1.5065,-0.070458,-5.7972,-6.7091,0.083224,-5.7972,-4.4492,-0.12112
0.11432,0.041316,0.062412,0.055021,0.039444,0.061256,0.66527,25.273,7.2309,1.3308,0.50268,25.199,5.8707,1.1035,0.0031964,0.251,1.1177,0.30035,1.0283,1.0607,0.51415,0.54936,0.41929,37.915,49.623,49.272,1580.4,0.82102,35851,3.0705,1616.1,0.92942,36201,3.9222,1565.4,1.0287,34666,4.2681,1565.4,0.87486,35290,4.3235,2.2588,0.97603,0.1084,-0.94371,-3.3061,0.20764,-0.94371,-1.5634,0.053839
0.11143,0.083748,0.098841,0.051889,0.036461,0.05468,0.27354,27.283,7.4793,0.92355,1.0539,32.471,4.1134,1.1617,0.0031257,0.25304,1.4451,0.29907,1.9377,1.334,1.6126,0.93943,0.34191,31.322,51.234,45.782,1619.3,0.94052,36227,2.5783,1621.8,1.1178,35544,4.0741,1562.2,1.6187,32333,4.2105,1562.2,1.076,34405,4.1513,0.14993,-1.8858,0.17732,-3.5255,-10.75,0.67817,-3.5255,-5.0291,0.13552
0.095053,0.060101,0.084579,0.006241,0.031577,0.031703,0.63465,25.981,7.1745,0.7343,0.638,30.625,4.1671,1.3002,0.012628,0.23774,0.85963,0.15647,1.0599,1.2111,1.8151,0.64556,0.37009,36.08,43.053,48.817,1632.2,0.81853,37038,2.8505,1610.2,0.88729,36246,3.4793,1584.4,1.2669,34134,4.2605,1584.4,0.96463,35346,4.2693,-1.3504,-2.1378,0.068755,-2.9331,-7.8425,0.44835,-2.9331,-4.5696,0.14609
0.12853,0.052305,0.078752,0.050621,0.034305,0.058368,0.31802,26.327,7.4692,1.4102,1.7339,39.71,2.9764,1.0907,0.007818,0.23345,0.64822,0.40472,1.3547,1.0309,0.90885,0.83508,0.26161,33.368,48.926,54.287,1595.4,0.93339,35722,2.7557,1618.2,0.93254,36235,3.8708,1576.5,1.2169,34159,4.6536,1576.5,0.96641,35162,4.6718,1.4273,1.4374,-0.00085414,-1.1891,-4.3754,0.28348,-1.1891,-1.5672,0.033016
0.13574,0.050014,0.10098,0.0075907,0.02638,0.042332,0.35861,27.471,4.9,1.7341,1.4781,32.385,5.8505,1.3091,0.0083424,0.11007,1.4253,0.22149,1.1285,0.71432,1.7354,0.58755,0.60966,35.153,44.498,55.02,1589.8,1.0291,35204,2.9089,1629.4,1.0289,36081,3.5727,1604.2,1.3378,34282,4.6657,1604.2,1.0075,35612,4.6553,2.4885,2.4901,-0.00013338,0.90497,-2.6197,0.30869,0.90497,1.1573,-0.021555
0.11592,0.082397,0.07482,0.040035,0.037502,0.074735,0.74238,26.666,7.8087,1.3121,1.4267,39.921,7.7441,1.2683,0.011951,0.29323,0.68139,0.41133,1.2719,0.53682,0.72757,0.74947,0.3463,35.037,39.049,59.083,1587.1,0.93877,35513,2.8864,1627.6,0.86914,36715,3.1697,1606.8,1.1029,35276,4.8579,1606.8,0.86021,36284,4.8718,2.5515,3.3857,-0.069637,1.2416,-0.66582,0.16417,1.2416,2.1712,-0.078558
0.10933,0.088303,0.080088,0.032097,0.026859,0.057519,0.62621,26.041,4.6136,0.78835,1.0147,40.721,6.7489,1.031,0.0088046,0.29354,0.58157,0.33822,1.8035,0.70501,1.4178,0.78083,0.37819,34.634,51.688,50.358,1617,1.0415,35754,2.8274,1634.9,0.87654,36849,3.9991,1607.5,1.3135,34447,4.3216,1607.5,0.9652,35860,4.3131,1.1088,3.0641,-0.16496,-0.58683,-3.654,0.27202,-0.58683,0.2964,-0.076302
0.10138,0.053893,0.06515,0.013873,0.030235,0.056385,0.45683,24.282,5.7669,0.99794,0.54986,41.058,6.3869,1.2702,0.0046761,0.39827,1.4685,0.39673,1.7218,0.73162,0.86179,0.67323,0.24152,35.758,41.458,58.38,1609,0.85917,36338,2.8789,1643.6,0.84251,37192,3.2917,1606.4,1.0439,35510,4.7894,1606.4,0.87435,36216,4.8304,2.1529,2.3515,-0.016659,-0.15957,-2.2785,0.18471,-0.15957,-0.33594,0.015179
0.13918,0.058409,0.098317,0.033249,0.033625,0.030063,0.28294,26.552,6.0871,0.57976,0.71355,28.615,6.0728,1.0863,0.0074082,0.13093,0.88511,0.2555,1.9886,1.1091,0.53961,0.86733,0.27594,36.382,40.806,49.574,1635.5,0.99972,36339,2.9041,1621.1,1.0408,35847,3.3432,1596.3,1.3949,33890,4.3225,1596.3,1.0957,35076,4.3317,-0.88474,-1.3552,0.041065,-2.399,-6.7394,0.39513,-2.399,-3.4771,0.095962
0.11523,0.04854,0.098995,0.0058584,0.036689,0.053759,0.59249,28.743,6.7758,1.1816,0.85526,32.783,2.6205,1.2594,0.0075058,0.32713,0.57235,0.18947,1.5452,0.715,0.53033,0.60949,0.43237,36.16,45.105,51.652,1600.4,0.86841,36106,2.9235,1606.6,0.92939,35990,3.6377,1576.1,1.2827,33895,4.4897,1576.1,1.027,34909,4.5099,0.38754,-0.32219,0.060977,-1.519,-6.1249,0.41425,-1.519,-3.3161,0.15856
0.066904,0.063446,0.088648,0.049408,0.035903,0.053277,0.33888,23.717,5.9936,0.52978,1.5446,22.584,7.7766,1.0449,0.013174,0.26907,1.2578,0.32272,1.6361,1.7938,1.15,0.50865,0.27953,39.785,39.827,48.037,1626.8,0.81515,36929,3.1062,1607.5,0.83238,36418,3.2529,1552.4,1.1434,33924,4.2526,1552.4,0.91467,34835,4.2859,-1.1848,-1.3832,0.01723,-4.5702,-8.1361,0.32824,-4.5702,-5.6702,0.099522
0.11379,0.060014,0.069983,0.037173,0.037233,0.03611,0.6255,24.93,7.494,0.71965,1.3932,41.479,6.3678,1.2417,0.013005,0.32305,1.0408,0.40982,1.8366,1.3436,0.61005,0.87292,0.25866,35.036,47.682,51.259,1625.6,0.89439,36564,2.8085,1628.1,0.86172,36758,3.7437,1598.3,1.1161,35037,4.3457,1598.3,0.88188,36001,4.3723,0.14962,0.53132,-0.03267,-1.6826,-4.1768,0.22167,-1.6826,-1.5394,-0.012509
0.10203,0.084836,0.088844,0.024803,0.04485,0.045624,0.61383,24.019,5.361,0.56982,1.9598,22.622,7.0526,1.1617,0.0058297,0.33326,1.4298,0.37619,1.5449,0.62192,0.83287,0.82099,0.6945,36.352,46.267,50.536,1612.7,1.0377,35675,2.9515,1616.4,1.0682,35631,3.7328,1593.5,1.3111,34156,4.3714,1593.5,0.8377,36078,4.3217,0.23109,-0.12264,0.030551,-1.1944,-4.2587,0.27343,-1.1944,1.1282,-0.19996
0.11115,0.071853,0.062302,0.001116,0.028818,0.038241,0.28786,28.852,7.4717,1.5821,0.95012,30.472,5.6003,1.1507,0.01323,0.15984,0.90857,0.30397,1.855,1.1229,1.2982,0.5682,0.43748,31.712,51.102,48.387,1606.7,0.86707,36253,2.6106,1614.9,0.94938,36092,4.031,1591.9,1.3106,34125,4.2236,1591.9,1.0235,35273,4.2381,0.51379,-0.44397,0.082314,-0.91805,-5.8693,0.44356,-0.91805,-2.7022,0.15642
0.12886,0.057751,0.12885,0.021069,0.039249,0.044429,0.46532,28.469,6.4853,1.9192,0.55054,22.131,9.5923,1.0198,0.01402,0.30314,0.87503,0.24789,1.7168,1.372,0.80738,0.54023,0.37087,31.513,40.571,59.5,1553.3,0.94636,34725,2.7025,1612.7,0.97912,35919,3.3289,1582.5,1.3946,33599,5.0699,1582.5,1.1347,34617,5.0784,3.8298,3.4357,0.032761,1.8851,-3.2442,0.44826,1.8851,-0.3118,0.18829
0.062004,0.046091,0.05203,0.048048,0.038246,0.043306,0.27731,25.384,7.351,0.7499,0.79225,35.6,3.9492,1.3235,0.008297,0.15402,0.51781,0.39984,1.8345,0.53086,0.71228,0.53522,0.61258,32.007,50.528,51.224,1624.8,0.65703,37573,2.5602,1619.1,0.6563,37443,3.8947,1601.3,0.89237,36026,4.263,1601.3,0.69778,36854,4.3013,-0.35397,-0.34538,-0.00073456,-1.4451,-4.1187,0.23534,-1.4451,-1.9149,0.040748
0.13475,0.070867,0.12483,0.031144,0.02536,0.032326,0.32459,24.168,6.6184,0.89977,1.728,24.142,7.8698,1.0508,0.0049905,0.2383,1.4925,0.23678,1.6682,0.88379,1.1005,0.76769,0.56524,35.024,40.341,55.377,1628.9,1.0956,35792,2.8447,1630,1.1578,35561,3.3223,1605,1.5359,33532,4.7572,1605,1.0778,35341,4.7021,0.070861,-0.64465,0.062173,-1.4639,-6.3137,0.44028,-1.4639,-1.2607,-0.017824
0.1337,0.073838,0.052449,0.053148,0.039347,0.062969,0.36205,23.422,7.1732,1.3876,0.6857,31.18,4.4953,1.0082,0.0075852,0.1129,1.3539,0.31756,1.0687,1.9451,1.3794,0.77076,0.39003,30.157,39.067,47.047,1579.1,0.9851,35144,2.5719,1608.8,1.1528,35118,3.2768,1526.9,1.308,32740,4.304,1526.9,0.96976,34043,4.3046,1.8825,-0.074909,0.16774,-3.3041,-6.8388,0.32288,-3.3041,-3.1319,-0.01534
0.065696,0.087834,0.14986,0.008081,0.041933,0.083097,0.73184,24.163,6.3145,1.1404,0.90028,30.73,5.9344,1.3425,0.0094188,0.34086,1.1911,0.22224,1.6491,1.4241,0.81645,0.92622,0.2799,31.645,39.914,59.502,1577.5,0.89181,35492,2.6592,1615.7,0.88432,36383,3.255,1534.1,1.3696,32663,5.2207,1534.1,0.89437,34504,5.1456,2.4205,2.5098,-0.0074868,-2.7541,-7.9711,0.47783,-2.7541,-2.783,0.0025611
0.10893,0.077358,0.1197,0.033886,0.030643,0.063687,0.50607,27.056,5.1468,1.2283,0.7059,34.799,9.8749,1.1549,0.0084143,0.29659,0.9077,0.41942,1.7847,1.6776,0.64045,0.81805,0.37607,36.753,39.767,50.397,1597.6,0.9869,35548,2.9958,1639,0.88382,36910,3.1988,1564.1,1.2546,33745,4.4249,1564.1,0.93054,35032,4.424,2.5942,3.8304,-0.10308,-2.0951,-5.0746,0.26772,-2.0951,-1.4524,-0.05635
0.12146,0.089956,0.070476,0.041566,0.025621,0.063255,0.6028,26.212,7.5635,0.57828,1.4055,43.231,7.4001,1.0849,0.005484,0.12104,1.1148,0.2981,1.5069,0.60285,1.1419,0.6389,0.39594,35.039,49.053,45.432,1643,0.97877,36594,2.7967,1642.8,0.96257,36659,3.8299,1612.8,1.2241,34917,3.9376,1612.8,0.9629,35987,3.9635,-0.010363,0.17782,-0.016201,-1.8382,-4.5815,0.24536,-1.8382,-1.6573,-0.015866
0.13351,0.0828,0.063932,0.032419,0.043329,0.048609,0.67602,24.359,7.4124,0.74157,0.97079,28.507,4.6476,1.181,0.014839,0.17167,0.60068,0.15502,1.9765,1.9088,0.91211,0.83492,0.24752,37.402,43.152,52.769,1613.8,1.006,35830,3.0141,1596.3,1.0729,35169,3.5656,1541.3,1.5483,32155,4.7648,1541.3,1.1227,33761,4.7253,-1.0821,-1.8444,0.066819,-4.4933,-10.257,0.54225,-4.4933,-5.7739,0.1167
0.1057,0.045722,0.13784,0.058986,0.042917,0.060633,0.40874,24.83,7.7468,0.94205,0.55252,32.043,8.6939,1.3199,0.0093658,0.12154,0.52279,0.23291,1.3082,0.70332,0.57833,0.70343,0.3116,35.98,40.045,49.653,1604.6,0.84609,36295,2.8988,1628.2,0.79209,37062,3.2162,1599.4,1.1188,35051,4.2322,1599.4,0.92246,35857,4.2729,1.472,2.1134,-0.054001,-0.32421,-3.4281,0.27269,-0.32421,-1.2065,0.07637
0.12541,0.064118,0.055869,0.011048,0.026346,0.058789,0.41962,25.939,7.739,1.2749,1.1716,28.85,4.747,1.2609,0.012256,0.20774,1.2389,0.21036,1.3877,1.046,1.9298,0.90994,0.31126,31.634,46.996,59.012,1617.1,0.91013,36305,2.597,1610.2,1.0479,35577,3.7916,1571.5,1.3434,33561,5.0513,1571.5,0.98768,34965,5.0241,-0.42761,-2.0061,0.13773,-2.8198,-7.56,0.43329,-2.8198,-3.6912,0.077556
0.068808,0.062974,0.122,0.032316,0.037308,0.05709,0.55259,22.826,7.6634,1.3146,1.8505,37.26,2.6914,1.0319,0.0078147,0.18667,1.2685,0.27375,1.9677,1.1437,1.6033,0.55067,0.61005,33.539,46.4,52.836,1586.8,0.83454,35940,2.7619,1610.8,0.87735,36302,3.7017,1565.3,1.4466,33036,4.6618,1565.3,0.94726,34990,4.5969,1.5134,1.0083,0.042811,-1.3559,-8.0803,0.61203,-1.3559,-2.6417,0.11273
0.073453,0.062972,0.06104,0.0076268,0.029487,0.066814,0.56644,23.19,7.4683,1.5558,1.4463,27.307,9.198,1.2168,0.014617,0.2205,1.1039,0.34113,1.7781,1.8348,0.78085,0.83398,0.2749,39.281,44.529,55.611,1590,0.77187,36276,3.1335,1621.7,0.7498,37096,3.5171,1545.7,0.99014,34382,4.7606,1545.7,0.74289,35387,4.7773,1.9961,2.2596,-0.022072,-2.7822,-5.2216,0.21826,-2.7822,-2.4522,-0.028985
0.062877,0.07535,0.12031,0.010106,0.040199,0.052026,0.38675,28.203,6.5299,1.6531,0.85809,28.403,5.5598,1.2061,0.01309,0.29519,1.3296,0.31158,1.275,1.1027,1.0681,0.62439,0.24264,38.074,47.889,56.644,1567.3,0.78412,35707,3.0985,1607.8,0.87577,36242,3.8089,1574.9,1.2239,34099,4.8278,1574.9,0.92577,35295,4.8256,2.5891,1.4982,0.091651,0.48997,-4.5044,0.43976,0.48997,-1.1552,0.14165
0.063943,0.033703,0.09344,0.010979,0.040326,0.046472,0.6972,23.1,5.3379,1.3379,0.874,32.411,5.8487,1.2382,0.012124,0.26886,1.2414,0.38034,1.5537,1.0018,0.76871,0.69062,0.52914,33.527,38.27,59.007,1565.1,0.71991,35926,2.7751,1616.1,0.68888,37232,3.0972,1588.3,0.9218,35610,4.843,1588.3,0.69706,36556,4.8629,3.2587,3.6346,-0.031023,1.4815,-0.88111,0.2019,1.4815,1.7534,-0.022844
0.094947,0.07875,0.11999,0.011306,0.026651,0.052344,0.63735,26.131,5.0308,0.82233,1.1826,24.97,5.1886,1.2141,0.011102,0.34851,1.1471,0.30556,1.1658,0.76496,1.0517,0.50794,0.24043,30.464,41.177,55.275,1619.6,0.98319,36055,2.5279,1608.8,1.039,35582,3.3937,1583.2,1.3857,33648,4.7625,1583.2,1.1095,34733,4.771,-0.67006,-1.3107,0.05583,-2.2475,-6.676,0.40253,-2.2475,-3.6659,0.12628
0.078958,0.074975,0.13918,0.058154,0.039287,0.076736,0.32693,26.974,7.4475,0.73448,0.56938,32.369,6.5343,1.0315,0.010494,0.35801,1.2553,0.43984,1.7709,0.96222,0.97719,0.74846,0.3442,39.024,48.873,56.065,1622.2,0.82053,36802,3.0653,1616.5,0.9014,36329,3.8622,1573.1,1.3319,33638,4.831,1573.1,0.9583,35119,4.8029,-0.35154,-1.2861,0.080875,-3.0308,-8.5979,0.51136,-3.0308,-4.5734,0.13777
0.072122,0.046709,0.13625,0.024322,0.040622,0.046096,0.36262,28.893,6.3999,0.99599,1.4432,32.66,4.6548,1.3001,0.0046261,0.21285,0.74567,0.40452,1.9692,1.0562,0.85716,0.91792,0.28184,32.363,48.963,44.933,1607.3,0.79022,36594,2.6383,1624,0.75325,37133,3.8077,1582.4,1.241,34192,3.983,1582.4,0.91892,35490,3.9919,1.0354,1.4729,-0.03697,-1.5513,-6.5618,0.45079,-1.5513,-3.0169,0.1287
0.1246,0.077761,0.12967,0.011466,0.031948,0.04666,0.55598,28.65,5.5771,0.57722,0.66918,32.899,7.2874,1.0944,0.0034854,0.14197,0.89769,0.30829,1.1558,1.6426,1.0406,0.51025,0.40794,33.621,43.798,55.758,1634.3,1.0137,36252,2.7236,1636.9,0.99838,36375,3.5012,1575.8,1.3724,33541,4.8149,1575.8,1.0807,34685,4.8171,0.16186,0.34022,-0.015349,-3.5769,-7.4778,0.35867,-3.5769,-4.321,0.066935
0.079833,0.082363,0.12434,0.00037287,0.029202,0.034013,0.29281,22.255,7.5546,0.90807,0.54358,42.218,6.9806,1.2687,0.0063407,0.15938,1.146,0.38105,1.4859,0.77465,0.58823,0.60437,0.31901,33.287,40.367,51.641,1625.6,0.86461,36689,2.6852,1645.5,0.83527,37267,3.214,1620.5,1.1208,35505,4.3137,1620.5,0.87234,36543,4.3349,1.2281,1.575,-0.029344,-0.30949,-3.2278,0.2562,-0.30949,-0.39921,0.0077298
0.13768,0.054607,0.12511,0.05877,0.044862,0.049858,0.74164,28.526,6.9517,0.57523,0.9935,24.33,6.8513,1.023,0.009083,0.26799,1.1055,0.21948,1.8755,0.7547,1.0447,0.61853,0.33607,31.945,40.538,55.212,1626.8,0.98231,36218,2.6165,1607.4,1.0906,35340,3.3658,1585.6,1.5457,33090,4.807,1585.6,1.2512,34222,4.8098,-1.1939,-2.4253,0.10831,-2.5315,-8.6387,0.56342,-2.5315,-5.5108,0.26888
0.087662,0.069001,0.072626,0.049241,0.028564,0.068945,0.39307,22.053,7.7359,1.7941,0.75444,40.595,7.6321,1.3431,0.0030242,0.16612,0.6285,0.38868,1.7988,1.7204,0.64716,0.77652,0.42997,32.223,51.542,51.248,1583.4,0.82943,35884,2.6766,1647.2,0.74741,37690,3.9211,1554.1,1.0464,34343,4.4453,1554.1,0.78159,35418,4.462,4.0318,5.0333,-0.082024,-1.8485,-4.2925,0.21702,-1.8485,-1.2987,-0.047848
0.12671,0.049456,0.081696,0.043498,0.033595,0.056624,0.70252,23.781,5.7698,1.0607,0.93153,41.169,6.9589,1.2464,0.0055268,0.17615,0.7463,0.23218,1.0048,1.4606,0.83614,0.89933,0.67524,30.626,42.802,53.165,1596.5,0.96969,35596,2.573,1639.6,0.85598,37043,3.3922,1574.9,1.079,34672,4.5318,1574.9,0.80122,35810,4.5413,2.6966,4.0637,-0.11371,-1.3541,-2.5957,0.10935,-1.3541,0.59956,-0.16847
0.068022,0.078782,0.051513,0.033162,0.041101,0.080886,0.48624,25.495,7.0168,0.72633,0.53255,34.656,3.6346,1.1167,0.0098761,0.34689,1.4236,0.3146,1.5567,0.64985,1.0334,0.67187,0.68225,32.464,42.245,52.63,1614.8,0.75465,36916,2.6258,1606.6,0.89691,36126,3.4347,1575.4,1.0876,34649,4.4957,1575.4,0.73851,36085,4.4817,-0.50272,-2.1402,0.14225,-2.4357,-6.1404,0.33296,-2.4357,-2.2513,-0.016143
0.13284,0.07003,0.14203,0.037867,0.039761,0.043154,0.53806,23.087,7.7077,1.5318,0.72055,25.214,3.3095,1.2037,0.013112,0.20992,1.0328,0.33655,1.4923,1.0741,1.5705,0.74477,0.37226,39.521,44.254,51.008,1571.3,1.0261,34805,3.2489,1585.4,1.2836,34090,3.7249,1560.5,1.9042,31273,4.6969,1560.5,1.351,33296,4.6196,0.89786,-2.0534,0.25747,-0.68795,-10.149,0.87815,-0.68795,-4.3356,0.32495
0.11237,0.073666,0.052636,0.005939,0.035597,0.052861,0.44062,23.461,6.16,1.6233,1.1344,40.061,7.7325,1.2575,0.0075264,0.26162,1.2089,0.31936,1.4847,0.95689,0.62347,0.83531,0.44293,38.026,43.744,51.454,1569.2,0.95702,35039,3.132,1639.5,0.88782,36903,3.4633,1600.9,1.0579,35330,4.3334,1600.9,0.80411,36387,4.353,4.4767,5.3206,-0.069192,2.0171,0.8313,0.10087,2.0171,3.8495,-0.15291
0.11462,0.074909,0.12707,0.05428,0.034708,0.038274,0.37669,23.507,7.4724,0.68805,0.68626,44.374,7.8581,1.3239,0.0031591,0.38005,0.95387,0.34993,1.3668,1.8465,1.6113,0.51868,0.48256,30.946,42.624,55.665,1629.3,0.96614,36342,2.5421,1653,0.88709,37211,3.3609,1589.2,1.3828,33787,4.7713,1589.2,1.0399,35146,4.7554,1.4526,2.3891,-0.079052,-2.46,-7.0318,0.41665,-2.46,-3.2907,0.073781
0.087191,0.033053,0.073332,0.052259,0.032533,0.077063,0.44887,23.527,5.0296,0.69015,1.4326,41.904,6.1842,1.3334,0.003458,0.22683,1.4845,0.40509,1.7794,0.71669,1.0057,0.57415,0.47539,35.413,40.126,45.371,1610.8,0.81037,36588,2.8417,1640.3,0.74649,37537,3.1868,1595,0.96776,35571,3.9018,1595,0.79232,36305,3.9523,1.831,2.5939,-0.063878,-0.98267,-2.7801,0.15739,-0.98267,-0.77379,-0.018049
0.075306,0.039843,0.077663,0.022558,0.037569,0.032922,0.55854,22.561,7.6845,1.55,0.86894,26.984,5.5255,1.1779,0.010311,0.16705,1.1285,0.15825,1.0672,1.7049,0.57602,0.85194,0.20321,33.649,46.472,47.465,1575.6,0.71889,36172,2.7647,1611,0.77177,36757,3.6766,1572.6,0.9367,35197,4.0939,1572.6,0.74217,36004,4.1371,2.2495,1.6189,0.052877,-0.19149,-2.6953,0.21781,-0.19149,-0.46308,0.02328
0.088178,0.050256,0.067823,0.058361,0.040866,0.034339,0.3211,28.09,4.596,1.5418,1.315,28.378,7.2109,1.0297,0.0077605,0.25978,1.012,0.37718,1.0953,1.1788,0.62172,0.63375,0.67193,34.85,39.998,55.397,1565.2,0.82473,35490,2.8888,1621.5,0.80567,36849,3.2298,1594.7,0.93756,35688,4.5815,1594.7,0.72127,36600,4.6085,3.598,3.8287,-0.019064,1.8876,0.55794,0.11283,1.8876,3.1271,-0.10347
0.080499,0.045377,0.10791,0.025277,0.025821,0.052665,0.34437,28.323,6.4481,0.92568,0.71249,29.101,6.8651,1.0091,0.0046198,0.13838,0.61586,0.41558,1.5227,0.53435,0.60858,0.58806,0.36497,34.501,42.93,49.792,1630.4,0.75434,37276,2.7353,1629.1,0.75542,37241,3.3966,1607.9,1.0138,35668,4.1864,1607.9,0.82327,36467,4.228,-0.079127,-0.091721,0.0010779,-1.3793,-4.3135,0.25945,-1.3793,-2.1703,0.068937
0.089307,0.044219,0.10351,0.040087,0.035973,0.075668,0.42775,24.17,7.2699,0.60709,0.54936,26.227,5.9014,1.0791,0.014935,0.10847,0.51826,0.42736,1.5299,0.93091,0.57927,0.82649,0.67261,32.999,42.711,52.581,1627.1,0.77869,37094,2.6462,1597.9,0.80217,36328,3.4604,1566.2,1.0819,34470,4.5166,1566.2,0.75609,35801,4.5106,-1.7955,-2.0645,0.023481,-3.7404,-7.0731,0.30317,-3.7404,-3.4858,-0.022597
0.10133,0.067774,0.11989,0.013706,0.036082,0.045994,0.60928,22.397,6.2115,0.95629,1.6143,41.181,9.6347,1.1228,0.010906,0.10459,0.56734,0.34772,1.2883,0.58615,0.75223,0.90322,0.53689,34.802,50.061,56.644,1601.1,0.99548,35593,2.8571,1636.3,0.79971,37212,3.8649,1622.4,1.1074,35602,4.6461,1622.4,0.78761,36949,4.6358,2.1951,4.5498,-0.19577,1.3289,0.025201,0.1119,1.3289,3.8103,-0.20787
0.10461,0.059702,0.14635,0.0071709,0.030709,0.087688,0.35065,22.267,5.9206,1.5569,1.2434,26.56,8.1506,1.2923,0.01094,0.36675,0.7986,0.16104,1.1475,1.5081,1.8323,0.69032,0.68852,30.601,39.585,46.135,1576.8,1.006,35009,2.6105,1623,0.86402,36634,3.2133,1533.4,1.4605,32312,4.2665,1533.4,0.92023,34386,4.2054,2.9283,4.6406,-0.14198,-2.7537,-7.7048,0.4545,-2.7537,-1.7805,-0.085769
0.1133,0.087692,0.092871,0.034943,0.032784,0.066345,0.60083,22.316,6.8511,1.0745,1.3561,33.804,8.0903,1.1131,0.0088389,0.15047,0.84437,0.43635,1.3314,1.1946,0.60922,0.67971,0.27954,33.963,47.063,56.138,1600.9,1.0322,35436,2.8076,1629.2,0.93546,36469,3.7205,1577.6,1.1888,34293,4.7715,1577.6,0.92542,35355,4.7824,1.7657,2.9145,-0.09677,-1.458,-3.2242,0.15661,-1.458,-0.22925,-0.10681
0.098267,0.0509,0.089758,0.013389,0.025887,0.038438,0.67868,28.363,5.894,0.59161,1.98,26.613,7.2324,1.0983,0.0080074,0.37493,1.3849,0.22605,1.5953,1.911,1.3634,0.53178,0.45278,37.204,44.559,56.57,1640.7,0.86818,37016,2.9209,1626.8,0.89546,36585,3.5469,1572.5,1.2288,34027,4.8317,1572.5,0.96399,35084,4.8417,-0.85082,-1.1653,0.027285,-4.1561,-8.0736,0.36058,-4.1561,-5.218,0.095815
0.10851,0.03054,0.13664,0.017297,0.027644,0.038972,0.33888,26.682,7.4173,1.8143,1.0033,42.307,3.1873,1.1277,0.0090716,0.21955,0.64491,0.27913,1.4501,0.82032,1.1625,0.79072,0.51303,39.196,48.986,55.787,1595.8,0.84469,36101,3.1335,1625.8,0.81232,36918,3.822,1602,1.2665,34516,4.7012,1602,0.9459,35818,4.6926,1.8792,2.2646,-0.032368,0.39129,-4.3909,0.42181,0.39129,-0.78414,0.10121
0.13683,0.063662,0.075839,0.055321,0.041816,0.038442,0.3774,27.917,6.8984,1.0924,0.96483,41.815,8.9262,1.1355,0.010795,0.31289,0.89904,0.42286,1.4389,1.0586,1.5635,0.79833,0.4578,34.736,46.718,49.15,1600.9,0.96283,35723,2.846,1635.6,0.90996,36720,3.6758,1610.1,1.2242,34859,4.2022,1610.1,0.94714,35993,4.2182,2.1622,2.7918,-0.052874,0.57272,-2.4189,0.26132,0.57272,0.75622,-0.015698
0.083728,0.034527,0.073932,0.007193,0.042631,0.069658,0.4082,22.982,7.6141,0.50885,1.5803,31.013,3.721,1.0474,0.010434,0.12883,0.61139,0.36408,1.7032,1.6519,0.69641,0.76367,0.29203,33.361,40.696,45.71,1628.4,0.75061,37246,2.6624,1598.5,0.76644,36494,3.3137,1526.9,1.0313,33801,4.1198,1526.9,0.83006,34601,4.1645,-1.8382,-2.0198,0.015834,-6.2356,-9.2498,0.28074,-6.2356,-7.1017,0.079447
0.11364,0.036284,0.11567,0.046323,0.035339,0.084927,0.65269,22.068,7.7974,1.3548,1.3035,37.563,9.9532,1.1019,0.0078899,0.27207,1.2366,0.38619,1.4497,1.1566,1.1952,0.82845,0.23195,35.706,46.767,54.107,1582.5,0.89289,35599,2.9309,1636,0.83828,37039,3.6582,1569.7,1.1611,34231,4.6417,1569.7,0.98478,34936,4.6858,3.3868,4.0466,-0.05461,-0.80752,-3.8414,0.26819,-0.80752,-1.8609,0.091891
0.075805,0.045226,0.071639,0.051139,0.031137,0.074129,0.49519,26.536,5.5945,0.80549,0.68275,40.031,8.2412,1.1,0.0068872,0.23105,1.1499,0.21734,1.0281,1.3612,0.94648,0.60717,0.32345,31.716,38.925,45.897,1616.8,0.73833,37034,2.5694,1638.1,0.70571,37664,3.1026,1565.7,0.87618,35291,3.9842,1565.7,0.73101,35894,4.0438,1.314,1.7017,-0.032622,-3.1617,-4.7076,0.13785,-3.1617,-3.0787,-0.0073224
0.093082,0.040023,0.11345,0.038401,0.029022,0.031844,0.6411,25.766,6.6024,0.5248,1.2271,23.401,4.2684,1.0782,0.0087107,0.36388,1.0528,0.22302,1.3875,1.0597,0.77167,0.91789,0.2747,33.935,44.087,44.545,1641.1,0.82586,37207,2.6949,1599.8,0.94482,35773,3.5878,1576,1.2508,34017,3.9743,1576,0.94199,35253,3.9879,-2.5123,-3.853,0.11896,-3.9624,-8.5734,0.42497,-3.9624,-5.2521,0.11613
0.076014,0.079386,0.065421,0.03869,0.036822,0.052699,0.4244,26.921,4.5874,1.2799,0.69535,43.424,8.7247,1.2905,0.012419,0.15335,1.4864,0.24406,1.0147,1.5228,1.5674,0.94414,0.66154,38.333,41.234,44.288,1582.1,0.85829,35735,3.1045,1633.9,0.78928,37203,3.2831,1582.5,0.9979,35168,3.8663,1582.5,0.63278,36699,3.8624,3.2747,4.1095,-0.069009,0.025275,-1.5848,0.13961,0.025275,2.6992,-0.22551
0.09966,0.077711,0.098926,0.0042123,0.043795,0.048003,0.6724,27.167,5.794,1.1071,1.286,28.529,5.7841,1.258,0.0067266,0.22552,0.5363,0.22815,1.6799,1.2492,1.7292,0.6002,0.23075,35.762,41.529,56.377,1584.7,0.94198,35446,2.9416,1618.2,0.89321,36401,3.361,1571.7,1.4745,33067,4.9086,1571.7,1.1636,34266,4.9033,2.1145,2.6952,-0.04877,-0.81551,-6.7109,0.53249,-0.81551,-3.327,0.22163
0.088085,0.064605,0.083205,0.0067393,0.044243,0.05472,0.49593,25.168,5.9115,0.58165,0.82611,36.254,5.9736,1.3382,0.013157,0.30894,1.026,0.33646,1.8766,0.65832,1.9325,0.64671,0.39188,31.115,38.559,56.359,1618.2,0.85176,36577,2.549,1618.6,0.81251,36754,3.1409,1599.6,1.2667,34463,4.7485,1599.6,0.96032,35704,4.744,0.022823,0.48174,-0.03925,-1.1484,-5.7818,0.41494,-1.1484,-2.3889,0.10856
0.13094,0.078961,0.13736,0.040926,0.038113,0.059771,0.59618,26.713,7.9154,0.75567,0.6377,23.886,3.2335,1.2115,0.0071974,0.13621,1.2908,0.37139,1.9015,1.9193,0.66974,0.59309,0.55369,33.752,44.477,53.302,1623.9,0.99451,36104,2.7458,1589,1.4137,33662,3.7683,1509.4,1.9394,30131,5.0469,1509.4,1.3651,32155,4.9524,-2.1541,-6.7632,0.41923,-7.0507,-16.542,0.94485,-7.0507,-10.936,0.37062
0.11395,0.062799,0.12829,0.032355,0.043923,0.034269,0.45039,24.015,6.9706,0.73017,0.72598,36.07,3.1105,1.2059,0.0046529,0.31594,1.1916,0.43223,1.588,1.7118,0.58967,0.91589,0.36433,37.453,47.744,56.659,1615.4,0.94609,36117,3.001,1619.2,1.028,35858,3.8159,1570.3,1.3577,33479,4.8914,1570.3,0.95875,35055,4.853,0.2296,-0.71765,0.081865,-2.7973,-7.3032,0.41162,-2.7973,-2.9402,0.012668
0.13027,0.036388,0.081876,0.034034,0.035785,0.071963,0.68292,22.099,7.906,1.1018,0.91144,22.629,7.6917,1.1627,0.0042585,0.30759,1.3791,0.37178,1.298,0.99303,0.77383,0.85064,0.65916,39.176,46.794,58.848,1597.8,0.90045,35913,3.1414,1622.8,0.97318,36167,3.7276,1568.8,1.1305,34333,4.9691,1568.8,0.86863,35391,4.9766,1.5625,0.70776,0.072734,-1.8162,-4.3994,0.23009,-1.8162,-1.4519,-0.031821
0.093931,0.0693,0.075206,0.027759,0.036125,0.051801,0.6854,25.141,7.4884,1.4652,1.6422,36.193,2.9998,1.2476,0.013055,0.14632,1.0738,0.39602,1.5865,0.63445,0.82923,0.8133,0.27842,39.105,51.142,44.809,1581.9,0.86101,35718,3.1587,1604.7,0.93206,35934,4.0544,1589.4,1.2044,34489,3.9459,1589.4,0.881,35805,3.9544,1.4408,0.6055,0.071053,0.47695,-3.4399,0.34337,0.47695,0.24325,0.019993
0.09186,0.057741,0.12862,0.029472,0.036882,0.036828,0.61709,26.701,7.3173,1.9156,0.87629,22.496,5.1899,1.1394,0.0056209,0.25734,1.4642,0.42866,1.4173,0.82061,0.79491,0.55413,0.66738,31.158,49.615,55.741,1558.9,0.84049,35284,2.6466,1607.6,1.043,35540,3.976,1583.1,1.3149,33919,4.7711,1583.1,0.92385,35486,4.7375,3.1233,0.7258,0.20247,1.5545,-3.8661,0.47445,1.5545,0.57368,0.083363
0.069818,0.051477,0.10963,0.018783,0.025938,0.072251,0.59919,23.524,5.9629,0.5682,0.99488,39.811,7.1169,1.1308,0.0049311,0.12066,1.126,0.24732,1.7199,1.8848,1.5467,0.80821,0.5287,30.587,48.924,44.512,1628.9,0.79335,37072,2.4859,1640.4,0.73053,37608,3.7605,1539.5,1.1782,33508,4.0443,1539.5,0.80055,35009,4.0368,0.70258,1.445,-0.062826,-5.4865,-9.6128,0.38484,-5.4865,-5.5658,0.0071919
0.11193,0.088774,0.13895,0.044482,0.026587,0.068789,0.6023,23.64,7.1164,1.2955,1.6048,32.317,7.7194,1.131,0.013591,0.1888,0.83472,0.23992,1.3747,1.8524,1.672,0.64663,0.51286,30.097,41.047,55.095,1605.5,1.0629,35411,2.5402,1621.5,0.96828,36159,3.3404,1541,1.5585,32112,4.942,1541,1.0758,33939,4.8764,0.99963,2.1134,-0.094648,-4.0135,-9.3153,0.49557,-4.0135,-4.1562,0.012863
0.087267,0.051243,0.13302,0.038568,0.038859,0.04836,0.30339,23.479,4.5027,1.6278,1.5919,32.241,4.7003,1.2571,0.01406,0.20876,0.78812,0.41925,1.1568,0.79067,1.0737,0.53343,0.52666,36.548,46.353,50.452,1552.8,0.96069,34658,3.0615,1608,0.8267,36453,3.6909,1590.2,1.1819,34597,4.3327,1590.2,0.88078,35824,4.3388,3.5517,5.1791,-0.13399,2.4082,-0.17793,0.22118,2.4082,3.3641,-0.07991
0.068553,0.066587,0.13773,0.017238,0.036803,0.037386,0.36967,22.93,7.8905,1.7512,0.67634,32.272,5.9411,1.3449,0.0066565,0.15628,1.3033,0.38271,1.6017,1.2824,1.1343,0.64665,0.27769,37.135,47.377,54.595,1571,0.79163,35760,3.0283,1629.6,0.8283,36936,3.7106,1589.8,1.28,34198,4.6581,1589.8,0.97581,35420,4.6572,3.7295,3.2864,0.036672,1.1959,-4.3676,0.48836,1.1959,-0.95085,0.18418
0.11434,0.047159,0.08811,0.030152,0.031778,0.035355,0.61382,28.016,5.9441,1.6864,1.9103,23.327,9.7329,1.0416,0.010337,0.21218,0.56923,0.25329,1.2277,1.8692,1.9049,0.6445,0.50481,37.948,43.891,44.116,1581.3,0.91074,35500,3.0917,1624.2,0.83736,36774,3.4924,1582.4,1.2202,34274,3.9192,1582.4,0.93521,35422,3.9404,2.7081,3.5896,-0.07338,0.064444,-3.4536,0.30943,0.064444,-0.21985,0.024473
0.13026,0.072391,0.062588,0.016939,0.043189,0.034826,0.50594,24.167,4.7586,1.408,1.8847,24.745,4.6757,1.3222,0.010696,0.15264,0.82611,0.36192,1.8277,1.0052,0.86911,0.82492,0.33486,30.776,39.699,55.986,1558,1.1001,34217,2.6731,1601.9,1.0874,35234,3.3184,1578.2,1.4813,33178,4.8627,1578.2,1.0708,34779,4.8221,2.8188,2.9703,-0.012743,1.2973,-3.0377,0.3812,1.2973,1.6411,-0.029311
0.082843,0.085289,0.12469,0.013475,0.027639,0.038534,0.66629,26.586,6.7372,0.82877,0.8222,28.967,5.7275,1.2819,0.010978,0.34263,0.55221,0.43914,1.3916,0.55678,1.9313,0.85123,0.20969,39.786,44.427,44.361,1630.2,0.88352,36713,3.1158,1620.7,0.86378,36583,3.5428,1606.1,1.4359,33938,3.9408,1606.1,1.0335,35545,3.9278,-0.58511,-0.35635,-0.019736,-1.4821,-7.5604,0.55243,-1.4821,-3.183,0.15
0.090729,0.043918,0.068497,0.03931,0.027985,0.032378,0.30007,22.674,5.7555,1.0271,1.8015,22.561,9.213,1.1553,0.012136,0.35092,0.90086,0.34061,1.9598,1.3107,1.4138,0.6043,0.30635,34.411,42.179,59.164,1612.1,0.84666,36462,2.7797,1625.2,0.76421,37112,3.3573,1598.9,1.1152,35054,4.8918,1598.9,0.92247,35845,4.9243,0.80905,1.784,-0.082447,-0.81945,-3.8615,0.26852,-0.81945,-1.6909,0.075814
0.061969,0.062664,0.064588,0.0090693,0.027858,0.057663,0.65087,23.706,5.9776,0.53462,1.306,22.198,5.1287,1.2918,0.0038489,0.22395,1.1332,0.27854,1.628,1.6897,1.1202,0.89557,0.42219,30.308,44.489,54.344,1630.9,0.76439,37244,2.4589,1614.8,0.83713,36564,3.5527,1537,1.1648,33504,4.7588,1537,0.73347,35225,4.7122,-0.98768,-1.8251,0.072744,-5.7613,-10.041,0.40037,-5.7613,-5.4198,-0.030921
0.11165,0.087314,0.1445,0.016777,0.031301,0.033199,0.25674,27.485,7.7445,0.54767,1.5759,35.131,9.8732,1.2411,0.0077577,0.13409,1.479,0.41434,1.0843,0.58632,1.3824,0.82777,0.36214,30.932,51.737,48.325,1648.2,1.0107,36574,2.5204,1644.4,0.99788,36545,4.0156,1627.7,1.3216,34848,4.1298,1627.7,0.96602,36307,4.1229,-0.23033,-0.08147,-0.012862,-1.2437,-4.7189,0.31084,-1.2437,-0.73007,-0.044721
0.060843,0.043189,0.063346,0.0077689,0.035713,0.041488,0.40675,23.022,7.6636,0.54334,1.7621,37.891,7.767,1.3354,0.006246,0.2709,1.0512,0.40514,1.5074,1.4506,0.79888,0.91241,0.27988,35.41,38.032,55.778,1636,0.68612,37703,2.7716,1642.5,0.63667,38074,3.0197,1593.2,0.82626,36119,4.5736,1593.2,0.64428,36897,4.6117,0.4008,0.98496,-0.049447,-2.6172,-4.2001,0.14014,-2.6172,-2.1381,-0.041834
0.065722,0.050621,0.082756,0.025462,0.037655,0.037961,0.69998,25.898,7.1099,0.59565,1.4629,35.583,3.8119,1.0848,0.012979,0.24535,0.89021,0.24489,1.453,1.9778,0.94053,0.85708,0.20238,32.707,46.195,56.216,1631.4,0.72788,37414,2.6098,1608.1,0.74172,36820,3.6563,1561.7,1.0371,34548,4.7713,1561.7,0.78165,35590,4.7843,-1.4277,-1.5872,0.013834,-4.2745,-7.6593,0.30922,-4.2745,-4.8746,0.053769
0.10846,0.061457,0.06095,0.053277,0.027494,0.0519,0.58693,27.155,6.0276,1.0571,1.63,25.545,4.6958,1.0621,0.0060371,0.10766,0.74664,0.22236,1.2219,1.5162,1.0649,0.8068,0.51927,36.593,42.916,57.698,1616.4,0.89392,36357,2.9295,1608.5,0.98724,35790,3.4999,1552.5,1.2546,33494,4.9849,1552.5,0.8894,34939,4.956,-0.48752,-1.5606,0.093317,-3.9511,-7.8751,0.36072,-3.9511,-3.9005,-0.004526
0.12359,0.049129,0.072694,0.056582,0.026132,0.071357,0.59185,24.708,4.9872,0.57263,1.149,24.778,2.7858,1.0414,0.0052335,0.26127,0.6222,0.31789,1.1684,0.72308,0.62389,0.58209,0.52758,38.507,43.816,55.814,1624.4,0.97529,36194,3.0622,1590.9,1.1267,34832,3.6384,1554.4,1.3623,33123,4.8818,1554.4,1.0785,34222,4.8867,-2.0619,-3.7635,0.15145,-4.3117,-8.4861,0.38706,-4.3117,-5.4485,0.10318
0.078011,0.059988,0.068821,0.028755,0.03671,0.071617,0.5393,23.388,7.1634,0.52939,1.582,43.652,5.0175,1.139,0.0075894,0.33422,0.63936,0.3329,1.9623,0.53368,1.1884,0.81639,0.57534,36.616,41.138,53.222,1628.8,0.79657,37055,2.8874,1630,0.71862,37423,3.2669,1603,1.0659,35344,4.452,1603,0.74918,36671,4.4481,0.077229,0.9936,-0.07795,-1.5835,-4.6167,0.26936,-1.5835,-1.0369,-0.047388
0.070309,0.052548,0.066543,0.015657,0.026829,0.079759,0.50726,25.838,6.5047,1.8868,1.2559,24.166,3.992,1.0365,0.0079721,0.12112,1.3752,0.20914,1.2142,1.4773,0.66494,0.94728,0.39638,36.597,44.094,52.062,1581.2,0.73741,36222,2.9597,1594.4,0.93179,35706,3.5969,1517.8,1.0907,33370,4.6261,1517.8,0.71257,34871,4.6025,0.83346,-1.4266,0.19439,-4.0106,-7.874,0.35325,-4.0106,-3.7312,-0.024836
0.12658,0.08882,0.093542,0.035563,0.041831,0.087887,0.73428,22.934,6.0132,0.59955,1.6514,27.478,8.9886,1.3218,0.005615,0.19004,0.82358,0.16146,1.4798,0.69817,0.59722,0.63974,0.48722,31.039,48.216,52.1,1608.6,1.1212,35242,2.6112,1628.6,0.97282,36299,3.8099,1582.1,1.2917,33989,4.5074,1582.1,0.9918,35185,4.512,1.2441,2.9984,-0.14842,-1.6454,-3.556,0.17045,-1.6454,-0.16137,-0.12943
0.067493,0.036749,0.14474,0.046426,0.031995,0.058384,0.57428,27.765,7.7618,1.6709,0.76005,43.719,5.8611,1.0714,0.010856,0.26102,1.1979,0.38804,1.0305,1.0846,0.62856,0.56942,0.30655,32.03,43.805,55.379,1586.7,0.70716,36478,2.6332,1629.1,0.71226,37429,3.4433,1589.7,0.92052,35647,4.5888,1589.7,0.7654,36298,4.6373,2.6702,2.6089,0.0050988,0.18682,-2.277,0.21336,0.18682,-0.49366,0.058241
0.10014,0.07393,0.063559,0.029678,0.029415,0.057144,0.63754,26.375,4.692,0.77732,0.91868,39.697,4.0747,1.1675,0.0072506,0.31005,1.287,0.41842,1.0454,1.8712,1.0362,0.51224,0.24433,30.705,47.123,53.102,1615.6,0.9386,36152,2.542,1627.2,0.93202,36440,3.728,1549.5,1.1036,34017,4.61,1549.5,0.90769,34799,4.6485,0.72059,0.79754,-0.0065722,-4.088,-5.9043,0.16503,-4.088,-3.7428,-0.030909
0.065231,0.086148,0.086022,0.0079828,0.043935,0.058965,0.25888,24.114,6.6715,0.57223,0.81167,36.283,2.8949,1.0349,0.0051734,0.23778,1.4747,0.26303,1.0851,1.8587,0.82148,0.93317,0.23163,31.3,51.496,57.381,1622.8,0.81933,36821,2.5479,1613.2,0.95606,36025,4.0642,1533,1.1835,33346,4.9985,1533,0.73273,35138,4.9375,-0.59112,-2.1608,0.13674,-5.5312,-9.4365,0.36416,-5.5312,-4.5704,-0.086592
0.066343,0.030295,0.086283,0.014303,0.0423,0.0372,0.73418,22.182,5.1257,1.9038,1.0857,24.693,5.7386,1.1101,0.013878,0.24121,1.4788,0.20725,1.6373,0.60914,1.55,0.82536,0.27512,35.373,44.527,50.281,1519.8,0.73434,34829,2.9918,1598.7,0.75206,36559,3.5682,1592.2,1.057,35143,4.2752,1592.2,0.8469,36011,4.3107,5.1876,4.9697,0.017718,4.7638,0.90358,0.32263,4.7638,3.3955,0.11256
0.077237,0.065406,0.10527,0.014459,0.038281,0.042498,0.49637,27.163,6.3391,0.89166,0.82307,24.132,6.5002,1.2465,0.0099931,0.1703,0.86562,0.37706,1.261,0.67528,1.0571,0.82218,0.48105,30.195,44.966,53.157,1612.8,0.80552,36654,2.4867,1613.4,0.83695,36533,3.5879,1595,1.1648,34770,4.5029,1595,0.78937,36318,4.4795,0.036522,-0.32968,0.031433,-1.104,-5.1407,0.35927,-1.104,-0.91732,-0.016147
0.090678,0.069671,0.081775,0.0035593,0.034488,0.057166,0.58091,26.672,4.6183,0.54192,1.1701,39.629,7.1124,1.3397,0.0051383,0.26546,0.86509,0.44128,1.6783,1.0833,0.59588,0.53976,0.56454,32.679,47.505,49.042,1622.8,0.91424,36416,2.6589,1641.7,0.79061,37375,3.681,1591.5,1.0597,35116,4.1922,1591.5,0.821,36103,4.2198,1.1653,2.6334,-0.12362,-1.9309,-3.5712,0.14542,-1.9309,-0.86002,-0.093236
0.13517,0.087373,0.13923,0.00056796,0.02594,0.050907,0.70374,25.807,5.0944,0.83059,0.63271,35.072,6.6758,1.1008,0.0053062,0.25982,0.75417,0.32075,1.4816,1.1478,1.4349,0.5271,0.329,35.933,46.393,59.356,1619.7,1.1383,35416,2.9321,1636.8,1.0353,36219,3.6857,1590.4,1.6083,32955,5.114,1590.4,1.2748,34233,5.0959,1.0557,2.2663,-0.10302,-1.8092,-6.949,0.47,-1.8092,-3.3395,0.13649
0.10297,0.055004,0.091915,0.053883,0.044956,0.036691,0.56026,22.997,7.967,1.1973,1.2027,35.196,2.8369,1.3394,0.011091,0.19396,0.79561,0.34702,1.0385,1.9544,1.8692,0.78242,0.53073,38.95,40.065,49.677,1583.6,0.86589,35736,3.1459,1604.8,0.9032,36057,3.2921,1556.4,1.283,33470,4.4041,1556.4,0.89212,35017,4.3825,1.3389,0.89974,0.037306,-1.7118,-6.3395,0.41708,-1.7118,-2.0114,0.026222
0.07492,0.036609,0.12397,0.029867,0.03412,0.039598,0.48395,22.665,5.6682,1.0544,0.58521,27.017,7.5875,1.1806,0.01471,0.13103,1.2599,0.15965,1.6779,0.7177,1.9553,0.57835,0.42635,32.825,48.086,49.402,1598.1,0.77124,36464,2.681,1614.6,0.76205,36880,3.7737,1603.5,1.2909,34451,4.2582,1603.5,0.97282,35738,4.261,1.033,1.1416,-0.0091942,0.33803,-5.5218,0.51961,0.33803,-1.9901,0.20157
0.071196,0.041598,0.10093,0.0004034,0.025869,0.035855,0.37921,26.861,6.4099,1.3699,0.52668,38.431,7.2612,1.0093,0.0057923,0.31935,1.0159,0.24364,1.5608,1.2969,1.9464,0.79863,0.52172,35.635,39.183,50.164,1613.1,0.70726,37084,2.8305,1642.4,0.69893,37795,3.1095,1604,1.1366,35080,4.261,1604,0.79574,36495,4.2545,1.8181,1.9175,-0.0083301,-0.56265,-5.4042,0.42934,-0.56265,-1.5863,0.088475
0.097801,0.085049,0.078964,0.0032052,0.027282,0.085799,0.38673,25.62,5.1114,0.84334,0.57267,31.799,5.5317,1.3196,0.0094227,0.34125,1.1779,0.25098,1.878,1.7815,1.8503,0.84619,0.21715,32.819,47.103,59.04,1614.8,0.95434,36069,2.6896,1621.4,0.95526,36213,3.7464,1515.2,1.4426,31993,5.2795,1515.2,1.0379,33517,5.2325,0.40936,0.39864,0.00091923,-6.1712,-11.3,0.4883,-6.1712,-7.0754,0.083516
0.11315,0.059149,0.13485,0.048403,0.037024,0.042479,0.36518,27.241,7.6137,0.5099,0.64568,27.584,3.3395,1.2118,0.0053386,0.29463,1.4096,0.22823,1.0437,0.8107,1.849,0.71347,0.57204,36.63,50.118,59.413,1642.5,0.89393,36946,2.8853,1606,1.1498,35069,4.0466,1574.8,1.5844,32720,5.1599,1574.8,1.0686,34712,5.0722,-2.2242,-5.0798,0.25585,-4.1241,-11.44,0.6905,-4.1241,-6.0474,0.17466
0.070706,0.054541,0.13798,0.058879,0.041212,0.031511,0.46295,23.848,6.9331,0.6824,1.2363,27.481,4.7858,1.1266,0.0075635,0.10313,1.0463,0.32898,1.4058,0.81927,1.6495,0.90757,0.34422,32.638,50.322,57.399,1620.9,0.8169,36788,2.6399,1608.5,0.85446,36348,3.9656,1590.3,1.3588,33902,4.8828,1590.3,0.93821,35587,4.8355,-0.76157,-1.1953,0.037562,-1.8887,-7.8449,0.5419,-1.8887,-3.2648,0.12131
0.096635,0.057099,0.056463,0.01048,0.028422,0.06199,0.65142,26.441,6.1178,1.2579,0.58328,35.813,9.0494,1.2901,0.0092504,0.3785,1.3542,0.38201,1.7285,1.0792,0.85404,0.90635,0.35078,39.171,49.529,51.004,1603.6,0.8161,36398,3.1099,1639.8,0.8036,37275,3.8226,1591.9,1.0032,35355,4.3089,1591.9,0.77451,36308,4.3372,2.2606,2.41,-0.0125,-0.72868,-2.8656,0.18709,-0.72868,-0.24537,-0.04159
0.13317,0.059342,0.14576,0.026084,0.041749,0.043543,0.61147,24.198,4.5577,0.77354,0.75711,37.103,8.6135,1.2659,0.004129,0.37017,1.0404,0.15212,1.2942,1.0512,1.3801,0.84703,0.40516,32.517,47.339,50.401,1597.2,1.1151,35018,2.7312,1644,0.94619,36755,3.7082,1600.3,1.4534,33748,4.3892,1600.3,1.0932,35173,4.3774,2.928,4.9609,-0.16888,0.18877,-3.6271,0.33835,0.18877,0.44238,-0.021887
0.10465,0.079524,0.086823,0.049229,0.02931,0.087607,0.50958,26.511,6.6455,1.7141,1.1731,44.504,3.1408,1.2142,0.012445,0.26099,0.74339,0.16093,1.2189,1.1509,0.60907,0.51274,0.6736,36.006,43.592,56.17,1582.1,0.92926,35441,2.9603,1616.7,0.9004,36337,3.5051,1552.9,1.1894,33755,4.8498,1552.9,0.89898,34909,4.851,2.1836,2.5271,-0.028857,-1.8486,-4.7588,0.26016,-1.8486,-1.5023,-0.030281
0.11779,0.039318,0.11593,0.003432,0.035037,0.089251,0.55589,24.842,5.7199,0.74855,1.7624,32.091,4.7658,1.2159,0.0054445,0.17788,0.73702,0.21855,1.777,0.77193,1.4757,0.56342,0.41814,30.764,43.523,44.088,1610.5,0.96341,35934,2.5588,1617.9,0.88949,36411,3.4949,1568.1,1.4187,33201,4.0113,1568.1,1.128,34328,4.032,0.4613,1.3282,-0.073918,-2.6314,-7.605,0.45533,-2.6314,-4.4694,0.16463
0.10474,0.047037,0.072782,0.036738,0.044386,0.052664,0.44889,27.99,5.0613,0.50915,0.88041,42.906,8.8633,1.2841,0.0097208,0.13419,1.0419,0.31816,1.1826,0.88897,1.4163,0.50179,0.54214,37.882,40.498,46.764,1623.5,0.85388,36689,2.9941,1635.3,0.7852,37252,3.2306,1604.7,1.0135,35596,3.9872,1604.7,0.81977,36407,4.0309,0.72345,1.5338,-0.068679,-1.1614,-2.9782,0.15964,-1.1614,-0.76751,-0.03411
0.10938,0.06979,0.12372,0.02148,0.031465,0.088126,0.33286,25.486,4.6256,1.1852,0.89728,37.271,4.5512,1.1689,0.014971,0.24825,0.6297,0.23773,1.8126,0.62179,1.5316,0.72742,0.25145,31.414,45.365,52.517,1590.4,1.0248,35233,2.6482,1609.9,0.90719,36155,3.642,1584.9,1.518,33178,4.6054,1584.9,1.1891,34451,4.6005,1.2264,2.6182,-0.11764,-0.34604,-5.8317,0.49314,-0.34604,-2.2193,0.1643
0.10415,0.034892,0.052726,0.051145,0.039849,0.034524,0.7117,26.257,7.3595,0.82461,1.3387,28.829,9.7931,1.3184,0.010542,0.13863,0.78079,0.24815,1.5782,0.54562,1.0892,0.53493,0.46472,34,38.223,54.078,1616.6,0.77809,36856,2.7303,1631,0.74166,37344,3.0781,1617.2,0.9604,36096,4.4363,1617.2,0.82327,36676,4.4913,0.89272,1.3235,-0.036438,0.037255,-2.0646,0.18231,0.037255,-0.48904,0.045178
0.13005,0.033763,0.10121,0.0042809,0.036067,0.046264,0.55453,27.982,4.5269,1.4319,0.88732,40.934,3.8623,1.3406,0.0062138,0.31392,1.3494,0.36779,1.5326,1.2102,1.376,0.65215,0.49318,39.725,42.818,49.373,1576.1,0.94607,35238,3.2336,1630,0.93503,36490,3.4335,1584.1,1.2749,34098,4.303,1584.1,1.0107,35153,4.3233,3.421,3.5538,-0.011042,0.50978,-3.2352,0.32881,0.50978,-0.24161,0.064673
0.083338,0.050287,0.12824,0.04668,0.034872,0.038471,0.52581,26.531,4.9822,0.62241,0.75286,24.599,3.6465,1.155,0.012248,0.33822,1.1352,0.37531,1.1251,1.4797,0.57723,0.82404,0.23408,32.285,38.158,59.983,1622.8,0.83991,36733,2.6177,1590.7,0.9761,35440,3.2079,1556.6,1.2302,33678,5.1268,1556.6,0.89594,35005,5.1053,-1.9792,-3.5198,0.13619,-4.0786,-8.3175,0.39033,-4.0786,-4.7026,0.05603
0.12799,0.082862,0.090432,0.056331,0.039382,0.049834,0.53601,28.157,7.1958,1.1073,1.8435,36.387,7.5056,1.1284,0.011084,0.1631,0.7402,0.41956,1.456,1.1042,0.73984,0.60971,0.40933,35.126,48.902,52.128,1601.8,1.0107,35545,2.8814,1625.1,0.95467,36297,3.8591,1592.7,1.2571,34352,4.4681,1592.7,0.99041,35425,4.4836,1.4533,2.1144,-0.055986,-0.57127,-3.3583,0.2464,-0.57127,-0.33758,-0.020249
0.13349,0.039146,0.14314,0.039419,0.035216,0.047738,0.59949,25.096,7.5702,0.63543,0.92863,24.289,3.0498,1.2882,0.0083718,0.33095,0.64327,0.2162,1.5359,1.508,0.80116,0.86194,0.62718,38.971,46.731,52.954,1631.7,0.9549,36444,3.0749,1591.8,1.0894,35002,3.8289,1538.1,1.6383,31763,4.8199,1538.1,1.1338,33649,4.7523,-2.4479,-3.9564,0.13453,-5.7373,-12.844,0.68337,-5.7373,-7.6691,0.17889
0.066271,0.033512,0.055299,0.059186,0.037254,0.073916,0.28979,27.351,4.6764,1.3962,0.51671,26.719,7.4818,1.3056,0.011729,0.11048,1.1297,0.29292,1.3246,0.5613,0.60363,0.79687,0.421,32.751,47.629,46.964,1575.4,0.66949,36377,2.6937,1615.6,0.66454,37328,3.7132,1593.7,0.78724,36295,3.9604,1593.7,0.63795,36936,4.0165,2.5542,2.6138,-0.0049518,1.1612,-0.2235,0.11775,1.1612,1.5364,-0.031541
0.09777,0.039357,0.12503,0.0032515,0.034348,0.085014,0.25848,26.47,7.1528,0.70107,0.89744,33.031,7.5348,1.037,0.0090575,0.30917,1.0296,0.34997,1.1595,1.8675,1.6511,0.62275,0.61303,37.302,41.326,52.257,1627.2,0.81938,36919,2.941,1624.9,0.81086,36905,3.3127,1518.7,1.199,32974,4.6752,1518.7,0.85089,34331,4.6623,-0.13758,-0.038216,-0.0085218,-6.6684,-10.686,0.37961,-6.6684,-7.0107,0.031508
0.075906,0.067612,0.096908,0.029649,0.025279,0.044917,0.32736,25.725,4.8405,0.81844,0.81663,33.896,4.6366,1.2705,0.0065706,0.32315,1.2823,0.44383,1.9364,1.6553,0.57599,0.86667,0.35306,34.01,47.079,58.974,1622.3,0.85658,36651,2.7374,1629,0.85849,36793,3.7004,1570.7,1.1665,34233,4.9852,1570.7,0.80532,35698,4.9554,0.41059,0.38819,0.0019153,-3.1814,-6.5971,0.30992,-3.1814,-2.6008,-0.051261
0.063499,0.086739,0.13904,0.030935,0.040015,0.057839,0.65785,24.025,6.7001,1.0234,1.5158,28.086,6.1186,1.0531,0.007182,0.13151,0.90935,0.39473,1.1928,1.8102,0.96964,0.7379,0.68071,34.636,45.63,57.879,1594.6,0.89587,35861,2.836,1613.8,0.8787,36364,3.6432,1543.3,1.2753,33218,5.0352,1543.3,0.74445,35325,4.9437,1.2,1.4025,-0.017173,-3.2178,-7.3703,0.3794,-3.2178,-1.4927,-0.15143
0.078731,0.034846,0.11102,0.016396,0.044161,0.088519,0.31469,27.266,7.1131,1.8396,0.53947,38.072,7.5585,1.0289,0.013361,0.23068,0.90385,0.16068,1.7259,0.57513,1.2012,0.51302,0.39439,33.724,48.984,54.863,1543.3,0.71066,35464,2.8261,1617.7,0.70518,37198,3.8099,1595,1.1011,35026,4.6,1595,0.88959,35895,4.6301,4.8214,4.8888,-0.005482,3.3527,-1.2359,0.39039,3.3527,1.2158,0.17893
0.11494,0.041524,0.11191,0.021767,0.036816,0.086119,0.64585,28.813,5.9762,1.6799,0.54956,27.579,9.6771,1.2594,0.0056051,0.39494,1.3113,0.40138,1.3509,1.3967,1.5068,0.69851,0.55706,35.651,47.485,46.968,1562.3,0.85874,35287,2.9572,1634.6,0.87013,36870,3.718,1546.6,1.2214,33495,4.2163,1546.6,0.90874,34728,4.2248,4.6249,4.4862,0.011391,-1.0078,-5.0778,0.36264,-1.0078,-1.5823,0.049997
0.11992,0.048291,0.072775,0.0095168,0.030582,0.050756,0.68619,23.416,7.4282,1.6768,1.1366,25.165,6.5086,1.2226,0.0060515,0.25874,0.95855,0.27221,1.523,1.238,0.96675,0.82754,0.27865,35.728,51.117,54.552,1581.8,0.89544,35575,2.9342,1623.3,0.92457,36383,4.0038,1573.6,1.2126,34113,4.6794,1573.6,0.96683,35096,4.6989,2.6198,2.2727,0.029132,-0.52295,-4.1078,0.31717,-0.52295,-1.3449,0.071388
0.082254,0.078737,0.14264,0.049732,0.040968,0.046185,0.65175,25.573,5.706,0.90003,1.0608,35.648,5.764,1.1347,0.010221,0.36274,1.419,0.41227,1.2389,1.608,1.971,0.50924,0.46215,30.417,46.912,50.473,1599.7,0.93388,35815,2.5467,1620.9,0.93286,36294,3.7286,1571.4,1.4226,33256,4.4648,1571.4,1.0212,34828,4.4388,1.3242,1.3362,-0.0010172,-1.7674,-7.1456,0.48875,-1.7674,-2.7571,0.087269
0.076778,0.071463,0.092321,0.015068,0.033119,0.049845,0.7143,26.392,5.4121,1.6135,1.8941,34.738,6.0303,1.0735,0.0073416,0.30078,0.52714,0.41072,1.8063,0.92142,0.5857,0.63731,0.22845,38.389,44.202,52.642,1572.2,0.87816,35429,3.1327,1627.4,0.76812,37146,3.488,1594.5,1.1026,35008,4.4478,1594.5,0.87032,35964,4.4733,3.5094,4.8468,-0.11004,1.4175,-1.1889,0.22449,1.4175,1.5101,-0.0078396
0.12185,0.052595,0.13554,0.02595,0.036854,0.055493,0.2888,22.139,7.7894,0.63911,0.9019,42.834,8.4645,1.1389,0.0048473,0.24639,1.3594,0.17637,1.1228,1.063,0.69841,0.9337,0.25961,37.261,45.471,45.888,1627.7,0.95885,36338,2.9682,1645.2,0.92928,36853,3.5768,1596.9,1.1753,34768,3.9941,1596.9,0.95025,35685,4.0303,1.0697,1.4175,-0.029575,-1.8942,-4.3198,0.21646,-1.8942,-1.7962,-0.0085964
0.11957,0.048533,0.11693,0.018994,0.031636,0.078419,0.59648,22.051,7.6266,0.7136,0.58114,31.063,3.7345,1.054,0.0072946,0.36838,0.80461,0.29834,1.4537,1.1226,1.1942,0.80512,0.58315,34.113,51.893,47.227,1622.9,0.91147,36430,2.7548,1608.6,0.97473,35846,4.1085,1548.3,1.4126,32805,4.2904,1548.3,0.9897,34442,4.2641,-0.87788,-1.6038,0.063268,-4.5939,-9.9492,0.50116,-4.5939,-5.4569,0.07824
0.12871,0.081019,0.068313,0.049071,0.038066,0.04898,0.2806,23.341,4.9251,0.80735,1.125,44.707,4.5713,1.2106,0.0083353,0.345,0.92942,0.32597,1.6075,1.2547,0.50779,0.8521,0.2893,39.097,41.266,45.293,1602.7,1.1168,35131,3.1775,1631.3,0.96474,36393,3.3342,1585.8,1.2259,34325,3.9954,1585.8,0.92475,35541,4.0099,1.7855,3.5927,-0.15202,-1.0579,-2.2944,0.10914,-1.0579,1.1678,-0.19201
0.06991,0.07409,0.11015,2.034e-05,0.037755,0.047775,0.66373,26.834,7.1693,0.56099,0.81596,32.07,6.8474,1.3277,0.0077381,0.14593,0.55201,0.23708,1.807,0.63395,0.52438,0.88069,0.61758,35.926,48.062,52.329,1634.3,0.79035,37208,2.8306,1628.7,0.74817,37264,3.7353,1603.9,1.1104,35183,4.4026,1603.9,0.70677,36874,4.3714,-0.34059,0.15202,-0.042185,-1.8617,-5.4424,0.32003,-1.8617,-0.89755,-0.083579
0.080276,0.056302,0.12458,0.024637,0.044412,0.089463,0.58192,28.686,4.8938,0.74721,0.52471,44.155,5.0642,1.053,0.0073962,0.27692,1.1113,0.27799,1.8066,0.97447,0.55143,0.58141,0.47948,30.182,40.898,57.652,1601.6,0.81073,36377,2.5042,1624.7,0.79423,36973,3.2805,1565.7,1.1111,34342,4.8872,1565.7,0.84819,35405,4.8958,1.4437,1.6393,-0.016501,-2.2444,-5.5947,0.30038,-2.2444,-2.6706,0.037462
0.074851,0.082795,0.090011,0.050025,0.037904,0.064794,0.60601,28.656,6.1259,1.3925,1.5163,29.65,5.4035,1.289,0.0032016,0.22939,1.2911,0.27052,1.6051,1.2915,0.8532,0.91558,0.54983,32.416,45.829,44.598,1580.4,0.847,35744,2.6984,1624,0.90753,36471,3.6416,1556.2,1.2406,33628,4.0259,1556.2,0.74587,35613,3.9832,2.7562,2.0345,0.060528,-1.5346,-5.9199,0.39357,-1.5346,-0.36488,-0.10113
0.11487,0.067006,0.14186,0.010304,0.033942,0.053363,0.44261,24.508,5.4982,1.39,0.95341,26.67,8.255,1.0516,0.003067,0.36284,1.3334,0.34566,1.6274,1.6088,0.71824,0.79504,0.69172,36.469,47.974,48.683,1582.9,1.0307,35043,3.0137,1633.7,1.0175,36224,3.7944,1566.9,1.3679,33369,4.3305,1566.9,0.89979,35221,4.2865,3.2111,3.3685,-0.013154,-1.0078,-4.7776,0.33728,-1.0078,0.50757,-0.13088
0.13975,0.054851,0.14388,0.051127,0.034227,0.036291,0.43293,24.359,4.8412,0.6215,0.82504,23.377,9.0943,1.2541,0.0063156,0.26696,0.8761,0.33857,1.6902,0.67911,1.0733,0.5716,0.67465,33.754,39.976,57.805,1618.7,1.111,35506,2.7788,1633.7,0.98703,36352,3.2482,1609.5,1.503,33751,4.9048,1609.5,1.0714,35465,4.8536,0.92343,2.3819,-0.12397,-0.57237,-4.9429,0.39202,-0.57237,-0.11653,-0.039581
0.061766,0.050181,0.067209,0.011799,0.025061,0.066767,0.39484,22.841,5.884,1.2265,0.5718,25.691,3.8495,1.0274,0.014247,0.23663,0.8744,0.17549,1.2475,1.1468,1.0048,0.63331,0.25213,34.743,43.43,48.351,1605.1,0.7182,36853,2.787,1589.7,0.81297,36095,3.5302,1549.2,1.0591,34186,4.2571,1549.2,0.81973,35150,4.2861,-0.96485,-2.056,0.094768,-3.483,-7.2382,0.34095,-3.483,-4.6216,0.10153
0.084516,0.084136,0.085912,0.0056986,0.026534,0.07069,0.62498,26.004,7.3955,1.45,0.77451,23.379,6.1571,1.1114,0.011879,0.37962,0.50431,0.21074,1.1095,0.67388,0.78452,0.66363,0.33797,34.62,47.439,49.214,1604.1,0.84261,36299,2.8068,1606.5,0.90423,36093,3.7896,1580.9,1.2038,34307,4.2779,1580.9,0.88639,35590,4.281,0.14826,-0.56787,0.061621,-1.4497,-5.4878,0.36116,-1.4497,-1.9511,0.043783
0.13253,0.082365,0.10851,0.024583,0.038579,0.078987,0.37747,26.695,4.7543,1.0209,0.6487,39.835,9.1572,1.3191,0.0058103,0.33265,1.1087,0.37055,1.851,1.9591,1.0117,0.73371,0.62426,33.203,38.94,49.492,1591.4,1.0965,34964,2.7852,1642.3,0.97313,36602,3.1586,1528.7,1.4117,32392,4.5133,1528.7,0.9923,33994,4.4826,3.1988,4.6841,-0.12341,-3.9412,-7.357,0.31515,-3.9412,-2.7751,-0.10424
0.097098,0.068188,0.054528,0.01944,0.036286,0.038164,0.36544,22.132,4.6132,0.50421,1.8548,22.232,6.4472,1.0396,0.0087003,0.1512,0.52264,0.43157,1.2079,1.6622,0.64723,0.55938,0.56586,34.814,51.899,53.736,1616.2,0.99552,35927,2.8314,1607.4,0.90689,36101,4.0912,1568.8,1.1198,34375,4.6038,1568.8,0.86302,35414,4.62,-0.54398,0.48502,-0.088627,-2.9345,-4.3206,0.12431,-2.9345,-1.428,-0.1325
0.13642,0.058577,0.095553,0.036744,0.029049,0.055301,0.70557,22.247,6.7193,0.87166,1.5425,39.647,3.4131,1.2916,0.010535,0.20139,1.1066,0.30371,1.6416,1.326,1.6876,0.93131,0.5056,31.394,47.448,57.735,1615.9,1.0486,35700,2.6097,1618.9,1.0271,35856,3.7961,1569.1,1.4806,32988,5.0177,1569.1,1.0416,34695,4.9624,0.18683,0.43632,-0.021482,-2.8955,-7.5957,0.43201,-2.8955,-2.8162,-0.007056
0.086682,0.06215,0.1202,0.043172,0.036244,0.079777,0.72442,23.576,5.9821,1.5068,1.008,37.068,9.8637,1.1386,0.011729,0.22461,1.4385,0.40216,1.5283,0.51189,1.3644,0.51623,0.6989,39.677,48.38,49.648,1563.9,0.89323,35180,3.2427,1629.1,0.83052,36915,3.7791,1610,1.187,35006,4.2254,1610,0.80967,36572,4.2085,4.1693,4.9331,-0.062709,2.9497,-0.49287,0.29378,2.9497,3.9572,-0.083558
0.094756,0.045133,0.050219,0.0015855,0.040103,0.050849,0.48066,26.589,6.6061,0.58087,0.65634,29.131,7.6939,1.0015,0.005862,0.22009,0.89546,0.32819,1.3238,0.60563,0.76567,0.52049,0.69296,34.951,49.804,52.448,1628.9,0.76537,37192,2.7701,1625.5,0.78559,37028,3.8693,1604.3,0.92091,35973,4.3476,1604.3,0.75293,36685,4.3936,-0.20573,-0.44124,0.020218,-1.5069,-3.2768,0.15554,-1.5069,-1.3635,-0.012443
0.1018,0.060229,0.14055,0.042482,0.04277,0.072043,0.68123,26.34,4.7755,1.4182,0.91273,40.51,2.8899,1.0785,0.0097832,0.2891,0.70094,0.32059,1.3388,0.62816,1.2342,0.90537,0.3926,30.256,51.388,58.642,1554.2,0.96452,34673,2.616,1610.2,0.89321,36223,4.0451,1583,1.3697,33705,4.9978,1583,0.9713,35289,4.9558,3.6071,4.4695,-0.071312,1.8564,-2.7907,0.40519,1.8564,1.7763,0.0067818
0.084886,0.084107,0.083097,0.0076583,0.037806,0.05362,0.62651,25.925,5.9229,1.7219,1.1231,23.738,3.4632,1.0583,0.014952,0.13933,0.54293,0.44189,1.9262,1.0495,1.1105,0.67026,0.25786,32.627,40.241,53.654,1557.3,0.89577,35020,2.7633,1575.7,1.0801,34685,3.41,1552.8,1.6176,32142,4.819,1552.8,1.1274,33996,4.7551,1.1817,-0.95831,0.1843,-0.28425,-8.2195,0.72185,-0.28425,-2.9258,0.23167
0.10556,0.085294,0.12675,0.058417,0.04161,0.044842,0.71257,24.079,6.5161,1.7536,0.61646,40.112,7.3842,1.0816,0.0048491,0.18853,0.78058,0.21189,1.9575,1.5655,1.4305,0.91732,0.354,32.626,42.98,45.761,1543.5,0.98146,34368,2.8059,1636.7,0.89964,36790,3.4213,1580.5,1.5257,33058,4.1322,1580.5,1.0678,34841,4.0994,6.0348,7.0476,-0.081823,2.3956,-3.8107,0.54422,2.3956,1.3763,0.086361
0.084291,0.050012,0.092087,0.048204,0.033324,0.061909,0.49551,26.312,5.7753,1.0494,1.9737,40.53,5.6546,1.1821,0.008818,0.33358,1.4731,0.39912,1.0739,1.3014,1.059,0.86404,0.48519,34.784,46.263,50.883,1604.1,0.83892,36315,2.8171,1629.9,0.80515,37043,3.6293,1574,0.9927,35001,4.3459,1574,0.72395,36114,4.3613,1.6038,2.0048,-0.033767,-1.8782,-3.6172,0.15378,-1.8782,-0.55124,-0.11497
0.092202,0.054195,0.062402,0.058885,0.042743,0.044337,0.4726,25.368,4.5226,0.76334,1.031,27.15,3.7561,1.1911,0.0045313,0.17849,0.85643,0.26181,1.8795,0.59042,0.91935,0.59869,0.6342,34.861,39.245,48.132,1600.3,0.87163,36090,2.8361,1605.6,0.91128,36042,3.2366,1581,1.2287,34210,4.2092,1581,0.91766,35463,4.2161,0.32997,-0.13203,0.039657,-1.2092,-5.2084,0.35706,-1.2092,-1.7371,0.046036
0.11593,0.06348,0.053645,0.040259,0.029743,0.08802,0.43449,23.231,7.9593,1.9359,0.52259,39.276,9.2114,1.1894,0.011725,0.2601,0.8228,0.32436,1.3867,1.0291,0.7612,0.71666,0.3556,31.498,50.495,57.425,1573.6,0.87459,35475,2.6522,1632.8,0.82722,37013,3.9102,1576.5,1.0256,34924,4.8066,1576.5,0.83874,35690,4.8429,3.7594,4.3339,-0.047369,0.18709,-1.5543,0.15097,0.18709,0.6065,-0.035851
0.082705,0.082822,0.10752,0.010144,0.036911,0.033366,0.46408,22.764,5.4288,0.91326,1.1269,44.394,6.2282,1.225,0.0031536,0.24217,0.50409,0.21887,1.5312,1.1544,1.1192,0.92065,0.40537,31.586,49.66,47.153,1601.3,0.96764,35710,2.6307,1646.5,0.77148,37569,3.8064,1607,1.2247,34789,4.0717,1607,0.82821,36424,4.0538,2.8281,5.2045,-0.19616,0.35832,-2.5788,0.25707,0.35832,1.9998,-0.13943
0.078995,0.074655,0.051707,0.010456,0.027805,0.056401,0.46589,23.553,6.8405,0.70071,0.56258,26.748,9.3979,1.2011,0.0089898,0.11719,1.0258,0.27092,1.0196,1.7853,1.1716,0.7901,0.27409,30.199,45.075,57.147,1630,0.80377,37050,2.4605,1632.1,0.78644,37174,3.5405,1561.8,0.97897,34784,4.8158,1561.8,0.72752,35818,4.8287,0.13188,0.33469,-0.017327,-4.1845,-6.1185,0.1752,-4.1845,-3.3267,-0.076247
0.13386,0.030047,0.12847,0.059868,0.02865,0.083056,0.64555,26.444,5.8444,0.52411,0.90166,37.616,6.1624,1.038,0.012748,0.353,1.3081,0.4336,1.7806,0.84169,1.1814,0.87062,0.30284,34.347,42.952,51.178,1631.3,0.94884,36459,2.764,1620.2,0.94049,36248,3.4647,1581.8,1.3519,33747,4.4629,1581.8,1.1214,34654,4.4924,-0.67517,-0.57881,-0.0083477,-3.034,-7.4381,0.40309,-3.034,-4.9518,0.17251
0.10015,0.034054,0.1438,0.0093476,0.032405,0.053748,0.26008,27.618,5.7838,1.2024,0.71633,40.654,6.605,1.048,0.0065396,0.35047,1.0911,0.26205,1.7377,1.3838,1.4751,0.54402,0.38831,34.789,38.318,49.72,1604.8,0.83548,36343,2.8157,1637.8,0.80341,37229,3.086,1582,1.3555,33739,4.3593,1582,1.0726,34855,4.3734,2.0564,2.439,-0.03207,-1.418,-7.1665,0.51999,-1.418,-4.0952,0.23709
0.1325,0.044041,0.072847,0.022659,0.027952,0.047837,0.32526,25.257,6.1052,0.53325,0.8237,26.136,7.2572,1.0439,0.013369,0.36619,1.2989,0.30524,1.7503,0.72105,0.65572,0.56061,0.50397,37.917,51.001,56.799,1637.5,0.93669,36649,2.9895,1614.7,0.99124,35911,4.0376,1600.3,1.193,34771,4.7512,1600.3,0.99639,35570,4.785,-1.3928,-2.0152,0.054547,-2.2691,-5.1245,0.25635,-2.2691,-2.944,0.059699
0.11762,0.076004,0.095384,0.019497,0.034785,0.063314,0.58581,27.067,5.9656,0.61238,1.151,26.084,8.3719,1.174,0.0031553,0.34225,0.79772,0.21595,1.9103,1.0915,1.2637,0.9207,0.50036,31.346,43.849,48.339,1626.7,0.98632,36199,2.577,1634.3,0.93853,36570,3.4946,1576.9,1.4345,33326,4.2997,1576.9,0.97529,35135,4.2598,0.46464,1.0235,-0.047782,-3.064,-7.9364,0.44818,-3.064,-2.9399,-0.011029
0.13417,0.060182,0.13634,0.027797,0.028271,0.07526,0.25697,27.467,4.984,1.4584,0.54546,41.133,9.7191,1.3052,0.012091,0.285,1.2737,0.21709,1.0143,0.52279,0.64645,0.76733,0.33492,34.358,45.733,45.753,1593.6,1.0298,35285,2.8473,1638.2,0.96201,36557,3.6185,1615.8,1.1758,35178,3.9382,1615.8,0.96359,36052,3.978,2.7951,3.6059,-0.067749,1.3939,-0.30169,0.14599,1.3939,2.1749,-0.066174
0.1239,0.036032,0.1451,0.02139,0.040884,0.071194,0.62284,26.31,7.6167,1.4785,1.0757,26.338,9.3596,1.0345,0.004959,0.30246,1.3746,0.18282,1.2979,1.3378,0.62446,0.69871,0.46788,32.385,45.635,56.701,1570.9,0.91833,35235,2.7272,1628.4,0.95009,36390,3.6302,1559.6,1.2081,33827,4.8738,1559.6,0.96184,34804,4.8904,3.6613,3.2794,0.031755,-0.72194,-3.9941,0.28973,-0.72194,-1.2225,0.043507
0.087556,0.032589,0.052127,0.032896,0.036605,0.084593,0.45176,26.903,7.6665,1.6624,0.98405,22.057,5.3266,1.2092,0.0039342,0.16685,1.0311,0.19487,1.2164,1.5174,1.3904,0.56093,0.30885,37.721,45.18,59.2,1572.8,0.70291,36175,3.0446,1606.9,0.81229,36491,3.6102,1513.4,1.0209,33543,5.1347,1513.4,0.8631,34163,5.182,2.1703,0.87188,0.10938,-3.7776,-7.2771,0.31798,-3.7776,-5.5617,0.16019
0.091353,0.032849,0.10689,0.0096549,0.040756,0.077923,0.39958,23.514,6.763,0.93732,1.7592,31.447,3.0699,1.0527,0.014225,0.38857,0.85658,0.20864,1.9694,0.50593,1.5997,0.51586,0.36925,38.018,50.7,47.64,1599.2,0.82717,36251,3.0428,1590.8,0.82885,36054,4.0279,1575.8,1.3523,33619,4.2264,1575.8,1.0921,34641,4.2509,-0.52528,-0.54473,0.001676,-1.4575,-7.2601,0.52514,-1.4575,-4.442,0.26489
0.11711,0.07258,0.14914,0.0083424,0.039703,0.063537,0.26742,23.869,5.9375,1.1138,1.7188,39.588,8.749,1.2754,0.0087555,0.16917,1.2385,0.37854,1.9915,0.80741,0.64993,0.58585,0.62401,35.666,45.664,48.264,1589.8,1.0948,34937,2.9591,1636.8,0.95398,36560,3.6148,1602.3,1.3817,34069,4.2097,1602.3,0.99103,35637,4.192,2.9518,4.6452,-0.14084,0.78461,-2.485,0.28689,0.78461,2.0028,-0.10379
0.073202,0.070957,0.10589,0.046171,0.03748,0.037828,0.26379,27.764,5.5635,0.62619,1.0104,23.592,3.2183,1.2636,0.0071118,0.31578,1.0766,0.44684,1.244,0.90543,1.0975,0.68613,0.56846,33.518,48.409,53.399,1627.9,0.82934,36895,2.6896,1594.3,1.0502,35217,3.9279,1566.3,1.4251,33138,4.6922,1566.3,0.90777,35174,4.6195,-2.066,-4.5477,0.22091,-3.7876,-10.181,0.59576,-3.7876,-4.6625,0.07843
0.1173,0.03897,0.058585,0.034564,0.037599,0.049121,0.4342,24.324,5.4595,1.0238,1.3517,40.375,7.3365,1.3113,0.013299,0.16704,0.54877,0.33911,1.0851,1.2642,1.8491,0.61066,0.41202,39.771,42.932,44.137,1595.7,0.90025,35866,3.1862,1628,0.76992,37153,3.4027,1590.8,1.0182,35270,3.8416,1590.8,0.85631,35939,3.8976,2.0275,3.59,-0.13033,-0.30622,-1.6623,0.11796,-0.30622,0.20514,-0.043939
0.12498,0.072945,0.083377,0.039803,0.039213,0.058152,0.72705,28.42,6.7944,1.4529,1.4044,37.001,8.3973,1.0003,0.0081344,0.10259,0.87849,0.26621,1.7628,1.4393,0.84797,0.69736,0.53562,36.98,51.129,49.141,1575.2,0.96501,35140,3.0491,1629.8,0.93364,36490,3.9915,1573.3,1.2627,33912,4.3122,1573.3,0.95624,35133,4.3192,3.4629,3.8405,-0.031367,-0.12144,-3.4958,0.29764,-0.12144,-0.019737,-0.0087657
0.10411,0.050678,0.12423,0.051173,0.034374,0.071189,0.3275,24.455,5.5204,0.51999,1.3378,26.121,5.4547,1.2816,0.0093717,0.35466,0.96608,0.26129,1.648,1.6728,0.87452,0.88297,0.22194,35.138,41.092,55.235,1624.5,0.94848,36310,2.8287,1611.6,0.91309,36170,3.3501,1528.5,1.3558,32597,4.9192,1528.5,1.0436,33789,4.9146,-0.7953,-0.38648,-0.035385,-5.9105,-10.227,0.40731,-5.9105,-6.9429,0.095156
0.13718,0.041912,0.073515,0.052827,0.043311,0.085117,0.70634,24.348,4.9103,0.84246,0.90452,30.421,3.1788,1.2756,0.010006,0.39085,1.3131,0.34461,1.8603,1.5166,1.6327,0.55576,0.42883,38.882,40.955,47.394,1586.7,1.005,35232,3.168,1595.9,1.0721,35162,3.4143,1510.2,1.4673,31798,4.429,1510.2,1.1951,32806,4.4516,0.578,-0.20016,0.067084,-4.8204,-9.7471,0.46232,-4.8204,-6.8875,0.19006
0.060779,0.082071,0.12215,0.039198,0.033808,0.046745,0.46332,26.832,6.8698,0.60955,0.68632,43.144,3.4228,1.1539,0.010288,0.1509,1.1639,0.3538,1.4025,1.9739,1.0884,0.87213,0.55868,32.003,48.695,49.825,1634.9,0.78671,37237,2.5693,1621.5,0.82665,36760,3.8167,1559.2,1.2296,33736,4.3895,1559.2,0.72573,35768,4.3302,-0.81949,-1.2809,0.039944,-4.6275,-9.4003,0.44294,-4.6275,-3.945,-0.060978
0.077056,0.083218,0.096361,0.030854,0.028964,0.073304,0.43196,26.995,6.0325,1.8987,1.8869,30.372,6.0907,1.3115,0.013855,0.12507,1.0207,0.31531,1.3572,0.77505,1.8706,0.56921,0.65449,39.17,42.16,44.077,1576.1,0.89074,35464,3.1819,1613.8,0.86088,36440,3.4044,1583.6,1.2936,34012,3.9348,1583.6,0.85861,35766,3.912,2.3936,2.7503,-0.029865,0.47443,-4.0954,0.40282,0.47443,0.85114,-0.032136
0.12407,0.078902,0.097743,0.00072751,0.043808,0.067447,0.62563,23.055,6.5286,1.126,0.83668,26.169,4.9895,1.2604,0.0038892,0.3792,0.65717,0.42554,1.4474,0.93515,1.0532,0.53454,0.55855,31.771,43.212,54.867,1578.3,1.0328,34934,2.6949,1613.5,1.0423,35674,3.5236,1563.1,1.4799,32864,4.8278,1563.1,1.1042,34312,4.8018,2.2306,2.1171,0.0095936,-0.96622,-5.9251,0.44717,-0.96622,-1.7816,0.071483
0.068228,0.070238,0.087284,0.059924,0.040016,0.080485,0.45288,27.229,5.3266,1.0344,1.1259,31.183,7.7475,1.1213,0.0070267,0.15116,0.86578,0.38551,1.3765,0.94984,0.60593,0.61294,0.23216,30.654,40.779,45.836,1591.4,0.80941,36151,2.5521,1624,0.75605,37122,3.2645,1573.6,0.98606,35019,3.9927,1573.6,0.78506,35848,4.0358,2.0479,2.6861,-0.053356,-1.1202,-3.1319,0.17665,-1.1202,-0.83875,-0.024344
0.086455,0.072224,0.13712,0.013552,0.043761,0.044956,0.34752,24.047,7.7421,1.7194,1.1881,37.301,3.476,1.0245,0.01038,0.30463,1.4172,0.20705,1.4533,0.69776,1.9604,0.75577,0.40965,32.777,45.21,47.444,1555.5,0.89158,34998,2.7762,1611,0.98255,35865,3.6496,1592.3,1.5232,33314,4.2215,1592.3,1.0541,35157,4.1814,3.5678,2.4788,0.09097,2.3672,-4.8094,0.6316,2.3672,0.45443,0.16253
0.064099,0.063536,0.14452,0.049965,0.044505,0.031697,0.6492,26.996,6.2823,1.4047,1.8621,32.252,2.9088,1.2344,0.01052,0.11431,1.3935,0.32784,1.71,1.541,0.75378,0.83868,0.53877,39.885,51.396,55.036,1567,0.84674,35442,3.2393,1599.8,0.91579,35893,4.079,1567.6,1.3409,33488,4.7768,1567.6,0.81716,35578,4.6973,2.0899,1.2724,0.069056,0.039208,-5.5128,0.49414,0.039208,0.38492,-0.029579
0.11915,0.054331,0.082594,0.03732,0.037206,0.063038,0.37767,24.402,7.9663,0.98676,0.84689,41.652,4.3454,1.2198,0.0049906,0.33086,1.3839,0.32037,1.4148,0.50488,1.4034,0.64266,0.48756,35.614,40.658,46.608,1610.8,0.88649,36264,2.8717,1631.5,0.94293,36489,3.2876,1603.5,1.2045,34794,4.0366,1603.5,0.94524,35852,4.0615,1.284,0.62135,0.056444,-0.45722,-4.055,0.31803,-0.45722,-1.135,0.058757
0.1149,0.072395,0.057183,0.023187,0.044694,0.04561,0.6357,26.274,7.6305,1.3692,1.4759,24.655,4.5589,1.281,0.0082211,0.34194,1.0345,0.20071,1.2681,1.3624,1.8952,0.63636,0.58284,35.325,39.001,51.731,1572.9,0.90249,35345,2.9244,1602.9,1.0676,35335,3.2635,1555.9,1.4212,32934,4.6005,1555.9,1.0251,34469,4.5734,1.9052,-0.028288,0.16513,-1.0828,-6.8238,0.5187,-1.0828,-2.4807,0.1226
0.075422,0.054551,0.13523,0.011083,0.039235,0.087198,0.40214,22.34,5.8884,1.2491,1.6571,22.098,9.9092,1.122,0.0088014,0.38679,1.0244,0.3337,1.4294,1.0079,0.8735,0.79779,0.64163,37.685,42.086,54.179,1574.3,0.89273,35415,3.0832,1621.8,0.78243,36957,3.3627,1565.5,1.1396,34226,4.6516,1565.5,0.74436,35834,4.6187,3.0203,4.3538,-0.1103,-0.55439,-3.3587,0.24686,-0.55439,1.1823,-0.14837
0.06917,0.05175,0.081518,0.048813,0.027428,0.069108,0.50144,23.389,7.3034,0.75985,0.78757,29.665,4.8362,1.316,0.0068279,0.24388,1.4475,0.3573,1.2186,0.68894,1.1828,0.8746,0.49788,37.952,42.036,49.963,1627.8,0.72998,37321,2.9631,1619.5,0.80628,36802,3.3702,1583.2,1.0261,35069,4.2676,1583.2,0.70609,36401,4.2677,-0.50871,-1.3921,0.0763,-2.7386,-6.0352,0.29613,-2.7386,-2.4662,-0.023893
0.060598,0.063412,0.12126,0.052939,0.038736,0.07391,0.56224,27.499,7.2395,1.1923,0.57705,23.691,9.4166,1.2525,0.0084174,0.13036,0.95136,0.39495,1.5587,0.88689,0.64307,0.54436,0.40289,31.008,43.367,45.941,1593.5,0.72342,36564,2.5562,1623.7,0.73438,37209,3.4315,1580.6,1.0465,34928,4.0005,1580.6,0.80146,35938,4.0302,1.8951,1.7645,0.010957,-0.81091,-4.472,0.32307,-0.81091,-1.7118,0.078039
0.10005,0.056199,0.12157,0.0058337,0.044637,0.038673,0.39617,23.72,4.8686,1.7461,1.0171,30.691,3.3053,1.2612,0.0033024,0.34237,1.3919,0.36613,1.4101,1.0511,1.5827,0.68753,0.56379,30.952,49.899,51.568,1534.2,0.96708,34218,2.7002,1614.2,1.0174,35792,3.9715,1575.2,1.4531,33221,4.543,1575.2,0.99342,35025,4.4953,5.2114,4.599,0.050342,2.6713,-2.9127,0.48598,2.6713,2.358,0.02634
0.11087,0.033093,0.13918,0.0059045,0.029644,0.036115,0.58463,25.481,5.7158,0.6949,0.52004,26.884,8.931,1.2705,0.014073,0.16266,1.494,0.34504,1.9912,1.4269,1.2944,0.52293,0.57436,39.072,39.054,51.521,1627.3,0.86946,36708,3.0702,1625.5,0.89275,36568,3.1797,1595.1,1.4027,33835,4.4664,1595.1,1.0263,35332,4.4469,-0.11066,-0.38116,0.02329,-1.9777,-7.827,0.53327,-1.9777,-3.7476,0.15687
0.075045,0.054847,0.12462,0.059809,0.041802,0.044899,0.64927,26.753,5.2239,1.5546,1.3817,37.175,3.65,1.2362,0.0053731,0.31585,0.97743,0.28072,1.934,1.436,0.91611,0.72228,0.34315,34.265,43.591,52.89,1555.1,0.84483,35181,2.8709,1621.8,0.80265,36869,3.4684,1568.7,1.2735,33771,4.5964,1568.7,0.94776,35066,4.5907,4.2831,4.7975,-0.042176,0.87384,-4.0072,0.4287,0.87384,-0.32716,0.10293
0.12469,0.088294,0.078217,0.0081185,0.026053,0.079579,0.60194,25.496,7.9496,1.0129,1.073,30.441,6.7179,1.3122,0.0090251,0.1307,1.4737,0.24563,1.2872,1.228,0.72193,0.89909,0.29588,30.933,41.511,49.256,1623.8,0.97955,36163,2.5524,1625.2,1.0788,35781,3.3921,1557.7,1.2954,33449,4.3744,1557.7,0.92331,34917,4.3598,0.088309,-1.0559,0.099272,-4.0732,-7.5062,0.31589,-4.0732,-3.4446,-0.056242
0.094871,0.085069,0.12132,0.019371,0.035599,0.08539,0.7312,28.189,7.1329,1.1115,1.498,38.1,2.9644,1.1132,0.013061,0.27866,1.4024,0.29097,1.0253,1.5648,0.89504,0.69547,0.55355,38.114,50.073,44.641,1600.7,0.93123,35850,3.0703,1603.7,1.0532,35412,4.0202,1520.1,1.3367,32487,4.1541,1520.1,0.89723,34178,4.1278,0.18623,-1.2212,0.122,-5.0384,-9.3786,0.40544,-5.0384,-4.6621,-0.034007
0.090432,0.075462,0.092922,0.0084972,0.037463,0.08057,0.52754,26.143,7.7651,0.69461,0.56173,34.546,8.1439,1.0903,0.01353,0.14882,0.66082,0.28549,1.0766,1.8333,0.99969,0.55818,0.34672,30.973,51.711,46.899,1625,0.82775,36834,2.5242,1619.1,0.80904,36781,4.0191,1527.4,1.1085,33512,4.2286,1527.4,0.87809,34419,4.2632,-0.36157,-0.14373,-0.018716,-6.0077,-9.0209,0.28071,-6.0077,-6.5575,0.050338
0.072406,0.05461,0.14493,0.03087,0.040267,0.076011,0.43448,23.978,5.4258,1.4134,0.76724,32.186,8.8557,1.1507,0.012274,0.16177,0.76392,0.33412,1.7687,1.2121,1.3777,0.64382,0.41081,38.167,42.102,56.974,1563.7,0.83845,35401,3.1248,1621.6,0.73603,37153,3.3524,1566.7,1.3071,33598,4.9069,1566.7,0.95938,34973,4.8863,3.7003,4.9486,-0.10243,0.19128,-5.0941,0.46867,0.19128,-1.2086,0.12093
0.12199,0.034493,0.073026,0.011537,0.025175,0.063142,0.67341,23.775,6.2049,0.85878,1.0371,27.363,9.8894,1.1852,0.0099208,0.18002,1.3041,0.39279,1.3084,1.851,1.0381,0.69442,0.69475,34.522,45.851,58.98,1621,0.89231,36469,2.7814,1632.8,0.8701,36829,3.6132,1553.4,1.0428,34343,4.9949,1553.4,0.81775,35253,5.0158,0.72584,0.98665,-0.022211,-4.1705,-5.8294,0.15045,-4.1705,-3.3343,-0.074555
0.12814,0.086521,0.13499,0.025337,0.039184,0.077447,0.59116,28.394,4.7255,0.53512,0.80129,41.312,6.2737,1.179,0.012795,0.21938,0.98184,0.26115,1.5883,0.91855,1.2655,0.63604,0.56154,35.781,42.727,55.021,1620.5,1.0973,35600,2.9115,1621.2,1.0119,35969,3.4661,1580.3,1.5349,33019,4.8056,1580.3,1.0835,34773,4.7528,0.04255,1.0356,-0.085358,-2.4798,-7.2513,0.43762,-2.4798,-2.3242,-0.013798
0.085786,0.031496,0.109,0.032149,0.041346,0.051111,0.61032,27.88,7.3683,1.7873,1.7946,31.457,4.2117,1.2741,0.01068,0.21687,0.52097,0.30212,1.5273,1.3235,1.4959,0.65176,0.61695,39.634,49.771,44.146,1553.8,0.77582,35435,3.2319,1607.7,0.73805,36826,3.896,1562.9,1.2008,33927,3.9645,1562.9,0.85136,35329,3.9664,3.4675,3.9254,-0.037765,0.5838,-4.2544,0.42502,0.5838,-0.29911,0.075546
0.085446,0.032671,0.05961,0.059088,0.026029,0.074501,0.58338,24.675,5.7564,0.6239,0.56345,41.943,6.3,1.2845,0.0031102,0.19647,1.4343,0.24444,1.7486,0.64371,1.6996,0.7506,0.66285,35.148,43.679,57.521,1627,0.73555,37280,2.78,1643.2,0.72815,37683,3.4096,1600.6,0.97939,35648,4.7246,1600.6,0.73284,36687,4.7384,0.99486,1.0824,-0.0074002,-1.622,-4.3778,0.24384,-1.622,-1.5908,-0.0027106
0.12341,0.081887,0.057165,0.053717,0.033687,0.06208,0.74306,25.685,7.9919,1.3399,0.66881,26.687,8.397,1.1587,0.0080951,0.13788,0.59089,0.39048,1.0866,1.2608,0.84847,0.59611,0.47774,34.356,46.233,56.467,1594.6,0.92852,35724,2.8238,1624.7,0.93313,36379,3.6742,1571.8,1.1587,34287,4.8015,1571.8,0.91157,35283,4.8177,1.8871,1.8326,0.0046046,-1.4298,-4.0217,0.23019,-1.4298,-1.2353,-0.016957
0.13296,0.086048,0.091648,0.058132,0.035066,0.06657,0.30935,23.012,7.6914,1.0261,0.70399,26.701,5.2536,1.1639,0.013764,0.2834,0.8579,0.32704,1.5199,0.7335,1.77,0.92095,0.46846,35.466,50.356,54.435,1608.6,1.0298,35615,2.8968,1601.5,1.131,35046,4.0689,1578.1,1.6094,32695,4.7959,1578.1,1.0583,34825,4.7096,-0.43991,-1.5974,0.10115,-1.895,-8.1998,0.57954,-1.895,-2.2181,0.028497
0.13187,0.04196,0.054273,0.037946,0.04005,0.042055,0.66011,24.07,6.2269,1.8476,1.0924,37.504,7.6811,1.1432,0.0056688,0.33898,0.72053,0.33295,1.9909,1.7138,0.54162,0.691,0.35359,32.256,42.245,48.238,1542.2,0.92902,34548,2.771,1637.8,0.83563,37090,3.3539,1580.5,1.0951,34731,4.1762,1580.5,0.94252,35350,4.2326,6.1955,7.3565,-0.093389,2.4819,0.5287,0.16605,2.4819,2.3213,0.013494
0.13576,0.07249,0.051217,0.047208,0.034482,0.067402,0.61192,28.317,7.276,1.254,1.9347,39.757,3.7727,1.1193,0.0030834,0.26524,1.0596,0.17115,1.2716,0.63948,1.1061,0.5163,0.30535,33.804,44.428,57.247,1599.5,0.96481,35684,2.785,1628.6,1.0324,36048,3.5707,1589.7,1.2369,34366,4.8301,1589.7,1.048,35123,4.8667,1.8145,1.0196,0.067597,-0.61781,-3.6936,0.27214,-0.61781,-1.571,0.083147
0.078849,0.030533,0.14207,0.053868,0.03529,0.042307,0.50692,25.629,4.9008,0.86132,0.86006,41.622,9.7121,1.1683,0.010875,0.14924,0.68365,0.1574,1.507,1.9052,1.3479,0.88129,0.59236,30.917,41.953,53.948,1606.8,0.79371,36568,2.5424,1637.8,0.67751,37784,3.2946,1582,1.1791,34429,4.6004,1582,0.79763,35987,4.5732,1.929,3.3244,-0.11619,-1.5445,-5.8488,0.38539,-1.5445,-1.5896,0.0039215
0.065669,0.061591,0.14381,0.036206,0.027226,0.089505,0.35527,26.663,7.2893,1.8551,0.52917,22.01,2.8997,1.2572,0.0099923,0.10856,0.93633,0.16964,1.8827,0.89587,0.82045,0.67878,0.5048,30.896,46.472,59.629,1587.3,0.75039,36307,2.5638,1577.5,1.0346,34909,3.8297,1527.2,1.6348,31550,5.3566,1527.2,1.0499,33736,5.2385,-0.61741,-3.8506,0.28419,-3.7858,-13.101,0.88444,-3.7858,-7.0806,0.29948
0.10042,0.031119,0.11596,0.036377,0.030409,0.03084,0.70763,25.207,6.7059,0.85193,1.0626,37.434,2.6925,1.0308,0.012361,0.31938,0.65725,0.42873,1.908,1.3973,0.6495,0.65926,0.54331,30.801,38.143,55.536,1623.5,0.82456,36814,2.5144,1609.7,0.80736,36575,3.1289,1584.1,1.1854,34449,4.7082,1584.1,0.91222,35556,4.7164,-0.84911,-0.64996,-0.017195,-2.4271,-6.424,0.36083,-2.4271,-3.4183,0.087659
0.13536,0.051372,0.07455,0.017083,0.035703,0.080198,0.25913,22.906,7.8562,0.87904,0.84044,40.006,7.1582,1.1669,0.013772,0.33146,1.4312,0.31066,1.2188,1.4655,1.2134,0.94421,0.5906,31.45,49.639,45.677,1615,0.94098,36128,2.594,1624,0.9599,36250,3.913,1551.5,1.157,33851,4.0903,1551.5,0.86136,35031,4.1059,0.5604,0.33971,0.018916,-3.9297,-6.302,0.21604,-3.9297,-3.0356,-0.079621
0.088686,0.040711,0.056286,0.0066339,0.030099,0.053767,0.52939,28.825,4.9984,1.9552,0.65805,41.482,9.9917,1.3332,0.0067797,0.29304,1.1948,0.31835,1.1907,0.62053,0.51625,0.62176,0.24589,37.423,45.09,48.909,1568.9,0.75606,35861,3.044,1649.9,0.71088,37914,3.4833,1620.9,0.80901,36822,4.0303,1620.9,0.71469,37230,4.1012,5.167,5.7246,-0.045177,3.3167,2.6795,0.052951,3.3167,3.818,-0.041366
0.13381,0.067749,0.13405,0.029725,0.029778,0.066026,0.46737,28.891,5.1465,1.1305,0.62906,24.761,5.4994,1.2241,0.0093034,0.27865,1.4272,0.27147,1.1411,1.5344,0.59848,0.75323,0.69091,31.129,44.761,52.584,1607.1,1.0314,35576,2.6024,1610.4,1.189,35007,3.6765,1540.8,1.4417,32537,4.7157,1540.8,0.98758,34282,4.6662,0.20796,-1.5993,0.1576,-4.127,-8.5445,0.41033,-4.127,-3.6391,-0.043793
0.094841,0.082493,0.14066,0.049659,0.039367,0.055273,0.44448,27.5,6.3419,1.8227,0.86502,34.222,9.0904,1.237,0.0094051,0.35845,1.2915,0.23787,1.1188,0.88658,0.95129,0.80529,0.58581,32.67,45.913,59.179,1555.3,0.93473,34818,2.778,1633.8,0.9109,36678,3.6262,1598.9,1.2451,34533,4.9404,1598.9,0.82307,36263,4.8886,5.0512,5.3427,-0.023835,2.8048,-0.81766,0.3104,2.8048,4.1502,-0.11167
0.11643,0.044086,0.10342,0.0045947,0.038003,0.082539,0.60674,23.14,5.4305,0.52069,0.73381,44.066,8.004,1.342,0.011002,0.32249,1.1015,0.44019,1.4923,0.96478,0.91023,0.52582,0.49379,31.313,40.929,51.388,1615.4,0.94548,36119,2.5848,1633,0.8329,36994,3.2755,1582.8,1.1147,34703,4.3967,1582.8,0.90467,35559,4.4315,1.0876,2.421,-0.11259,-2.0179,-3.9193,0.16921,-2.0179,-1.5519,-0.040811
0.08499,0.037359,0.1461,0.056938,0.038244,0.056834,0.69863,26.499,4.7533,0.63175,0.55302,44.876,3.6438,1.0451,0.0058519,0.15219,0.5499,0.20727,1.7757,1.0713,1.5826,0.51796,0.31537,30.459,47.726,54.604,1613.5,0.81282,36638,2.5047,1627.2,0.73924,37268,3.7141,1580.1,1.378,33612,4.7211,1580.1,1.1131,34650,4.7346,0.84635,1.7172,-0.073578,-2.0703,-8.2608,0.56515,-2.0703,-5.4257,0.30032
0.061371,0.068596,0.12567,0.0068835,0.028243,0.030135,0.40617,25.948,6.8057,1.592,1.054,30.82,5.9842,1.1128,0.0050257,0.22869,0.53241,0.3902,1.1673,0.65622,0.56237,0.68977,0.37528,36.39,42.187,45.952,1599.8,0.78751,36435,2.9223,1631.1,0.74636,37327,3.3409,1611,1.026,35685,3.9198,1611,0.75077,36847,3.9398,1.9567,2.4484,-0.041154,0.6962,-2.0587,0.23847,0.6962,1.1296,-0.036743
0.086536,0.04983,0.062348,0.046657,0.025602,0.080842,0.49791,22.193,6.9836,0.70243,1.3687,38.951,3.5652,1.2184,0.0075603,0.28161,0.59179,0.24614,1.0147,0.90477,1.6929,0.81044,0.22621,34.853,51.316,54.971,1626.7,0.80164,36985,2.7749,1622.7,0.75196,37109,3.9667,1570.4,1.0232,34797,4.6527,1570.4,0.811,35666,4.6825,-0.24643,0.33437,-0.049681,-3.4624,-5.9179,0.22153,-3.4624,-3.5678,0.0093548
0.066661,0.031641,0.08983,0.016773,0.037895,0.082188,0.46628,28.924,4.8243,1.2236,1.7503,40.045,6.072,1.3103,0.01107,0.38863,0.76074,0.1596,1.1074,1.8774,1.1691,0.84405,0.53989,34.035,46.904,47.913,1584.1,0.7211,36358,2.7766,1625.1,0.62503,37721,3.6327,1519.6,0.91306,34105,4.2613,1519.6,0.67297,35075,4.2904,2.5853,3.7477,-0.096072,-4.0727,-6.1975,0.19196,-4.0727,-3.5301,-0.048128
0.074775,0.045483,0.14029,0.042388,0.035432,0.057432,0.4675,27.19,7.7827,0.63043,0.93323,34.014,9.1115,1.3145,0.0066366,0.38766,0.94621,0.31271,1.2851,1.1271,0.68257,0.73499,0.45058,32.058,49.319,56.782,1635.4,0.76009,37364,2.567,1641.1,0.71166,37708,3.7793,1589.5,1.0251,35212,4.7228,1589.5,0.77166,36266,4.7355,0.35169,0.92194,-0.048422,-2.8054,-5.7577,0.26505,-2.8054,-2.9367,0.011568
0.11683,0.083454,0.076029,0.03824,0.036853,0.042477,0.72311,24.599,5.3996,0.54841,1.6438,40.476,7.7617,1.0639,0.0050218,0.37946,1.2556,0.43547,1.9271,1.4444,0.70172,0.70603,0.51915,34.499,50.495,44.042,1622,1.0535,35815,2.812,1641.6,0.95447,36667,3.9265,1592.2,1.2309,34445,3.8929,1592.2,0.91996,35706,3.9064,1.2106,2.3787,-0.098986,-1.8362,-3.8255,0.17748,-1.8362,-0.30428,-0.1335
0.068077,0.072016,0.078213,0.015633,0.041576,0.037734,0.71662,26.206,6.2438,0.51365,0.58561,27.098,9.8471,1.0853,0.0084318,0.30685,1.3677,0.28467,1.7585,0.76447,0.63492,0.9141,0.67282,30.507,45.531,53.402,1629.2,0.76992,37180,2.4758,1629.1,0.79381,37074,3.5793,1609.4,1.0043,35739,4.4263,1609.4,0.64346,37276,4.407,-0.0053435,-0.28409,0.023893,-1.2158,-3.8743,0.23437,-1.2158,0.25842,-0.12646
0.09419,0.081904,0.061963,0.017222,0.028619,0.034106,0.64572,25.443,6.6198,0.95489,1.9305,40.662,4.4899,1.0098,0.0085912,0.27407,1.0838,0.27747,1.7753,1.2326,1.6385,0.92646,0.67731,36.129,40.806,55.755,1621.5,0.90374,36432,2.8911,1628.8,0.90443,36593,3.2933,1597.7,1.2537,34473,4.7072,1597.7,0.7733,36447,4.6422,0.45084,0.44283,0.0006857,-1.4694,-5.3768,0.35,-1.4694,0.040602,-0.13044
0.06638,0.081003,0.066757,0.03587,0.039184,0.051386,0.35637,28.122,5.5809,0.63614,1.8444,37.866,9.489,1.1954,0.011839,0.24329,0.99452,0.44033,1.3228,0.85862,1.5925,0.66059,0.6277,37.117,41.376,57.151,1624.1,0.81475,36871,2.9331,1632.8,0.72935,37439,3.2798,1608.1,0.99095,35766,4.6815,1608.1,0.68774,37053,4.6757,0.53435,1.5428,-0.0854,-0.98791,-2.9968,0.1762,-0.98791,0.49396,-0.12702
0.11337,0.034388,0.077787,0.00084641,0.028976,0.064971,0.58122,28.11,6.7759,0.75174,0.89345,39.191,9.3954,1.291,0.0089323,0.32187,1.2298,0.2029,1.9336,1.6396,1.0738,0.87863,0.44054,36.983,39.169,52.064,1631.7,0.81759,37030,2.9112,1642.7,0.80011,37355,3.1321,1565.5,1.1163,34317,4.4939,1565.5,0.89779,35197,4.5254,0.67217,0.87775,-0.017478,-4.0569,-7.3266,0.29871,-4.0569,-4.9494,0.080202
0.061016,0.068154,0.11342,0.052042,0.04461,0.030903,0.3355,28.21,7.4771,0.51697,1.316,38.857,4.0246,1.2017,0.011008,0.13314,0.61841,0.16239,1.1956,1.051,0.92189,0.72961,0.26694,30.652,46.765,44.957,1638.8,0.76094,37439,2.4692,1616.1,0.73824,37018,3.6753,1594.9,1.1087,34993,3.9146,1594.9,0.82588,36161,3.9344,-1.3867,-1.1245,-0.0227,-2.6787,-6.5333,0.34777,-2.6787,-3.4141,0.064945
0.12576,0.03659,0.13427,0.057338,0.041123,0.040842,0.71159,23.205,7.335,0.55823,0.56836,43.066,9.8238,1.026,0.010552,0.17279,0.64405,0.19673,1.3978,1.2266,0.60012,0.62631,0.53055,33.235,49.534,44.306,1626.5,0.91003,36517,2.6894,1635.1,0.82824,37062,3.8411,1602.4,1.1506,34988,3.8633,1602.4,0.92062,35932,3.8997,0.53026,1.4925,-0.081788,-1.4816,-4.1888,0.24059,-1.4816,-1.603,0.010598
0.12657,0.06536,0.084164,0.019394,0.041302,0.087283,0.5186,26.12,7.9837,0.95161,0.53392,41.733,7.373,1.2825,0.0042198,0.29636,0.57074,0.22683,1.9996,1.6553,1.7895,0.74398,0.64003,37.454,49.79,44.085,1604.6,0.91109,36020,3.0134,1638.5,0.8554,37020,3.858,1530.7,1.4044,32462,4.1048,1530.7,0.98802,34056,4.0873,2.1124,2.7765,-0.055688,-4.6059,-9.8797,0.4933,-4.6059,-5.4545,0.076934
0.11294,0.043761,0.05598,0.021045,0.029052,0.045512,0.53029,22.487,7.9393,0.66046,1.2562,27.731,6.2023,1.2355,0.0088005,0.30256,1.0097,0.39862,1.7805,0.51381,0.73514,0.57547,0.25994,39.717,44.242,54.721,1635.4,0.84324,37003,3.0919,1622.8,0.86843,36610,3.5271,1605,1.0846,35313,4.5559,1605,0.93884,35915,4.6086,-0.76957,-1.0604,0.025187,-1.8545,-4.5667,0.2414,-1.8545,-2.9405,0.095602
0.13508,0.04708,0.080316,0.031337,0.04188,0.089449,0.25397,26.091,4.585,0.77568,0.78682,41.098,3.6649,1.1608,0.0106,0.11339,0.5563,0.29783,1.8897,0.76972,1.4093,0.53156,0.60058,32.958,45.535,56.566,1598.9,1.0036,35509,2.7361,1612.3,0.91139,36192,3.6492,1572.5,1.3529,33545,4.8762,1572.5,1.0591,34698,4.8763,0.83645,1.9224,-0.092253,-1.6547,-5.5326,0.34921,-1.6547,-2.2839,0.055427
0.097716,0.036977,0.054912,0.026636,0.03852,0.064227,0.56546,22.531,5.2263,1.0338,1.4585,41.735,5.2617,1.0427,0.012457,0.25011,1.0261,0.17313,1.175,1.5784,0.54605,0.9388,0.26513,33.66,40.826,49.421,1584.5,0.84891,35828,2.7771,1619.5,0.76457,36982,3.2789,1555.4,0.89409,34986,4.263,1555.4,0.73721,35632,4.3167,2.2075,3.2187,-0.084341,-1.8367,-2.352,0.045184,-1.8367,-0.54784,-0.1117
0.10171,0.030226,0.10497,0.02376,0.025292,0.081971,0.37566,22.569,6.6951,0.70132,1.5178,24.229,2.5028,1.3075,0.013999,0.23236,0.80086,0.19917,1.8163,0.62146,0.77455,0.84306,0.32298,35.238,41.92,51.865,1626.8,0.85406,36763,2.8114,1576.4,0.96859,35151,3.497,1550.2,1.3889,32933,4.6164,1550.2,1.0866,34098,4.6211,-3.1023,-4.3844,0.11453,-4.7123,-10.417,0.53482,-4.7123,-7.2494,0.23251
0.11128,0.06192,0.058779,0.017233,0.037646,0.031351,0.40515,24.326,5.622,0.842,1.7461,44.26,7.9294,1.0181,0.0047934,0.166,0.81089,0.19848,1.3489,0.66876,0.86056,0.93935,0.27945,38.228,40.979,58.83,1609.7,0.94786,35982,3.0648,1645,0.82158,37315,3.2521,1623.5,1.0235,35973,4.7622,1623.5,0.8132,36863,4.7876,2.1927,3.7061,-0.12628,0.85717,-0.023974,0.075648,0.85717,2.4509,-0.13466
0.094712,0.034131,0.14257,0.0019633,0.027581,0.054107,0.42842,23.277,6.411,1.764,0.6557,39.35,4.1623,1.238,0.005808,0.21344,1.1696,0.42808,1.328,1.8373,0.90953,0.75956,0.6031,34.829,49.616,53.915,1584.1,0.82921,35900,2.8539,1631.5,0.82544,36993,3.8541,1556.4,1.147,33996,4.6627,1556.4,0.81709,35323,4.6532,2.998,3.0432,-0.0037645,-1.7477,-5.3034,0.3178,-1.7477,-1.6086,-0.012122
0.10805,0.05759,0.10047,0.0099869,0.031955,0.065546,0.50904,27.502,7.7634,0.84513,1.3037,23.483,5.1395,1.2698,0.011474,0.35214,0.6638,0.28757,1.0675,0.87653,0.6505,0.9232,0.48099,30.35,47.096,56.585,1627.5,0.87515,36689,2.4876,1602.9,0.93958,35864,3.7849,1566.5,1.2359,33870,4.8537,1566.5,0.85603,35393,4.8219,-1.5134,-2.2487,0.064426,-3.7476,-7.6823,0.36072,-3.7476,-3.5329,-0.019125
0.13392,0.036601,0.14389,0.035036,0.032335,0.044912,0.27008,27.683,6.7804,0.57616,0.673,24.217,5.1148,1.0605,0.0057834,0.37169,1.4537,0.41489,1.1518,1.6388,0.79391,0.61155,0.25558,38.549,44.02,48.871,1640.2,0.9316,36731,3.0256,1610.7,1.1234,35278,3.607,1557.6,1.3379,33284,4.3606,1557.6,1.1315,34083,4.4013,-1.7993,-3.9565,0.19177,-5.0367,-9.3862,0.40633,-5.0367,-7.2102,0.19993
0.10234,0.042276,0.12431,0.015079,0.031287,0.08698,0.30248,22.578,7.6772,0.61525,0.65577,24.51,5.2287,1.0481,0.013044,0.39057,1.3087,0.43095,1.597,0.62048,1.2656,0.72667,0.56921,35.761,39.85,58.705,1629.9,0.84133,36887,2.8383,1596.4,0.97675,35564,3.3129,1573.2,1.349,33575,5.0259,1573.2,0.95531,35135,4.9852,-2.0569,-3.5875,0.13541,-3.4801,-8.9789,0.50766,-3.4801,-4.7517,0.11397
0.11936,0.032002,0.13433,0.0013614,0.032357,0.083873,0.52663,28.254,7.6317,0.63789,1.9997,42.124,4.716,1.0625,0.0048369,0.37421,1.2524,0.17672,1.4988,0.78213,1.2589,0.77005,0.6827,34.549,38.641,55.537,1635.2,0.91826,36677,2.7645,1632.6,0.88923,36742,3.1375,1582,1.32,33877,4.7617,1582,0.91865,35483,4.7249,-0.16057,0.17725,-0.029037,-3.2526,-7.6367,0.40169,-3.2526,-3.2569,0.00038432
0.076789,0.083371,0.10562,0.010367,0.029342,0.0873,0.37345,22.015,7.2304,0.83035,1.4387,39.303,8.7179,1.2675,0.011138,0.24225,0.72021,0.2201,1.0785,1.9453,0.98626,0.64804,0.50391,35.829,42.031,55.948,1618.5,0.89902,36385,2.8752,1634,0.76179,37324,3.3288,1518.8,1.101,33351,4.9101,1518.8,0.78817,34586,4.9028,0.9528,2.5817,-0.13723,-6.1647,-8.3369,0.20202,-6.1647,-4.9441,-0.11086
0.06213,0.041832,0.074622,0.0090255,0.029305,0.056784,0.69449,26.967,5.4453,1.5465,0.8837,34.677,4.4674,1.1767,0.0064364,0.25651,0.6522,0.43941,1.4372,0.55394,0.8297,0.59671,0.41802,33.22,49.155,44.355,1585.8,0.69097,36525,2.7121,1624,0.66531,37518,3.7949,1599.3,0.89143,35984,3.7999,1599.3,0.70958,36756,3.8488,2.4109,2.7195,-0.025658,0.8531,-1.4807,0.20046,0.8531,0.63347,0.018606
0.060485,0.068882,0.052179,0.0041281,0.032468,0.044464,0.37885,28.454,6.2563,0.98702,1.9655,43.813,8.8787,1.3126,0.013398,0.28881,0.61254,0.24932,1.0219,0.73527,0.87601,0.90638,0.56661,31.538,49.696,57.111,1618.7,0.73138,37107,2.5532,1638.1,0.63679,37971,3.7894,1619.5,0.81088,36782,4.5833,1619.5,0.56917,37839,4.5984,1.1999,2.3283,-0.094583,0.048502,-0.87685,0.079502,0.048502,1.9715,-0.16221
0.099943,0.036377,0.098339,0.0047954,0.039292,0.048427,0.61486,25.159,6.438,0.52448,0.62064,40.587,4.1616,1.0901,0.014751,0.32955,0.71081,0.40013,1.3945,0.86001,1.1812,0.74958,0.45379,36.838,40.194,50.855,1629,0.80586,37020,2.9038,1612.7,0.77314,36791,3.2524,1594.2,1.1001,35012,4.3236,1594.2,0.85797,36009,4.3481,-0.99803,-0.619,-0.032715,-2.1368,-5.4242,0.29423,-2.1368,-2.7298,0.052115
0.096836,0.084914,0.1265,0.042804,0.039494,0.067608,0.59195,24.879,6.5682,1.1583,1.7657,36.56,3.4442,1.3119,0.0095328,0.23168,1.4502,0.27733,1.0335,0.8039,1.4232,0.59144,0.38048,33.039,45.97,53.427,1587.5,0.99872,35275,2.7604,1611.4,1.0501,35594,3.7192,1575.5,1.4072,33402,4.6605,1575.5,1.043,34831,4.6412,1.5073,0.9047,0.051401,-0.75013,-5.3087,0.4085,-0.75013,-1.2584,0.044316
0.13603,0.038464,0.05558,0.054234,0.031687,0.06482,0.48436,25.491,5.9989,1.052,1.8974,42.786,4.788,1.0244,0.010842,0.30425,0.8641,0.35618,1.1072,1.5264,0.76265,0.5559,0.5366,35.456,46.802,55.878,1606.1,0.94392,35917,2.8819,1624.6,0.8816,36595,3.6983,1560,1.0277,34549,4.7492,1560,0.88149,35140,4.8021,1.1527,1.8885,-0.06232,-2.8698,-3.8091,0.083771,-2.8698,-2.1621,-0.062428
0.13728,0.051207,0.063901,0.026877,0.034171,0.067754,0.61387,22.707,7.8736,0.68784,0.764,44.288,9.1944,1.2152,0.012025,0.25039,1.1112,0.31346,1.9248,1.3954,1.0097,0.81352,0.38866,33.542,49.6,52.921,1625,0.93754,36368,2.7181,1635.6,0.89615,36780,3.8641,1574.5,1.1839,34246,4.5514,1574.5,0.97136,35097,4.5842,0.64831,1.1339,-0.041394,-3.1129,-5.835,0.24634,-3.1129,-3.4926,0.033816
0.13381,0.051725,0.13845,0.0039792,0.026411,0.073166,0.72079,27.992,4.7615,1.8549,0.92646,36.643,7.5506,1.0584,0.01431,0.17494,1.4187,0.36675,1.9301,1.661,0.54191,0.6377,0.26821,35.323,51.818,46.707,1575.2,1.035,34856,2.9492,1622.8,1.0173,35982,4.0806,1549.7,1.3401,33108,4.226,1549.7,1.1281,33925,4.2674,3.02,3.2313,-0.017681,-1.6197,-5.0166,0.30511,-1.6197,-2.6727,0.093082
0.10392,0.079796,0.075488,0.04992,0.030834,0.0386,0.44116,26.533,7.3219,1.0374,0.74002,41.009,9.9622,1.187,0.012653,0.38574,1.4863,0.30368,1.6921,1.2633,0.71578,0.64694,0.51476,38.34,45.431,47.055,1620.6,0.8848,36491,3.0374,1639.7,0.8935,36883,3.5765,1608.1,1.1162,35251,4.0294,1608.1,0.856,36331,4.053,1.177,1.0745,0.0087035,-0.77138,-3.3977,0.23137,-0.77138,-0.43805,-0.028794
0.11243,0.062747,0.13345,0.048357,0.033299,0.068374,0.63537,27.223,5.5668,0.55919,1.6459,41.333,5.6087,1.328,0.0091026,0.25144,0.76446,0.18257,1.2599,1.563,0.61186,0.62875,0.23285,38.244,50.498,53.135,1627.6,1.0043,36144,3.045,1629.7,0.87477,36738,3.9319,1553.4,1.227,33619,4.6435,1553.4,1.0145,34454,4.6767,0.12443,1.6424,-0.1295,-4.5628,-6.9863,0.22277,-4.5628,-4.6758,0.010223
0.069968,0.034845,0.066507,0.022878,0.035697,0.088924,0.73241,27.02,7.917,0.81984,0.60022,29.915,8.079,1.2953,0.0051283,0.25414,1.2404,0.28241,1.9018,0.66783,0.81059,0.76187,0.24243,34.524,43.908,49.456,1618.5,0.64745,37469,2.7348,1631.2,0.67769,37630,3.4367,1585.9,0.9003,35646,4.1854,1585.9,0.75531,36254,4.2418,0.78679,0.42978,0.030246,-2.0122,-4.8654,0.25285,-2.0122,-3.2428,0.10786
0.079793,0.060168,0.11343,0.0071822,0.032057,0.085016,0.51517,23.966,6.8102,0.89184,1.5832,22.332,7.4809,1.2387,0.0054156,0.20192,1.1413,0.41116,1.7977,1.8109,0.75446,0.64826,0.36986,36.265,45.805,48.744,1612.5,0.85548,36433,2.906,1621.3,0.85239,36646,3.6308,1511.3,1.217,32748,4.4445,1511.3,0.91624,33907,4.4541,0.5485,0.58466,-0.0030856,-6.273,-10.116,0.36153,-6.273,-6.9336,0.060761
0.089905,0.087794,0.068495,0.015777,0.039222,0.068636,0.71035,27.422,6.0014,1.1966,0.63702,27.433,8.7694,1.2042,0.0090434,0.19337,0.78472,0.35942,1.3312,1.5821,1.911,0.50551,0.51985,34.926,41.313,55.05,1585.1,0.87591,35729,2.8687,1624.2,0.84706,36734,3.3224,1550.6,1.2089,33630,4.7833,1550.6,0.9058,34831,4.7817,2.4681,2.8131,-0.028853,-2.1739,-5.8731,0.33298,-2.1739,-2.5136,0.029881
0.090201,0.070965,0.058132,0.0031063,0.04066,0.036252,0.50695,25.277,7.6464,0.73102,1.7907,41.793,8.3324,1.307,0.012293,0.37812,0.92182,0.34322,1.9875,0.94443,1.6062,0.72953,0.61442,38.18,41.318,49.356,1623.8,0.83209,36789,3.0085,1635.4,0.76677,37336,3.28,1613.7,1.1194,35361,4.1745,1613.7,0.79917,36700,4.1759,0.7151,1.4863,-0.065325,-0.62458,-3.8831,0.28732,-0.62458,-0.24209,-0.032919
0.13322,0.068505,0.14738,0.038692,0.033524,0.080199,0.45259,23.346,4.8213,0.71779,1.5071,29.835,6.9585,1.0377,0.0067709,0.34115,1.0673,0.15753,1.5654,1.0685,1.0679,0.89147,0.44499,34.545,49.406,50.979,1606.1,1.1931,34897,2.8727,1623,1.0624,35800,3.9297,1563.3,1.5599,32571,4.5705,1563.3,1.1069,34306,4.5265,1.052,2.588,-0.13072,-2.6674,-6.666,0.36675,-2.6674,-1.6948,-0.086218
0.13998,0.031506,0.050229,0.018023,0.030554,0.045895,0.29962,25.794,4.8931,1.4702,0.53262,26.331,7.8923,1.0148,0.0038859,0.29546,1.1965,0.3363,1.8419,0.77307,0.97927,0.84221,0.64718,32.519,38.897,46.006,1587.9,0.93652,35541,2.7109,1631.3,0.94626,36471,3.1706,1602.2,1.1373,35036,3.978,1602.2,0.92669,35901,4.0181,2.7337,2.6175,0.0097387,0.89778,-1.4209,0.20079,0.89778,1.0131,-0.0098326
0.080621,0.050297,0.091886,0.059149,0.030636,0.048855,0.61071,22.16,4.8051,1.594,0.50183,41.005,8.2288,1.2983,0.0096516,0.25053,0.75098,0.23277,1.1745,1.0268,1.0648,0.56977,0.47651,31.782,44.941,55.766,1567.7,0.84853,35450,2.6766,1639.4,0.70105,37717,3.4932,1602.3,0.98598,35658,4.6017,1602.3,0.77466,36546,4.6302,4.5759,6.3938,-0.14748,2.2062,0.58564,0.13745,2.2062,3.0912,-0.073875
0.13283,0.087018,0.12454,0.042971,0.042683,0.055207,0.34585,25.301,7.8442,1.1204,1.914,27.313,7.9225,1.0089,0.0072512,0.23779,1.0841,0.30677,1.3929,0.81675,0.60443,0.63074,0.29961,34.098,42.193,53.837,1596.5,1.0866,35118,2.8362,1620.5,1.1133,35535,3.4575,1592.1,1.3894,33821,4.6352,1592.1,1.0997,34966,4.641,1.499,1.1859,0.026743,-0.28152,-3.6927,0.30279,-0.28152,-0.43238,0.013102
0.11475,0.074226,0.1454,0.034969,0.035978,0.033347,0.65609,26.709,5.1625,1.0037,0.68997,37.056,5.6858,1.3467,0.0042882,0.31094,0.70858,0.1634,1.9479,0.70528,1.1987,0.86726,0.69275,34.736,49.167,47.74,1601.6,1.02,35501,2.857,1638.2,0.91898,36742,3.8356,1608.2,1.5842,33415,4.2195,1608.2,0.96632,35871,4.1331,2.2888,3.4957,-0.10107,0.41445,-5.8769,0.56416,0.41445,1.042,-0.053722
0.12571,0.079602,0.071528,0.059352,0.025524,0.084999,0.60572,22.894,7.905,1.9358,1.1798,37.471,6.3033,1.0442,0.0099671,0.18094,1.188,0.44746,1.2614,0.57569,1.0491,0.78481,0.38865,33.585,40.751,58.407,1582.5,0.9848,35222,2.804,1624.8,1.0098,36058,3.3241,1598.7,1.1863,34762,4.8658,1598.7,0.90154,35927,4.8656,2.6696,2.3724,0.025,1.02,-1.3054,0.20149,1.02,2.0019,-0.083263
0.12776,0.083084,0.10032,0.015232,0.036278,0.063523,0.54632,22.557,7.0765,0.74982,0.91803,28.842,5.264,1.051,0.012658,0.29491,1.3481,0.21232,1.0566,0.50457,1.4397,0.90519,0.30619,38.368,41.004,46.511,1616.1,1.0481,35708,3.0852,1604.3,1.1794,34912,3.4271,1591.8,1.4238,33682,4.1258,1591.8,1.0294,35245,4.1106,-0.73443,-2.2285,0.13134,-1.5084,-5.6718,0.37569,-1.5084,-1.295,-0.018697
0.068153,0.060388,0.064006,0.032442,0.032659,0.08795,0.65838,27.031,6.1551,0.74051,1.0741,39.171,3.2167,1.2502,0.0044696,0.14212,0.63434,0.17654,1.1038,1.9475,1.256,0.56574,0.35664,33.397,51.036,53.36,1619.1,0.74191,37071,2.6784,1621.3,0.73146,37166,3.9454,1496.3,1.0211,33164,4.7637,1496.3,0.79714,34039,4.7926,0.13358,0.25614,-0.010453,-7.584,-10.539,0.27915,-7.584,-8.1786,0.055225
0.10339,0.061737,0.1407,0.028767,0.027526,0.088847,0.51041,27.834,6.148,1.2445,1.3785,38.772,6.5422,1.0207,0.013287,0.25139,0.50371,0.3714,1.7646,0.7765,1.9576,0.69131,0.2253,31.999,45.015,47.263,1606.2,0.94413,35917,2.6462,1621.5,0.82917,36749,3.5712,1585.5,1.5272,33156,4.228,1585.5,1.236,34279,4.244,0.95458,2.3146,-0.11496,-1.2876,-7.6881,0.58311,-1.2876,-4.5622,0.29192
0.083595,0.089253,0.096449,0.033016,0.030594,0.083507,0.40711,25.029,5.3983,1.3034,1.494,24.129,9.8864,1.3043,0.0038688,0.38241,1.3672,0.39657,1.0154,0.688,1.0808,0.88645,0.56839,33.61,46.971,59.921,1590.4,0.96148,35493,2.787,1639.2,0.89524,36866,3.6804,1591.9,1.1123,34912,4.9651,1591.9,0.71298,36571,4.9194,3.0711,3.8677,-0.066237,0.096043,-1.6371,0.15085,0.096043,3.0389,-0.2485
0.12551,0.073628,0.12461,0.0081298,0.032604,0.081855,0.44036,23.846,7.2856,1.2134,1.7796,44.841,4.0382,1.2475,0.0082904,0.29829,1.1625,0.33827,1.517,1.2142,1.6036,0.82444,0.4548,34.963,51.841,58.352,1599.4,1.0547,35312,2.884,1627.9,1.0068,36140,4.0661,1559.1,1.5062,32682,5.1046,1559.1,1.0619,34392,5.0457,1.7791,2.3453,-0.047895,-2.524,-7.4477,0.45159,-2.524,-2.6057,0.007247
0.13287,0.05224,0.077673,0.020758,0.027563,0.083692,0.72361,22.462,6.7143,0.5594,0.76309,39.981,9.3906,1.1276,0.011045,0.22498,0.50693,0.35754,1.1549,1.399,0.65916,0.80407,0.23085,33.849,48.913,59.721,1628.2,0.9722,36291,2.7406,1634.9,0.8373,37018,3.8029,1559,1.0576,34407,5.035,1559,0.89146,35077,5.0775,0.41526,2.0035,-0.1349,-4.2492,-5.1916,0.085351,-4.2492,-3.3465,-0.080745
0.09601,0.06689,0.053928,0.013322,0.039619,0.032618,0.26236,28.917,7.0605,1.6706,0.5204,27.037,6.6592,1.1009,0.014099,0.39111,0.75936,0.38124,1.1236,1.1549,0.63652,0.85747,0.69105,32.485,51.53,57.511,1576.1,0.7957,35860,2.7,1610.7,0.85729,36385,4.0425,1593.7,1.0341,35269,4.7639,1593.7,0.71434,36607,4.7517,2.1957,1.4641,0.061593,1.1157,-1.6496,0.23845,1.1157,2.0824,-0.081359
0.13245,0.058423,0.097376,0.01035,0.030941,0.045397,0.46367,24.257,7.7341,0.71396,0.86623,22.238,2.7071,1.077,0.0034201,0.29586,1.4604,0.17057,1.6191,1.4507,1.1792,0.67718,0.42924,31.026,40.248,48.085,1633.3,0.95931,36461,2.5399,1586.7,1.498,33293,3.4931,1534.3,1.8848,30815,4.5468,1534.3,1.3777,32638,4.4923,-2.8523,-8.6873,0.53866,-6.0636,-15.484,0.9255,-6.0636,-10.485,0.41839
0.08229,0.051441,0.12746,0.048096,0.034083,0.077636,0.65293,25.664,7.1819,0.95235,0.56834,26.404,9.2718,1.1775,0.0049625,0.32493,1.4522,0.35426,1.0886,0.91173,0.90012,0.71528,0.33995,30.374,45.448,55.36,1610.3,0.78178,36698,2.4981,1632.9,0.82591,37022,3.5741,1579.9,1.0628,34848,4.6654,1579.9,0.83076,35800,4.6878,1.4046,0.88352,0.04413,-1.8876,-5.041,0.281,-1.8876,-2.4469,0.048978
0.10938,0.062645,0.12901,0.00858,0.034204,0.068285,0.7225,28.874,6.0816,1.6102,1.7782,24.414,6.5474,1.3377,0.0092999,0.25826,0.6867,0.25155,1.1294,0.97075,0.82397,0.88007,0.4274,39.308,47.893,47.244,1574.7,0.9657,35125,3.2124,1615.8,0.91529,36254,3.8017,1568.8,1.3004,33669,4.2008,1568.8,0.92158,35174,4.1882,2.6105,3.2132,-0.050408,-0.37233,-4.1467,0.3347,-0.37233,0.13967,-0.044125
0.070613,0.089205,0.064829,0.013053,0.025286,0.06211,0.25517,25.186,4.9184,1.272,0.56658,39.673,6.037,1.0014,0.0064458,0.1049,1.0807,0.44212,1.1754,1.1232,1.0071,0.89837,0.64854,38.572,47.942,56.173,1603.5,0.87264,36158,3.0826,1634.7,0.81617,37105,3.733,1586.1,1.0166,35171,4.6877,1586.1,0.62535,36814,4.6522,1.944,2.6173,-0.056471,-1.0893,-2.7291,0.14392,-1.0893,1.8136,-0.2473
0.1115,0.032143,0.074853,0.052394,0.044942,0.076955,0.65507,25.83,6.4887,1.0722,1.5122,41.474,9.3041,1.161,0.010018,0.18078,0.94001,0.27162,1.3018,1.2217,1.3712,0.61211,0.6662,39.544,39.061,56.317,1582.4,0.84137,35813,3.1831,1630.1,0.77098,37195,3.1423,1569,1.0216,34773,4.7505,1569,0.7984,35688,4.7749,3.0095,3.8594,-0.070387,-0.84725,-2.9025,0.18023,-0.84725,-0.34897,-0.042963
0.11802,0.065826,0.091391,0.031107,0.033365,0.059478,0.6597,24.978,6.0182,1.2631,1.3477,30.107,2.5413,1.2069,0.013176,0.20403,1.099,0.39951,1.8703,1.5844,1.5876,0.76368,0.27651,32.544,38.647,48.05,1590.4,0.98517,35396,2.7183,1590.2,1.1398,34765,3.2825,1533.2,1.6581,31590,4.4734,1533.2,1.2165,33223,4.4398,-0.011634,-1.7839,0.15459,-3.5994,-10.755,0.67296,-3.5994,-6.1413,0.23131
0.09909,0.035962,0.11684,0.0051436,0.04026,0.036623,0.35538,24.896,6.8138,0.90422,0.715,30.618,5.4355,1.138,0.0087406,0.10814,1.4188,0.2704,1.4363,1.2165,0.66638,0.70953,0.6539,34.788,46.583,45.745,1610.6,0.81435,36566,2.8008,1616.5,0.888,36387,3.7038,1586.2,1.1212,34750,3.995,1586.2,0.82412,35969,4.0095,0.36655,-0.49132,0.073651,-1.5207,-4.9664,0.30684,-1.5207,-1.633,0.0097779
0.090425,0.07779,0.1145,0.010495,0.033736,0.031748,0.55595,26.838,5.783,1.1835,0.63337,34.877,7.9567,1.281,0.0030278,0.25228,1.1673,0.28316,1.0438,0.52935,0.96879,0.93925,0.26553,39.247,47.837,53.509,1601.3,0.89582,36010,3.1383,1646.8,0.86674,37160,3.7127,1621.6,1.1251,35512,4.4399,1621.6,0.8304,36747,4.4432,2.8454,3.1943,-0.029085,1.2733,-1.3827,0.2293,1.2733,2.0481,-0.065421
0.13066,0.039627,0.094707,0.032043,0.043924,0.042311,0.27849,28.807,6.8431,1.7405,0.77463,26.927,6.8066,1.2575,0.0052227,0.31404,0.67403,0.33167,1.6711,1.9599,0.55947,0.84691,0.50273,37.919,42.973,48.607,1558.2,0.88967,35067,3.1306,1626,0.88636,36607,3.4398,1560.2,1.2089,33838,4.2929,1560.2,0.94696,34878,4.3149,4.3514,4.3917,-0.0033131,0.12569,-3.5066,0.31927,0.12569,-0.53906,0.057289
0.086624,0.059765,0.11246,0.0061216,0.033487,0.084995,0.70524,28.821,6.256,1.1343,0.61515,28.515,6.8498,1.2075,0.0079895,0.39404,0.66546,0.37471,1.6987,0.62538,1.9142,0.73697,0.51023,32.984,39.319,50.913,1600.8,0.80712,36372,2.6945,1621.6,0.79415,36901,3.1815,1586,1.3546,33826,4.4331,1586,0.93253,35514,4.3993,1.2997,1.4532,-0.012974,-0.9236,-7.0002,0.54751,-0.9236,-2.3603,0.12541
0.069402,0.064013,0.1072,0.052933,0.035357,0.077856,0.49947,26.366,5.0022,0.78929,0.55518,34.88,3.8978,1.0923,0.0086631,0.16484,1.4047,0.25477,1.2874,1.332,1.9934,0.74367,0.29606,32.212,38.827,55.017,1608,0.80314,36555,2.6295,1610.9,0.86829,36343,3.1872,1542.1,1.2887,33141,4.8358,1542.1,0.94116,34498,4.8185,0.17882,-0.57941,0.065151,-4.0986,-9.3398,0.48555,-4.0986,-5.628,0.13803
0.092157,0.034319,0.13873,0.0024597,0.027336,0.08361,0.71166,27.933,5.1167,1.8374,0.63969,36.445,2.5912,1.3362,0.01117,0.31082,0.91039,0.26231,1.0142,0.96003,0.7169,0.62171,0.23817,32.254,44.697,46.867,1574,0.81126,35747,2.6909,1607.3,0.82327,36452,3.5797,1555.9,1.1154,34111,4.1509,1555.9,0.94025,34810,4.2023,2.1172,1.9742,0.012011,-1.1463,-4.5758,0.30415,-1.1463,-2.6201,0.12899
0.13401,0.040375,0.054696,0.035183,0.029231,0.040016,0.61912,28.847,7.8226,1.2462,0.90261,44.053,4.7029,1.1594,0.007816,0.16113,0.72723,0.36229,1.0303,0.63734,1.5251,0.5467,0.61184,33.315,39.574,44.827,1616.9,0.85843,36520,2.7002,1634,0.86535,36877,3.1912,1613.9,1.0443,35673,3.8412,1613.9,0.87,36402,3.8924,1.059,0.97754,0.0069221,-0.18831,-2.3203,0.18591,-0.18831,-0.32284,0.011577
0.11759,0.035654,0.067568,0.0021955,0.038837,0.057522,0.70797,27.948,5.9209,1.1655,0.81907,41.436,7.2798,1.2853,0.012381,0.19574,0.86335,0.23763,1.5376,0.57809,1.4074,0.68062,0.49966,32.109,39.952,59.215,1589.9,0.84148,35981,2.6602,1628.3,0.79496,37050,3.2107,1610.5,1.0771,35463,4.8464,1610.5,0.88143,36278,4.8773,2.414,2.9714,-0.046518,1.2961,-1.438,0.23566,1.2961,0.82574,0.039945
0.066643,0.089416,0.1105,0.050365,0.037162,0.050857,0.32279,27.208,6.9348,0.73349,1.5449,25.703,4.1294,1.3293,0.014509,0.36318,1.1961,0.38288,1.3363,0.99876,0.70019,0.89848,0.33181,35.847,49.078,49.31,1626.2,0.85071,36764,2.8524,1595.7,1.0035,35438,3.9568,1567.2,1.349,33447,4.369,1567.2,0.79556,35657,4.2956,-1.8794,-3.6063,0.15276,-3.6332,-9.0238,0.49827,-3.6332,-3.0111,-0.055158
0.073958,0.048044,0.116,0.029714,0.039897,0.066621,0.44655,22.176,4.9988,1.3065,0.71829,24.869,3.9259,1.029,0.014712,0.26657,0.92482,0.23886,1.2458,0.72297,1.9644,0.93251,0.5154,36.777,42.67,56.938,1564.8,0.83502,35441,3.0253,1581.8,0.89408,35579,3.5172,1563.6,1.3502,33365,4.9298,1563.6,0.8556,35327,4.8554,1.0818,0.38883,0.059053,-0.08146,-5.8565,0.5152,-0.08146,-0.32089,0.02058
0.12411,0.080918,0.12738,0.044666,0.030179,0.072658,0.33119,23.933,4.9128,1.5504,1.3644,41.766,7.938,1.3465,0.0072612,0.11594,0.91188,0.21657,1.8495,1.7112,0.83341,0.61354,0.46921,38.222,40.12,56.466,1577,1.154,34420,3.1765,1640.2,0.94297,36685,3.2341,1549.7,1.4249,32788,4.9668,1549.7,1.0777,34122,4.9477,4.0085,6.5806,-0.21107,-1.7337,-4.7405,0.27083,-1.7337,-0.86409,-0.076312
0.12062,0.035493,0.13083,0.021652,0.038906,0.040003,0.41902,24.046,6.5666,1.3531,1.4461,35.634,2.9068,1.0682,0.010787,0.14208,0.59181,0.27873,1.5362,1.346,1.598,0.70837,0.30719,36.288,50.354,57.943,1582.3,0.94977,35360,2.9841,1605.8,0.91565,36029,3.9928,1572.4,1.4748,33080,5.0201,1572.4,1.1908,34173,5.0222,1.4875,1.8907,-0.034119,-0.62414,-6.4493,0.52499,-0.62414,-3.3561,0.24104
0.1353,0.088354,0.061859,0.025107,0.034514,0.079682,0.72102,23.371,7.804,0.72824,1.7415,34.134,2.6408,1.0831,0.014575,0.25588,0.56855,0.30467,1.7728,0.51945,1.7759,0.73995,0.22444,33.583,44.519,51.351,1620.7,1.04,35841,2.7492,1593.2,1.1248,34890,3.6816,1577.5,1.6012,32713,4.5701,1577.5,1.2066,34222,4.5454,-1.6934,-2.6533,0.084885,-2.6633,-8.7273,0.56123,-2.6633,-4.5178,0.16665
0.09962,0.034006,0.14283,0.017101,0.035095,0.087283,0.38327,24.315,4.6334,0.87124,1.7782,40.713,6.69,1.1697,0.0085705,0.16431,1.0737,0.35786,1.1027,1.5827,0.69842,0.59787,0.50411,30.314,45.562,49.228,1597.2,0.95402,35676,2.5475,1629.7,0.80536,37037,3.5833,1536.1,1.0516,33926,4.354,1536.1,0.82829,34817,4.3875,2.0339,3.8154,-0.14866,-3.8237,-4.9052,0.09755,-3.8237,-2.406,-0.12573
0.11984,0.051414,0.10414,0.010333,0.03528,0.042143,0.57699,28.633,7.3425,0.90142,1.1047,36.357,4.6045,1.0252,0.01491,0.35049,0.93077,0.2633,1.3077,1.635,0.70539,0.92697,0.65882,39.648,46.904,54.399,1622.4,0.89575,36486,3.1243,1611,0.92893,36090,3.7497,1572.5,1.2112,34097,4.6712,1572.5,0.84391,35578,4.6481,-0.70199,-1.0843,0.033174,-3.0739,-6.5484,0.31547,-3.0739,-2.4868,-0.051848
0.070072,0.050323,0.14436,0.03952,0.025851,0.033769,0.57446,24.899,6.5256,0.7728,1.2514,39.954,8.4553,1.1926,0.0096433,0.24734,1.1703,0.34069,1.7374,0.54147,1.3323,0.6387,0.65857,33.884,48.598,52.036,1631.9,0.81191,37060,2.7038,1642.1,0.73594,37624,3.7367,1627.8,1.2334,35206,4.3576,1627.8,0.78986,37062,4.3149,0.62336,1.5207,-0.075969,-0.2504,-5.0037,0.42147,-0.2504,0.0067607,-0.022052
0.082069,0.08045,0.053209,0.0071944,0.035305,0.063113,0.59104,25.283,7.4152,0.87582,1.7395,31.135,7.1292,1.1852,0.014693,0.25336,1.4019,0.17591,1.5601,0.77317,0.56442,0.60248,0.45541,39.375,50.662,55.356,1616.4,0.8262,36645,3.1013,1615.4,0.87291,36424,3.9772,1591.3,1.0331,35221,4.6214,1591.3,0.79802,36197,4.6424,-0.060161,-0.60279,0.04671,-1.5474,-3.887,0.20693,-1.5474,-1.2231,-0.028177
0.065089,0.085934,0.087056,0.042032,0.0376,0.030371,0.58467,26.862,7.2927,1.4027,0.77545,31.217,9.3726,1.0257,0.012906,0.2056,0.62653,0.22564,1.7555,1.8725,1.3275,0.60592,0.21989,30.001,39.942,57.293,1588.4,0.77973,36207,2.5069,1624.6,0.74579,37181,3.2052,1591.8,1.1742,34660,4.8046,1591.8,0.9181,35703,4.8164,2.2832,2.6898,-0.033937,0.21284,-4.2707,0.39448,0.21284,-1.3905,0.13837
0.091661,0.083842,0.1032,0.027362,0.037815,0.033106,0.61883,22.858,6.4813,1.1546,0.63397,44.873,8.9851,1.0966,0.010259,0.36444,0.88478,0.43018,1.362,1.5043,0.63195,0.74605,0.55372,33.73,45.029,59.077,1591,0.9299,35637,2.7875,1640.3,0.81471,37238,3.5273,1606.4,1.0805,35360,4.8504,1606.4,0.76817,36667,4.8386,3.0991,4.4914,-0.11518,0.96901,-0.77828,0.1506,0.96901,2.8904,-0.16173
0.096153,0.060953,0.070271,0.019031,0.040409,0.0642,0.46364,22.622,6.1238,1.1519,0.64734,33.113,7.7873,1.1679,0.011269,0.37135,0.92649,0.3538,1.7837,0.5837,0.55051,0.80823,0.22217,37.152,51.02,57.614,1582.1,0.87454,35668,3.027,1623.9,0.80676,36899,3.9605,1603.4,1.0393,35463,4.744,1603.4,0.83207,36327,4.7722,2.6391,3.4535,-0.067785,1.3453,-0.57447,0.16471,1.3453,1.8482,-0.042472
0.094701,0.065366,0.089283,0.053257,0.039181,0.045286,0.6845,27.553,7.3773,1.0579,0.75011,43.168,8.9618,1.3111,0.0096355,0.26808,0.98581,0.37131,1.8492,1.577,0.89342,0.76902,0.32032,30.063,44.353,56.226,1603.7,0.8237,36368,2.4955,1639.2,0.78723,37333,3.4777,1587.8,1.1272,34762,4.7252,1587.8,0.88032,35771,4.7415,2.2178,2.6538,-0.036465,-0.98967,-4.4164,0.30355,-0.98967,-1.6409,0.056622
0.12392,0.081818,0.14868,0.0064579,0.041288,0.067822,0.34197,22.96,6.1111,1.0042,1.9489,42.396,2.6502,1.3152,0.0093815,0.39367,0.57318,0.30381,1.4006,1.9677,1.3346,0.511,0.22009,34.616,48.064,52.226,1591.6,1.1617,34706,2.8972,1616.4,0.98826,35963,3.8327,1523.8,1.6329,31486,4.8083,1523.8,1.3339,32577,4.8149,1.563,3.6208,-0.17347,-4.2592,-9.2788,0.47118,-4.2592,-6.1353,0.17221
0.10464,0.075106,0.076586,0.051845,0.043073,0.055186,0.69162,22.699,5.8504,0.92371,0.56797,32.165,5.4787,1.0454,0.0092242,0.30784,0.67266,0.41805,1.6156,1.4903,0.5594,0.5124,0.3345,31.951,50.326,45.193,1588.6,0.95811,35466,2.675,1613.2,0.91109,36214,3.9712,1559.8,1.2029,33853,4.0477,1559.8,0.97451,34759,4.0848,1.5508,2.1072,-0.047022,-1.8088,-4.5482,0.24476,-1.8088,-1.9955,0.016402
0.11357,0.053542,0.086097,0.041228,0.031484,0.041002,0.26148,23.209,7.1623,1.9221,1.4629,38.785,6.6101,1.3145,0.0051926,0.30908,0.93609,0.22755,1.0326,0.51901,0.75603,0.54281,0.47103,31.075,51.711,56.962,1574.9,0.91866,35323,2.6295,1643,0.84441,37169,3.9714,1617.9,1.041,35775,4.6578,1617.9,0.86177,36528,4.6963,4.3225,5.2281,-0.074242,2.7294,1.2819,0.12231,2.7294,3.4119,-0.056888
0.060167,0.039012,0.090901,0.012699,0.03156,0.070092,0.58981,22.615,7.2217,0.77446,0.84949,35.077,9.9958,1.1019,0.013794,0.35274,1.4707,0.20999,1.7034,0.6188,0.8075,0.76363,0.30606,37.681,49.994,56.357,1620,0.6824,37352,2.9485,1629.3,0.66684,37634,3.8382,1608.4,0.89869,36159,4.5942,1608.4,0.73043,36876,4.6366,0.57096,0.75466,-0.015561,-0.71628,-3.1931,0.21629,-0.71628,-1.2733,0.048027
0.10949,0.031515,0.14289,0.048988,0.030102,0.047819,0.63478,25.618,7.944,1.9448,0.70754,37.999,2.5334,1.0223,0.011278,0.12274,1.0221,0.38974,1.9328,0.91876,1.1332,0.75581,0.65069,33.989,47.026,50.47,1577,0.83317,35723,2.8097,1608.3,0.91386,36093,3.7601,1583.2,1.4268,33489,4.4328,1583.2,0.97619,35272,4.3908,1.9874,1.0334,0.080692,0.39424,-6.2533,0.59366,0.39424,-1.2623,0.14302
0.086776,0.051111,0.10252,0.034781,0.041338,0.060464,0.6029,23.783,6.1438,1.4877,1.4458,30.142,4.5548,1.1009,0.011346,0.31432,1.2615,0.18164,1.4672,0.67246,1.2972,0.65421,0.67417,34.19,43.075,46.416,1559.6,0.8576,35229,2.8603,1603.5,0.89111,36080,3.4963,1581.1,1.2357,34185,4.0897,1581.1,0.8464,35761,4.0754,2.8155,2.415,0.033514,1.3772,-2.9638,0.3781,1.3772,1.5096,-0.011195
0.062683,0.048943,0.14776,0.033746,0.025228,0.06016,0.47159,22.165,7.8884,0.68442,1.3806,29.585,5.9045,1.0521,0.0074286,0.26931,1.0059,0.35571,1.8332,1.2296,0.91341,0.5667,0.45197,31.505,49.616,50.782,1635.7,0.78519,37263,2.5348,1621.9,0.76676,37027,3.8599,1570.8,1.2312,33981,4.4257,1570.8,0.89842,35315,4.4211,-0.84624,-0.63245,-0.018431,-3.9679,-8.8056,0.44597,-3.9679,-5.2273,0.11323
0.068885,0.070735,0.14375,0.025523,0.032012,0.031304,0.33716,24.474,7.29,0.7717,1.1839,23.881,2.7874,1.1194,0.012294,0.22027,1.1379,0.17007,1.8857,0.562,1.6807,0.89558,0.66669,36.075,48.327,58.424,1630.3,0.84193,36894,2.8586,1580.7,1.1261,34610,3.9785,1573.4,1.8247,31815,5.182,1573.4,0.92886,35248,4.955,-3.0447,-6.1889,0.28418,-3.4883,-13.765,0.98282,-3.4883,-4.46,0.08693
0.063469,0.056329,0.051632,0.019513,0.035058,0.089407,0.72667,24.058,4.6457,1.8957,0.98395,37.771,2.5419,1.0926,0.0061164,0.15143,1.1969,0.22553,1.0474,0.84416,0.70332,0.5852,0.24126,35.513,46.08,44.824,1536.1,0.77103,35050,2.9782,1610.8,0.77912,36722,3.6527,1558,0.9121,34969,3.9396,1558,0.73324,35707,3.9904,4.8675,4.7684,0.0080878,1.4243,-0.23026,0.14107,1.4243,1.8735,-0.037788
0.079969,0.04751,0.12864,0.050165,0.040037,0.057488,0.41416,28.536,6.5852,1.0339,0.66776,26.646,3.878,1.0054,0.010885,0.18437,1.1501,0.2478,1.007,1.89,0.85088,0.72204,0.32559,39.391,48.914,50.445,1603.7,0.76636,36614,3.1126,1591.3,0.93364,35629,3.9357,1524.4,1.2088,33061,4.5284,1524.4,0.9054,34242,4.5342,-0.77557,-2.6915,0.16729,-4.9495,-9.7046,0.44247,-4.9495,-6.4782,0.13904
0.1338,0.08156,0.13306,0.03748,0.042689,0.078547,0.56152,25.958,7.6296,1.7954,0.61114,22.746,3.7439,1.3238,0.0088854,0.35602,1.3186,0.25764,1.7042,0.62129,0.60418,0.55019,0.43176,35.816,48.285,59.93,1545.5,1.018,34266,3.0372,1588.6,1.3808,33781,4.031,1555.4,1.8206,31466,5.3535,1555.4,1.377,33090,5.2919,2.7901,-1.4139,0.36276,0.64188,-8.1721,0.80256,0.64188,-3.4322,0.35895
0.11995,0.067531,0.12651,0.030851,0.042178,0.035463,0.4647,25.496,5.9073,1.3371,0.80522,39.536,6.2941,1.0984,0.010201,0.14652,1.157,0.31985,1.0894,0.64913,1.6604,0.67807,0.4975,35.252,44.619,58.782,1575.3,1.0009,34996,2.9366,1625.9,0.97192,36241,3.5734,1613.2,1.3422,34457,4.9041,1613.2,0.98533,35904,4.8776,3.2116,3.5589,-0.028963,2.4094,-1.5398,0.34128,2.4094,2.5943,-0.015552
0.087959,0.048286,0.1408,0.029154,0.036585,0.073266,0.58794,22.949,4.6114,0.75599,0.99605,42.621,4.0509,1.1892,0.0049781,0.33351,0.9734,0.25139,1.4967,0.81251,0.51838,0.86055,0.41833,31.996,41.565,50.982,1597.9,0.93262,35781,2.6574,1629.8,0.80342,37048,3.3169,1582.6,1.1157,34693,4.3694,1582.6,0.83115,35858,4.3799,1.9964,3.543,-0.12921,-0.95991,-3.0386,0.18311,-0.95991,0.21705,-0.10147
0.090205,0.061768,0.11279,0.040049,0.044208,0.037775,0.34611,28.774,5.6541,1.3761,0.51903,42.275,3.9155,1.2829,0.013896,0.30205,0.85517,0.35683,1.6172,1.0942,0.59746,0.60911,0.40661,38.284,43.963,58.926,1574.7,0.83162,35677,3.1096,1616.3,0.82225,36661,3.5102,1593.7,1.1526,34789,4.9051,1593.7,0.89318,35850,4.9133,2.6459,2.7581,-0.0093661,1.2077,-2.4909,0.32102,1.2077,0.48434,0.061565
0.095692,0.0632,0.10538,0.059735,0.027333,0.03469,0.29273,22.366,5.4365,0.8982,1.0106,33.865,5.8422,1.0631,0.0036068,0.36612,1.3302,0.39695,1.5348,0.59246,1.5028,0.94741,0.40272,35.815,47.672,56.842,1614.8,0.95322,36074,2.8926,1636.3,0.91606,36712,3.7394,1613.1,1.2715,34735,4.7439,1613.1,0.89163,36294,4.7126,1.3301,1.7687,-0.037161,-0.10571,-3.7106,0.31828,-0.10571,0.61216,-0.061593
0.096854,0.044447,0.05085,0.041146,0.040424,0.056463,0.44389,28.516,4.8309,1.8827,1.3813,43.037,8.0265,1.288,0.007873,0.18887,1.1165,0.17967,1.8993,1.8186,0.76774,0.54101,0.31983,34.801,49.124,52.275,1542.5,0.8134,35022,2.9254,1638,0.75041,37465,3.7849,1562.4,0.96527,34853,4.4669,1562.4,0.83786,35374,4.5285,6.1921,6.9764,-0.062986,1.2935,-0.48137,0.15187,1.2935,1.0048,0.024466
0.093362,0.084296,0.08245,0.046512,0.044051,0.07831,0.71995,23.079,5.4434,1.132,1.2344,27.151,9.3663,1.314,0.012857,0.35599,0.59126,0.26074,1.9819,1.7538,0.72517,0.93083,0.28332,32.205,39.763,46.581,1567.2,0.98675,34873,2.7351,1619.2,0.81265,36768,3.2202,1528.5,1.2285,33076,4.24,1528.5,0.86208,34509,4.2321,3.319,5.4333,-0.17411,-2.4677,-5.1534,0.24177,-2.4677,-1.0439,-0.12467
0.11506,0.039958,0.10048,0.018389,0.040331,0.079362,0.40962,23.379,7.4814,1.4526,1.0886,32.718,3.3377,1.2129,0.010376,0.19759,1.4851,0.21026,1.0965,0.94562,1.1145,0.72647,0.58785,37.857,39.964,47.419,1571.9,0.88066,35412,3.0969,1601.6,0.99847,35591,3.3152,1554.8,1.2299,33639,4.2292,1554.8,0.91902,34870,4.2375,1.8906,0.50544,0.11781,-1.0908,-5.0081,0.34924,-1.0908,-1.5313,0.038359
0.083897,0.079156,0.092285,0.035806,0.034763,0.036234,0.29086,28.501,6.9402,1.1672,0.95461,40.521,5.7716,1.1327,0.009758,0.24376,1.1807,0.25701,1.5071,0.78964,0.74358,0.55567,0.23272,36.754,43.904,59.915,1611.1,0.83345,36496,2.9365,1630.4,0.85679,36832,3.4851,1610.4,1.1228,35275,4.9114,1610.4,0.91365,36141,4.9367,1.1947,0.91974,0.023337,-0.04451,-3.3446,0.28935,-0.04451,-0.97374,0.0802
0.117,0.050468,0.060669,0.00071395,0.038808,0.085687,0.54199,23.433,5.3207,0.549,0.52168,22.484,4.4083,1.2434,0.010006,0.18072,0.84202,0.20609,1.94,1.4657,0.64614,0.7115,0.46376,38.109,47.807,56.09,1613,0.9291,36134,3.0461,1590.5,1.0188,35261,3.8862,1508.6,1.3688,32125,5.0528,1508.6,1.0495,33327,5.0441,-1.3948,-2.416,0.089708,-6.4718,-11.096,0.43965,-6.4718,-7.769,0.12042
0.086185,0.064741,0.098817,0.022192,0.025904,0.03719,0.65874,24.895,6.8146,1.3201,1.9968,34.511,7.4337,1.0625,0.0069001,0.15562,1.3306,0.15192,1.4285,0.88263,0.74142,0.89957,0.46709,39.386,42.115,52.177,1610.2,0.87878,36284,3.1262,1636,0.85325,36974,3.3532,1609.2,1.0944,35365,4.3723,1609.2,0.77507,36702,4.3693,1.6007,1.9033,-0.025529,-0.061827,-2.5308,0.21566,-0.061827,1.1544,-0.1037
0.11477,0.035227,0.055708,0.058642,0.031978,0.077261,0.42557,27.576,6.8076,0.93252,0.53042,40.307,6.2271,1.1419,0.0068013,0.33922,1.1507,0.25501,1.3519,1.9185,0.70219,0.89345,0.31534,35.402,47.243,58.76,1617.8,0.79823,36798,2.8262,1633.5,0.81494,37083,3.6889,1526.5,0.96982,34034,5.0395,1526.5,0.81324,34660,5.0869,0.97356,0.77687,0.016703,-5.6442,-7.5102,0.17158,-5.6442,-5.8093,0.015004
0.068138,0.066387,0.077339,0.031311,0.039634,0.058051,0.47459,27.523,6.0127,1.9626,0.64792,33.748,8.625,1.2962,0.013023,0.16895,1.3084,0.4243,1.8619,0.74064,1.5819,0.73486,0.32084,38.858,43.898,58.408,1543.7,0.75308,35297,3.1933,1625.1,0.74807,37182,3.4673,1603.1,1.0946,35229,4.8194,1603.1,0.8276,36339,4.8253,5.2768,5.3385,-0.0050073,3.8498,-0.19266,0.34154,3.8498,2.9498,0.074522
0.089534,0.079807,0.11759,0.0096872,0.044015,0.036111,0.55339,27.024,6.1312,0.55229,1.0868,44.156,5.0299,1.2409,0.005083,0.10058,1.4141,0.38719,1.8925,1.5621,1.9207,0.6635,0.40949,33.823,48.018,54.608,1626.9,0.9131,36513,2.7288,1635.1,0.90954,36712,3.7636,1588.9,1.4784,33413,4.7301,1588.9,1.0587,35063,4.6896,0.50179,0.54349,-0.0035665,-2.3358,-8.4894,0.56527,-2.3358,-3.9717,0.14562
0.1055,0.038704,0.073964,0.028047,0.034042,0.061242,0.74995,25.234,4.8561,0.52191,0.77393,44.313,9.3903,1.316,0.0068854,0.20617,0.77493,0.44948,1.2224,0.51193,1.7566,0.885,0.21654,32.807,46.721,48.131,1621,0.86384,36589,2.6605,1645.4,0.73997,37682,3.6074,1621.3,0.99141,36057,4.0324,1621.3,0.84684,36668,4.0893,1.5079,2.9867,-0.12388,0.018626,-1.4535,0.12757,0.018626,0.21695,-0.016999
0.071983,0.078837,0.091629,0.019768,0.028019,0.087607,0.3385,28.901,5.169,1.5146,0.74145,41.161,6.662,1.1527,0.014597,0.32069,0.62859,0.31358,1.3741,1.4184,1.1613,0.52702,0.36992,36.447,39.735,50.357,1592.9,0.82262,36128,2.9468,1623.9,0.74139,37183,3.1918,1548.2,1.105,33983,4.418,1548.2,0.85755,34972,4.4421,1.9482,2.9204,-0.081232,-2.8048,-5.9394,0.28239,-2.8048,-3.1998,0.03493
0.12948,0.077732,0.059894,0.041472,0.039161,0.032927,0.675,23.167,4.6566,0.82226,1.3371,25.124,4.5354,1.0993,0.013785,0.17589,1.2026,0.36716,1.336,0.85313,1.9524,0.55468,0.2271,34.132,40.222,55.281,1596.2,1.1271,34947,2.8477,1592.4,1.2135,34517,3.4065,1583.2,1.4864,33263,4.7985,1583.2,1.1953,34390,4.8021,-0.24146,-1.2293,0.08636,-0.81749,-4.8203,0.35925,-0.81749,-1.5938,0.068168
0.085657,0.06542,0.14272,0.047341,0.025995,0.061291,0.33519,25.751,7.8353,0.66941,1.4982,42.228,8.2221,1.2191,0.0098523,0.19205,0.9216,0.37793,1.9183,0.53839,1.2748,0.55164,0.20534,30.279,38.722,55.42,1641.2,0.88108,36972,2.4632,1639.6,0.79382,37313,3.107,1618.7,1.3536,34528,4.6573,1618.7,1.134,35411,4.6849,-0.098331,0.9234,-0.087262,-1.3737,-6.6106,0.47257,-1.3737,-4.2229,0.2529
0.074768,0.076051,0.10027,0.015605,0.02716,0.046082,0.58444,25.317,5.975,1.8185,0.7445,44.819,4.5994,1.3067,0.004126,0.14869,1.0169,0.34178,1.2332,1.2701,0.61259,0.64381,0.25334,32.901,38.878,51.651,1582.6,0.84217,35814,2.7269,1642.2,0.79734,37357,3.1132,1591.5,1.0453,35173,4.3685,1591.5,0.81391,36132,4.3953,3.7633,4.3074,-0.044829,0.55714,-1.7883,0.20316,0.55714,0.88913,-0.028257
0.13746,0.051461,0.13052,0.0067475,0.031965,0.035579,0.25409,22.583,5.1705,0.90887,0.67401,25.009,5.3004,1.012,0.013122,0.29306,0.83324,0.36147,1.3439,0.93542,1.1083,0.80094,0.64742,34.549,42.852,55.854,1607.5,1.0844,35369,2.8474,1600.9,1.0913,35195,3.5395,1588.5,1.484,33384,4.8226,1588.5,1.0271,35183,4.766,-0.41197,-0.49137,0.0069009,-1.1819,-5.6118,0.39964,-1.1819,-0.52496,-0.057264
0.091856,0.05523,0.071547,0.034114,0.044309,0.050699,0.66839,26.865,4.691,1.8756,1.6165,31.473,8.4817,1.2718,0.0056907,0.28651,0.87915,0.36274,1.4058,1.006,0.9777,0.55236,0.45089,34.345,51.652,52.947,1522.7,0.87317,34333,2.9442,1634,0.76758,37299,3.9662,1592.4,1.0176,35308,4.4465,1592.4,0.82031,36127,4.4831,7.3085,8.6387,-0.1056,4.5787,2.8383,0.14447,4.5787,5.2251,-0.052862
0.12748,0.079055,0.087305,0.011449,0.032384,0.071039,0.46471,24.76,4.7581,1.2431,0.57682,37.273,7.2137,1.0646,0.014869,0.29784,0.97768,0.4417,1.0896,1.0432,1.6335,0.92522,0.54784,35.471,46.637,56.035,1586.1,1.0828,34903,2.9498,1620.4,0.97413,36111,3.7225,1582.1,1.2526,34142,4.773,1582.1,0.85735,35740,4.7371,2.1666,3.4606,-0.10867,-0.24842,-2.1816,0.16981,-0.24842,2.3962,-0.22545
0.13837,0.083183,0.14456,0.040676,0.032993,0.039806,0.36122,24.393,7.3177,0.8539,0.96702,25.427,4.9207,1.0575,0.0093061,0.17104,1.3141,0.33349,1.5937,1.4048,1.1202,0.55313,0.53321,31.015,42.587,51.391,1623.7,1.0944,35683,2.5802,1604.4,1.3234,34343,3.5746,1569.7,1.803,31817,4.6638,1569.7,1.2998,33689,4.6027,-1.1855,-3.7559,0.22903,-3.3278,-10.835,0.7086,-3.3278,-5.5875,0.20545
0.10356,0.037742,0.13069,0.056892,0.033548,0.070138,0.29382,24.776,5.8442,1.2667,0.9376,28.429,6.4786,1.2083,0.013038,0.1501,0.64947,0.29306,1.6343,1.0246,1.9543,0.55288,0.32032,36.351,48.537,51.669,1591.8,0.88184,35855,2.9555,1611.7,0.82136,36561,3.8277,1570.6,1.4322,33203,4.5567,1570.6,1.1612,34252,4.5725,1.2525,1.9688,-0.060489,-1.3307,-7.3973,0.5504,-1.3307,-4.4732,0.27939
0.060896,0.089666,0.12769,0.031138,0.042329,0.059719,0.40315,27.315,5.3414,1.9318,0.61753,38.286,2.6907,1.1057,0.011921,0.37375,1.2754,0.29572,1.4659,1.1203,1.0797,0.70451,0.35239,30.542,42.02,56.965,1535.4,0.8417,34747,2.6438,1605.7,0.93609,35941,3.4315,1564.8,1.364,33339,4.933,1564.8,0.92079,35087,4.8775,4.5778,3.4351,0.094395,1.9132,-4.0543,0.52235,1.9132,0.97895,0.079096
0.10163,0.064591,0.12009,0.050399,0.044075,0.087454,0.61264,28.658,4.7737,0.56358,0.72152,44.312,5.8644,1.1025,0.013128,0.18678,1.3333,0.2335,1.9239,0.85058,1.544,0.56007,0.38617,34.099,48.415,54.745,1613.5,0.92209,36174,2.772,1617.1,0.90171,36341,3.8299,1576.3,1.4186,33374,4.7571,1576.3,1.0997,34619,4.7513,0.22334,0.46126,-0.020387,-2.3082,-7.7402,0.49646,-2.3082,-4.2983,0.17759
0.10727,0.056277,0.072653,0.010048,0.042817,0.05094,0.52222,25.896,5.7046,1.8683,0.65728,30.817,3.1638,1.2435,0.01276,0.27899,1.3232,0.1586,1.7769,0.57952,0.79113,0.91342,0.45221,33.406,47.887,50.926,1535.9,0.88096,34600,2.8539,1596.2,1.0182,35389,3.8778,1580.9,1.2908,33965,4.4274,1580.9,0.92291,35439,4.4112,3.9246,2.2812,0.13724,2.9272,-1.8345,0.40981,2.9272,2.4261,0.04195
0.080181,0.08861,0.061203,0.030988,0.040761,0.033573,0.6634,22.988,6.0121,1.0012,1.9202,36.166,6.5948,1.1063,0.0091088,0.14094,1.1952,0.15235,1.3598,1.276,0.56642,0.78527,0.50033,38.199,48.734,54.078,1592.1,0.9213,35697,3.0905,1625.7,0.85975,36714,3.8189,1595.5,1.0528,35232,4.5278,1595.5,0.73074,36577,4.5206,2.1127,2.8468,-0.061546,0.21314,-1.3035,0.13148,0.21314,2.4657,-0.19056
0.10374,0.041791,0.066899,0.0033117,0.043349,0.085303,0.57946,23.976,4.5608,1.7523,0.90504,39.362,4.0168,1.2677,0.012511,0.20714,1.1313,0.27419,1.4987,0.94966,0.57263,0.5788,0.62259,34.855,40.765,47.985,1524.7,0.89291,34301,2.9811,1609.4,0.83397,36454,3.3128,1562.2,1.0168,34642,4.1825,1562.2,0.82297,35432,4.2261,5.5511,6.2784,-0.058941,2.4597,0.99589,0.12392,2.4597,3.2982,-0.069944
0.093721,0.057133,0.050344,0.011791,0.041485,0.054942,0.64991,26.4,5.6164,1.1678,1.0517,33.614,3.6606,1.2924,0.012873,0.17298,0.72272,0.21588,1.2583,0.59903,1.1089,0.65573,0.6451,32.091,38.977,55.558,1581.8,0.82723,35856,2.6698,1603.4,0.83508,36314,3.2043,1586.7,1.0655,34988,4.6601,1586.7,0.80461,36065,4.672,1.3698,1.2771,0.0078497,0.31523,-2.4232,0.23827,0.31523,0.58045,-0.022626
0.11145,0.063086,0.060785,0.028857,0.025186,0.04191,0.61777,28.748,5.972,0.6287,1.9548,31.101,2.9648,1.059,0.0053707,0.37766,0.73621,0.21049,1.315,0.82161,0.59601,0.75506,0.58982,33.353,49.917,50.073,1640.6,0.90224,36867,2.6725,1612.9,0.99802,35844,3.9701,1581.9,1.2454,34165,4.3493,1581.9,0.90586,35533,4.3438,-1.6885,-2.7761,0.095779,-3.5803,-7.331,0.34312,-3.5803,-3.6208,0.003615
0.089125,0.054362,0.079429,0.056311,0.038156,0.060871,0.41602,23.658,7.2462,0.76981,1.5919,40.915,2.6568,1.1936,0.0054481,0.36426,0.71371,0.35602,1.8877,0.54254,0.66272,0.9067,0.26561,33.115,40.66,44.362,1616.8,0.82799,36648,2.6808,1621.8,0.80004,36880,3.272,1593.3,1.1153,34932,3.879,1593.3,0.84261,36055,3.9027,0.30645,0.63416,-0.02795,-1.451,-4.6827,0.2873,-1.451,-1.619,0.014627
0.062626,0.059936,0.062259,0.010063,0.033006,0.041656,0.67744,25.096,4.8024,1.0437,0.68832,41.343,9.9945,1.0528,0.01133,0.29083,0.77283,0.27464,1.6592,1.4786,1.3194,0.91633,0.42503,38.366,46.97,44.947,1597.4,0.76185,36488,3.0547,1638.5,0.64821,37930,3.6136,1598.7,0.93085,35807,3.8529,1598.7,0.66831,36921,3.8777,2.5766,3.9513,-0.11364,0.086067,-1.8664,0.169,0.086067,1.1884,-0.093533
0.068781,0.076485,0.10995,0.0085325,0.042807,0.06349,0.50793,28.724,5.1022,0.7164,0.50613,25.034,9.8681,1.3488,0.0074774,0.2724,1.4143,0.18376,1.9293,0.7196,1.0077,0.74448,0.33163,30.169,48.73,51.196,1611.2,0.80828,36605,2.488,1631.6,0.81363,37045,3.7918,1595.6,1.215,34582,4.3807,1595.6,0.89026,35906,4.3781,1.2645,1.2014,0.005346,-0.96712,-5.5263,0.40668,-0.96712,-1.9089,0.081976
0.12458,0.084082,0.069246,0.02527,0.044935,0.075319,0.73629,24.554,6.0657,0.82605,1.6309,34.563,8.2783,1.0957,0.0057593,0.11753,1.3908,0.27158,1.9998,0.83512,0.69338,0.69057,0.56134,35.862,41.056,51.484,1594.7,1.0464,35241,2.9529,1628.5,1.0165,36113,3.3387,1584.5,1.2748,34105,4.4516,1584.5,0.96254,35357,4.4528,2.1223,2.4764,-0.029889,-0.64066,-3.2227,0.22841,-0.64066,0.3303,-0.083892
0.10809,0.034564,0.073233,0.0089444,0.034722,0.031705,0.50046,28.025,4.6536,0.96829,1.7071,23.08,4.9616,1.2984,0.014662,0.29516,0.65285,0.38843,1.6052,0.653,0.67539,0.52255,0.53581,30.699,45.318,54.144,1607.1,0.86584,36268,2.5411,1598.9,0.85475,36129,3.6492,1590.2,1.133,34792,4.5747,1590.2,0.93541,35597,4.6107,-0.51074,-0.38212,-0.011089,-1.0525,-4.0707,0.26719,-1.0525,-1.8501,0.069571
0.083203,0.043334,0.13526,0.024609,0.044773,0.032098,0.5052,27.571,7.5828,1.3927,1.6658,33.488,5.7695,1.0829,0.0045856,0.29505,0.73659,0.37829,1.7995,1.3648,0.58561,0.70687,0.61981,35.915,48.052,52.825,1577.2,0.81726,35796,2.9383,1626.9,0.76586,37144,3.744,1590.1,1.138,34770,4.4845,1590.1,0.80307,36148,4.4753,3.1458,3.7668,-0.051395,0.81772,-2.8656,0.32076,0.81772,0.98487,-0.014193
0.1191,0.057415,0.064838,0.057723,0.025627,0.044442,0.49119,25.137,7.845,1.6493,0.76933,41.903,8.6674,1.3001,0.012013,0.28135,1.3794,0.24979,1.0273,1.4813,1.2113,0.79911,0.30492,37.962,48.101,59.967,1603.9,0.87435,36158,3.0409,1639.9,0.88145,36940,3.7502,1594.9,1.0501,35230,4.9359,1594.9,0.85384,36042,4.9659,2.2451,2.1605,0.0071058,-0.5592,-2.5676,0.17575,-0.5592,-0.3213,-0.020512
0.11852,0.033284,0.076216,0.058254,0.025584,0.047704,0.59601,22.601,7.6675,1.2585,1.8132,26.857,9.2722,1.0439,0.0079386,0.21974,1.3353,0.32144,1.8284,0.61129,1.2069,0.81753,0.29432,35.748,43.961,54.013,1612.9,0.87537,36357,2.8747,1631.2,0.87971,36752,3.4931,1612.1,1.1425,35233,4.5067,1612.1,0.96699,35956,4.5499,1.1364,1.0853,0.0043408,-0.046086,-3.0935,0.26714,-0.046086,-1.1052,0.091621
0.11165,0.034268,0.08644,0.031762,0.041141,0.066552,0.54676,22.645,6.6967,1.2767,1.8642,39.532,3.8786,1.2877,0.0061784,0.26213,1.4672,0.4198,1.9348,0.7715,0.79722,0.55093,0.60237,32.957,47.006,53.076,1574.8,0.88983,35439,2.7542,1622.6,0.88444,36539,3.7173,1584.3,1.1451,34613,4.5211,1584.3,0.91075,35566,4.5458,3.0389,3.1035,-0.0053916,0.60249,-2.3297,0.25529,0.60249,0.358,0.020913
0.12284,0.083813,0.09975,0.022579,0.04258,0.075921,0.32159,25.167,5.0431,1.0784,0.5686,28.402,9.4726,1.0244,0.0090804,0.13574,0.61102,0.36611,1.2544,1.9842,1.7154,0.71592,0.61566,38.352,47.73,44.882,1581.7,1.0655,34877,3.1553,1622.3,0.94747,36265,3.7846,1524,1.3716,32441,4.172,1524,0.94066,34093,4.148,2.5655,3.9781,-0.11801,-3.6531,-6.9868,0.30611,-3.6531,-2.2489,-0.12482
0.1221,0.088799,0.089749,0.031962,0.029503,0.063109,0.74547,26.583,4.8551,0.64963,0.68939,44.738,7.3503,1.2323,0.012636,0.17669,1.4329,0.16661,1.2979,1.6677,1.0014,0.8749,0.28724,33.719,38.485,51.635,1621.3,1.0632,35759,2.7622,1632.1,0.99853,36268,3.1538,1563,1.27,33660,4.5221,1563,0.94699,34940,4.5194,0.66496,1.4221,-0.064704,-3.5995,-5.87,0.2068,-3.5995,-2.2917,-0.11625
0.081026,0.05068,0.071481,0.011946,0.034886,0.067199,0.31505,24.523,7.1828,0.66049,0.64365,23.501,3.5745,1.1492,0.011005,0.13134,1.3642,0.37778,1.4136,1.7026,0.74399,0.70796,0.33022,33.498,48.827,49.11,1627.7,0.74943,37235,2.6724,1585.3,0.99319,35249,3.9623,1514.2,1.2063,32850,4.4595,1514.2,0.88751,34085,4.4624,-2.6053,-5.3315,0.24376,-6.9725,-11.776,0.45688,-6.9725,-8.4593,0.13807
0.068618,0.055217,0.11926,0.029523,0.031898,0.042268,0.47013,24.065,6.4386,0.56434,0.64068,38.469,5.1661,1.1482,0.0063863,0.37599,0.84959,0.35389,1.6131,0.93391,1.2875,0.94913,0.39294,31.596,46.014,53.787,1632.5,0.77088,37252,2.543,1633.2,0.73375,37429,3.5861,1599.9,1.1814,34808,4.5386,1599.9,0.81627,36314,4.5177,0.039133,0.47452,-0.037132,-2.001,-6.5596,0.4105,-2.001,-2.5191,0.045391
0.13356,0.085188,0.13502,0.031291,0.027,0.052948,0.63431,24.47,7.7449,0.60334,0.76685,22.797,7.1654,1.091,0.010352,0.3489,0.72333,0.2404,1.9495,1.5396,0.59425,0.76901,0.61387,32.636,46.712,44.063,1640.3,1.0486,36238,2.6544,1614.5,1.1063,35433,3.7785,1561.3,1.6279,32279,4.0892,1561.3,1.0952,34309,4.0379,-1.5697,-2.2233,0.057629,-4.8147,-10.925,0.5793,-4.8147,-5.3253,0.046511
0.0869,0.061994,0.051267,0.046444,0.035932,0.032837,0.70755,23.403,7.4618,1.5482,1.8127,23.93,6.7074,1.2484,0.014974,0.39052,1.3755,0.31558,1.1078,0.63924,0.64577,0.63578,0.29321,37.475,49.846,59.729,1576.8,0.80978,35816,3.0447,1609.1,0.88025,36251,3.9398,1600.6,0.98493,35623,4.8782,1600.6,0.78879,36446,4.908,2.0484,1.2136,0.070466,1.5097,-0.53823,0.17515,1.5097,1.7587,-0.020989
0.12603,0.030704,0.1018,0.01214,0.038089,0.045723,0.53661,25.168,7.7173,1.1512,1.8488,43.983,9.3062,1.2566,0.0043421,0.33687,0.70066,0.22242,1.1101,1.0918,0.72996,0.77827,0.61809,33.78,47.183,52.838,1600.6,0.90743,35946,2.7695,1650.9,0.78635,37602,3.6384,1605.5,1.0374,35516,4.4093,1605.5,0.82492,36404,4.4408,3.1401,4.6062,-0.12108,0.30346,-1.1975,0.12992,0.30346,1.2722,-0.082511
0.095685,0.085918,0.1139,0.0012336,0.031561,0.089795,0.3,27.29,5.5862,1.6008,0.78134,27.2,5.1671,1.1183,0.010362,0.1303,0.74683,0.39423,1.4212,0.55477,1.9331,0.59676,0.45205,37.897,43.557,56.525,1581,0.94527,35350,3.0969,1604.7,0.99491,35674,3.554,1579.9,1.5125,33094,4.9077,1579.9,1.0753,34796,4.8564,1.4996,0.91653,0.049635,-0.073088,-6.3824,0.56718,-0.073088,-1.5673,0.13
0.073251,0.063073,0.067975,0.056062,0.039591,0.050994,0.44865,22.242,6.813,0.76089,1.5642,36.178,3.5313,1.218,0.014258,0.11816,1.475,0.22757,1.9786,1.9635,0.98467,0.7408,0.35705,34.688,41.506,48.388,1611.8,0.80563,36630,2.7902,1604,0.85304,36251,3.3789,1542.7,1.1573,33659,4.309,1542.7,0.84183,34913,4.3139,-0.48779,-1.0365,0.047405,-4.286,-8.112,0.35163,-4.286,-4.6894,0.036198
0.13558,0.084257,0.14122,0.053673,0.038713,0.060529,0.27484,23.848,6.8007,0.85667,1.0476,30.194,6.5055,1.0081,0.009687,0.14762,1.1256,0.3868,1.2214,1.0713,0.61637,0.90539,0.57956,31.471,45.052,52.42,1610.6,1.1141,35316,2.6363,1614.6,1.149,35259,3.6762,1577.3,1.4111,33424,4.5844,1577.3,0.93395,35313,4.5285,0.24325,-0.16039,0.034964,-2.0726,-5.3564,0.29697,-2.0726,-0.0076922,-0.18014
0.090779,0.082963,0.1312,0.041483,0.038172,0.048914,0.2616,28.586,6.9484,0.66701,1.6468,41.105,8.2682,1.1185,0.0077815,0.37724,1.1667,0.18566,1.1863,0.6547,0.66219,0.83347,0.51093,34.238,51.171,46.887,1631.8,0.93143,36544,2.7522,1639.6,0.87313,36969,3.9523,1614,1.1435,35270,4.0112,1614,0.79508,36726,4.0083,0.47928,1.1632,-0.05831,-1.0876,-3.4863,0.21203,-1.0876,0.49627,-0.13636
0.080227,0.06757,0.089466,0.018271,0.037685,0.070813,0.51153,26.209,5.0111,1.7427,0.60136,37.768,5.1348,1.0607,0.0094897,0.29217,0.91509,0.16103,1.0436,0.56442,1.901,0.63893,0.51458,36.393,44.575,57.928,1551.7,0.84472,35103,3.0263,1620,0.81058,36796,3.54,1595.5,1.1422,34870,4.8262,1595.5,0.82697,36169,4.8154,4.4065,4.8232,-0.034141,2.8242,-0.66252,0.29748,2.8242,3.0373,-0.017752
0.095596,0.058699,0.066804,0.044227,0.026386,0.045233,0.36098,24.407,5.5002,1.31,1.6338,34.102,3.5689,1.1046,0.011116,0.18527,1.0584,0.22854,1.9902,1.0085,0.61928,0.50623,0.59199,32.902,39.967,54.319,1603.2,0.89191,36070,2.7021,1611.8,0.90641,36201,3.2719,1583.1,1.1908,34406,4.6274,1583.1,0.93427,35443,4.6431,0.53407,0.36464,0.014497,-1.2538,-4.6122,0.29889,-1.2538,-1.739,0.042361
0.087325,0.040071,0.14743,0.013798,0.041671,0.087161,0.69985,23.651,7.0947,1.325,0.98358,25.546,5.0953,1.2797,0.0033894,0.32717,0.64419,0.35206,1.9084,0.54249,1.5053,0.5109,0.36541,38.131,39.935,50.035,1569,0.82836,35564,3.1093,1612.1,0.8071,36631,3.2446,1573.7,1.4829,33076,4.4466,1573.7,1.159,34326,4.4474,2.7454,3.0006,-0.021252,0.29384,-6.9963,0.65453,0.29384,-3.4794,0.33068
0.10523,0.038711,0.059514,0.059426,0.032432,0.034642,0.6556,26.632,4.684,1.5022,0.52309,24.126,6.4771,1.3273,0.0068457,0.25064,1.087,0.30486,1.9174,0.79912,1.7374,0.93226,0.39159,34.617,46.305,48.322,1578.3,0.83453,35748,2.8508,1623.3,0.84362,36729,3.6573,1595.6,1.188,34689,4.1712,1595.6,0.91424,35806,4.1894,2.8542,2.7452,0.0090946,1.0969,-2.9607,0.35346,1.0969,0.16272,0.079715
0.10577,0.085903,0.12295,0.04964,0.037263,0.062718,0.33303,27.289,4.6734,1.5938,0.93945,30.276,4.9087,1.1225,0.0057949,0.29481,1.253,0.44601,1.1349,1.5008,0.74239,0.66971,0.60492,30.349,40.572,56.179,1565.4,1.0323,34649,2.6171,1617,1.0861,35570,3.347,1549.7,1.3458,33086,4.9171,1549.7,0.91621,34767,4.8679,3.2978,2.6564,0.053839,-1.0024,-4.5128,0.31352,-1.0024,0.3402,-0.11608
0.078425,0.04037,0.057697,0.013474,0.041716,0.082746,0.25422,26.33,6.2985,1.4146,1.5176,43.543,9.0693,1.1671,0.011522,0.22011,1.258,0.34564,1.086,0.8117,1.1696,0.61113,0.51375,36.647,50.25,48.415,1572.5,0.7319,36045,2.9783,1631.5,0.69026,37582,3.8566,1593,0.82522,36121,4.0722,1593,0.67423,36764,4.1268,3.7554,4.2626,-0.04164,1.3076,0.2089,0.093321,1.3076,1.9944,-0.05767
0.068229,0.071309,0.13217,0.039174,0.026883,0.04286,0.62104,26.201,4.9446,0.64335,1.5278,34.376,4.7292,1.2094,0.013887,0.28222,0.53569,0.27698,1.6295,0.52006,0.59234,0.61956,0.59153,35.226,39.207,48.371,1627.5,0.89583,36600,2.8182,1615.8,0.77692,36845,3.181,1606,1.1696,34990,4.1418,1606,0.80557,36499,4.1314,-0.71782,0.66837,-0.1189,-1.3199,-4.3992,0.27375,-1.3199,-0.27643,-0.090253
0.10561,0.084014,0.10731,0.039961,0.044844,0.078187,0.30063,26.564,6.5872,0.53607,1.6496,36.503,6.5516,1.0206,0.014642,0.3214,1.0144,0.33486,1.6918,1.4387,0.82468,0.5965,0.52872,33.903,43.384,56.12,1624.8,0.98255,36174,2.752,1612,0.9479,36031,3.5138,1547.3,1.3189,33136,4.9108,1547.3,0.96735,34507,4.8901,-0.79298,-0.39323,-0.034643,-4.7744,-8.397,0.33633,-4.7744,-4.6064,-0.015191
0.082999,0.086105,0.12503,0.044046,0.02924,0.042945,0.48152,26.826,6.5776,1.1632,0.62948,37.185,7.3175,1.194,0.01028,0.16737,1.2494,0.34018,1.5898,0.6578,1.7249,0.80737,0.26391,39.481,43.102,50.95,1613.5,0.87614,36368,3.1257,1632.7,0.88426,36766,3.4338,1614.7,1.3842,34323,4.3662,1614.7,1.0217,35786,4.3524,1.1905,1.0949,0.0081243,0.077341,-5.6217,0.50808,0.077341,-1.6005,0.14556
0.11581,0.066557,0.1012,0.031142,0.039962,0.073087,0.39502,25.973,4.9879,0.57357,1.8213,22.412,6.5224,1.1423,0.00784,0.37514,0.95201,0.37082,1.1989,1.4733,0.64997,0.57759,0.23046,35.746,50.499,46.629,1616.3,1.0323,35776,2.9025,1609.2,1.0176,35679,4.025,1536.5,1.2784,33059,4.2372,1536.5,1.0387,33985,4.2698,-0.44124,-0.2712,-0.014732,-4.9371,-7.5963,0.24608,-4.9371,-5.007,0.0063552
0.12732,0.073681,0.096077,0.057729,0.036255,0.07853,0.34652,28.689,7.398,1.3811,0.97059,30.304,5.4559,1.2389,0.0089515,0.38248,1.185,0.19813,1.3977,0.69246,0.81269,0.71394,0.3913,32.941,38.565,59.233,1592.5,0.95503,35568,2.7359,1616,1.058,35665,3.2048,1578.7,1.3549,33670,5.0483,1578.7,1.0365,34927,5.035,1.4764,0.27278,0.10294,-0.86947,-5.3357,0.39984,-0.86947,-1.8018,0.081494
0.087518,0.03994,0.08701,0.045485,0.027792,0.037671,0.64502,28.139,7.4335,0.97553,1.6486,33.105,4.4079,1.2211,0.0052298,0.26726,1.4105,0.25092,1.573,1.7586,0.52876,0.7276,0.45766,34.875,50.177,53.69,1629,0.76881,37180,2.7656,1626.7,0.83223,36854,3.9051,1571,1.0342,34765,4.5649,1571,0.806,35700,4.5906,-0.14041,-0.8771,0.063419,-3.5614,-6.4939,0.26541,-3.5614,-3.9794,0.037184
0.093937,0.062245,0.14899,0.012019,0.030088,0.079164,0.7133,23.289,4.5434,0.77724,0.67432,42.629,4.0759,1.0984,0.014467,0.26158,0.51474,0.253,1.9729,1.5442,0.50505,0.75508,0.59179,31.439,41.9,59.807,1603.1,0.98605,35675,2.6213,1615.1,0.81913,36647,3.3735,1540.2,1.2954,33074,5.1936,1540.2,0.8876,34670,5.144,0.74892,2.7246,-0.16693,-3.9225,-7.2903,0.30931,-3.9225,-2.8171,-0.098454
0.088159,0.076201,0.095427,0.042909,0.028452,0.073282,0.36615,22.257,5.3061,0.7606,1.4056,38.043,7.9326,1.3213,0.0082779,0.3496,1.4236,0.17508,1.7223,0.70028,1.6062,0.89588,0.31436,34.311,39.699,56.566,1612.3,0.98059,35902,2.8008,1638.5,0.85761,37013,3.1888,1599.7,1.2645,34474,4.7618,1599.7,0.92407,35857,4.7448,1.6302,3.0938,-0.12297,-0.77716,-3.9761,0.2839,-0.77716,-0.1237,-0.056522
0.12112,0.073252,0.10345,0.0054647,0.031521,0.042776,0.49424,23.683,5.504,1.3559,0.99895,29.926,2.8058,1.1179,0.0058112,0.31727,0.82635,0.39056,1.0089,1.5798,0.94729,0.54831,0.28203,36.505,39.962,58.211,1588.6,1.0533,35078,3.0104,1606.6,1.1371,35135,3.3392,1554.9,1.4664,32742,5.0931,1554.9,1.1515,33946,5.0832,1.1354,0.1608,0.083802,-2.1248,-6.6602,0.41307,-2.1248,-3.2287,0.0982
0.087935,0.041788,0.079279,0.020796,0.041262,0.038281,0.62856,26.928,6.8464,1.2423,0.86061,36.737,4.2543,1.0612,0.00582,0.28588,0.74082,0.39262,1.0115,1.6973,1.8184,0.83033,0.3811,38.634,46.414,49.322,1587.1,0.75635,36277,3.0914,1622.3,0.76211,37057,3.6444,1572.8,1.0398,34783,4.2553,1572.8,0.79208,35799,4.28,2.219,2.1503,0.0057512,-0.90447,-4.1198,0.28348,-0.90447,-1.3173,0.035722
0.10589,0.084431,0.10931,0.046775,0.031919,0.058429,0.57408,23.907,6.544,0.60764,0.7224,41.958,5.0583,1.3256,0.013487,0.1807,0.89018,0.2511,1.399,0.87095,1.308,0.61649,0.32164,31.27,38.893,54.809,1627.7,0.97564,36267,2.5682,1622.3,0.91689,36393,3.1809,1593.2,1.35,33997,4.6875,1593.2,1.0468,35205,4.6869,-0.33426,0.34821,-0.058748,-2.1244,-6.2582,0.37439,-2.1244,-2.9278,0.071121
0.12654,0.072737,0.13429,0.0014889,0.03128,0.03464,0.50114,23.608,4.6367,1.7163,0.85514,23.186,7.5203,1.1148,0.014184,0.26157,0.54494,0.35041,1.6223,0.64733,0.76354,0.53243,0.2357,32.369,50.43,49.022,1566.8,1.1384,34258,2.7787,1611.4,0.99886,35806,4.0091,1605.7,1.4564,33852,4.2775,1605.7,1.2091,34825,4.3044,2.8469,4.5198,-0.13952,2.4858,-1.1857,0.31803,2.4858,1.6542,0.070709
0.12183,0.066071,0.13666,0.0020306,0.03511,0.079063,0.70544,23.544,4.6293,1.4392,1.7946,31.431,6.272,1.2141,0.0097694,0.25548,1.0561,0.38447,1.6845,0.71332,0.82433,0.71483,0.53802,33.973,50.401,50.262,1561.9,1.1505,34102,2.9041,1618.7,0.99605,35981,3.9882,1584,1.4117,33564,4.4108,1584,1.0169,35123,4.3876,3.6409,5.5089,-0.15448,1.4158,-1.5797,0.26122,1.4158,2.9941,-0.13359
0.11646,0.071469,0.11062,0.014512,0.029864,0.061256,0.31533,23.172,5.6683,1.3769,1.6757,36.583,4.0996,1.3302,0.0073451,0.22573,1.2224,0.3539,1.5496,1.0119,0.63764,0.79707,0.65303,33.314,42.356,47.68,1590.8,1.0655,35077,2.7875,1624.7,1.0149,36034,3.4343,1578.3,1.3223,33789,4.2132,1578.3,0.9005,35475,4.1864,2.1284,2.729,-0.050641,-0.78384,-3.674,0.25676,-0.78384,1.1336,-0.165
0.0635,0.03258,0.14504,0.00042231,0.029452,0.060643,0.58357,26.998,6.7428,0.80644,1.1895,42.092,4.6941,1.2775,0.0065855,0.27444,1.0979,0.41006,1.3274,1.6144,0.82124,0.92547,0.46132,31.861,44.779,57.79,1627.4,0.7271,37325,2.5601,1634.2,0.68636,37662,3.4897,1561.2,1.0028,34676,4.8712,1561.2,0.72238,35828,4.8727,0.42268,0.90306,-0.040738,-4.0633,-7.0953,0.27567,-4.0633,-4.0103,-0.0047219
0.06596,0.062622,0.11677,0.02024,0.03169,0.07277,0.50553,27.943,6.4664,0.99561,0.69379,34.62,3.2299,1.308,0.0067713,0.32364,0.56149,0.17553,1.7171,1.0303,0.57569,0.57618,0.30957,33.321,42.655,51.383,1614.3,0.75455,36907,2.6838,1615.6,0.76969,36871,3.4103,1559.2,1.1802,33929,4.4847,1559.2,0.91003,35007,4.5,0.079116,-0.097933,0.015145,-3.414,-8.0698,0.42564,-3.414,-5.1497,0.15549
0.10785,0.083874,0.13431,0.0405,0.043706,0.070251,0.68846,22.54,6.1518,1.093,0.86451,34.067,8.0291,1.1476,0.0037269,0.3077,0.67941,0.33328,1.3841,0.73011,0.56919,0.53579,0.28468,37.054,39.277,58.86,1575.7,1.0427,34836,3.0712,1634.1,0.89939,36733,3.1794,1592.7,1.2451,34398,4.9374,1592.7,1.0141,35328,4.9567,3.7088,5.4483,-0.14332,1.077,-1.2554,0.20239,1.077,1.4129,-0.028644
0.097583,0.052099,0.054723,0.052968,0.036017,0.052172,0.6197,26.103,5.5157,1.0021,0.70667,32.56,7.2246,1.2962,0.003813,0.11614,0.8184,0.31561,1.4417,0.51492,0.61896,0.57637,0.55123,38.407,46.967,48.854,1600.3,0.82787,36275,3.0671,1635.7,0.78084,37282,3.6562,1608.6,0.95511,35926,4.1024,1608.6,0.78455,36647,4.1509,2.2124,2.775,-0.047024,0.51471,-0.96291,0.12725,0.51471,1.0243,-0.043322
0.081975,0.081676,0.14985,0.031491,0.037935,0.074582,0.33375,28.425,7.7379,0.73749,1.9814,30.168,2.5848,1.3156,0.0076641,0.38385,0.90955,0.24128,1.7163,1.4895,0.54245,0.79578,0.69154,32.881,38.367,54.908,1627.2,0.92239,36481,2.6669,1599.4,1.0414,35365,3.2205,1520.3,1.5623,31667,4.9967,1520.3,0.89328,34200,4.8622,-1.7085,-3.0566,0.11904,-6.5689,-13.194,0.63993,-6.5689,-6.2521,-0.029102
0.068457,0.059548,0.14229,0.023751,0.030926,0.040043,0.29085,23.805,6.5433,1.1509,1.8503,26.378,2.9184,1.3493,0.013921,0.18738,1.3562,0.28253,1.3199,1.035,0.63518,0.91195,0.34792,35.72,49.438,46.756,1608.5,0.8663,36297,2.8786,1590.4,0.98404,35400,3.9892,1566.1,1.3327,33486,4.183,1566.1,0.85051,35405,4.1392,-1.1293,-2.4732,0.11773,-2.6391,-7.7461,0.46639,-2.6391,-2.4597,-0.015798
0.073585,0.089955,0.05911,0.058144,0.03545,0.069227,0.39465,25.114,6.9414,0.50375,0.98165,36.139,4.8672,1.055,0.014605,0.1653,0.96383,0.27767,1.0051,0.55832,0.58716,0.6326,0.69815,32.633,43.209,53.104,1633.8,0.8243,37049,2.6202,1608.3,0.85579,36336,3.4857,1595,0.99387,35462,4.4422,1595,0.7099,36655,4.4491,-1.5638,-1.9245,0.031487,-2.3762,-4.2827,0.16957,-2.3762,-1.0619,-0.1144
0.075038,0.047637,0.10674,0.057369,0.037821,0.068296,0.36644,22.833,7.0806,1.8897,0.91178,42.031,9.4132,1.2254,0.011079,0.12544,0.58321,0.2651,1.1986,0.95896,0.6603,0.5726,0.54116,32.604,39.514,52.074,1551.8,0.77346,35400,2.7459,1633.9,0.67177,37717,3.1412,1593.3,0.92461,35711,4.3531,1593.3,0.71778,36584,4.3869,5.2846,6.5455,-0.10168,2.6727,0.87962,0.15115,2.6727,3.3436,-0.055675
0.081787,0.030049,0.087348,0.00089876,0.040675,0.083478,0.53277,25.826,5.1261,0.9812,1.5336,38.358,8.1644,1.0696,0.010216,0.16895,1.2989,0.2192,1.2201,0.58568,1.389,0.9425,0.42109,31.407,39.513,56.372,1588.9,0.77558,36236,2.601,1626.4,0.71829,37341,3.1667,1599.5,0.956,35720,4.6408,1599.5,0.75272,36576,4.6714,2.3618,3.05,-0.057286,0.67006,-1.4237,0.18042,0.67006,0.93942,-0.022857
0.06605,0.051342,0.13078,0.040817,0.030665,0.05302,0.2843,26.218,6.0113,0.54332,1.3244,30.218,2.7729,1.1574,0.0053459,0.22921,0.63082,0.27735,1.5338,1.3544,1.405,0.94801,0.53614,35.497,38.181,44.03,1635.4,0.79282,37222,2.8009,1607.2,0.81498,36485,3.1382,1551.9,1.3793,33006,4.0371,1551.9,0.82337,35196,3.9779,-1.7276,-1.9815,0.022158,-5.1069,-11.326,0.58649,-5.1069,-5.4446,0.030543
0.085447,0.085337,0.10125,0.025401,0.026582,0.035873,0.58308,22.026,4.898,1.967,0.75733,42.46,7.5271,1.1504,0.011083,0.29465,0.51159,0.37409,1.9035,0.82114,0.51357,0.54487,0.45374,30.567,46.103,52.94,1565.3,1.0061,34753,2.6274,1638.7,0.77593,37370,3.5914,1619.4,1.1372,35414,4.4109,1619.4,0.87673,36500,4.4265,4.6881,7.5301,-0.23015,3.4606,1.9037,0.13111,3.4606,5.0272,-0.12935
0.067715,0.068654,0.087685,0.021867,0.033027,0.049786,0.26212,22.658,7.3337,0.8479,0.93553,26.095,7.0226,1.1713,0.013165,0.23153,0.91767,0.35505,1.9433,1.1353,0.69966,0.55754,0.55684,33.89,49.287,52.066,1620.8,0.78392,36928,2.717,1614,0.7903,36746,3.8636,1582.6,1.1275,34646,4.4492,1582.6,0.81966,35906,4.4504,-0.41962,-0.49378,0.0063775,-2.3596,-6.1785,0.34359,-2.3596,-2.7662,0.035744
0.11964,0.036222,0.1393,0.055331,0.025287,0.074419,0.65652,27.656,6.0009,0.79571,1.2826,39.132,3.1649,1.2503,0.011206,0.35177,1.3869,0.39851,1.0273,1.973,1.4611,0.8479,0.47902,38.916,47.08,50.361,1627.3,0.9337,36435,3.0746,1616,0.95783,36079,3.7584,1517.3,1.2886,32608,4.5703,1517.3,0.95437,33890,4.5661,-0.69925,-0.97718,0.024129,-6.7617,-10.505,0.35486,-6.7617,-6.9854,0.020676
0.10268,0.069386,0.13735,0.016286,0.044671,0.059011,0.65326,28.339,5.2367,1.9159,0.93275,38.552,8.5004,1.0219,0.009294,0.22312,0.81285,0.22292,1.044,1.2208,0.93141,0.73366,0.27737,36.962,47.38,55.011,1524.1,0.95368,34044,3.1474,1629.1,0.85954,36790,3.7207,1581.8,1.2077,34312,4.6858,1581.8,0.95198,35341,4.701,6.8879,8.0648,-0.094137,3.788,0.78491,0.25398,3.788,3.8085,-0.0016971
0.080652,0.046441,0.10027,0.059075,0.03207,0.05001,0.31637,22.113,6.7842,1.172,1.904,25.723,6.9352,1.2252,0.007945,0.1262,1.4438,0.33818,1.49,1.5314,1.1289,0.74816,0.40681,35.5,50.766,54.535,1601.9,0.83384,36285,2.8685,1621.5,0.8285,36752,3.9558,1567,1.1272,34308,4.6681,1567,0.84455,35451,4.6741,1.2251,1.2881,-0.005337,-2.1763,-5.4494,0.29333,-2.1763,-2.2984,0.01071
0.12727,0.036411,0.05479,0.0017183,0.036121,0.06104,0.44125,23.356,7.4045,0.95744,0.57069,43.933,9.8283,1.0528,0.0053525,0.29622,0.83739,0.3727,1.3609,0.74634,1.0692,0.87559,0.64437,35.682,50.17,49.051,1609.6,0.86022,36348,2.8728,1647.1,0.80019,37457,3.8468,1611.9,0.98414,35880,4.1162,1611.9,0.79438,36681,4.1585,2.3318,3.0508,-0.06003,0.14525,-1.2873,0.12393,0.14525,0.91736,-0.065842
0.098954,0.030986,0.099424,0.053073,0.037619,0.077672,0.30581,28.158,7.7984,0.97704,0.61262,37.581,5.9693,1.1948,0.0049998,0.10666,1.0286,0.31949,1.9309,0.82077,0.80445,0.8388,0.61303,34.107,45.354,57.974,1613.8,0.7519,36906,2.7367,1629.5,0.78383,37127,3.5639,1582.6,1.1029,34745,4.8545,1582.6,0.82159,35899,4.8558,0.97611,0.59988,0.031934,-1.9332,-5.8538,0.35102,-1.9332,-2.7283,0.069691
0.07345,0.037041,0.098367,0.045027,0.030422,0.065107,0.7345,27.024,4.7263,0.8159,1.4454,22.46,2.9582,1.323,0.0096032,0.12209,0.99294,0.21229,1.6444,1.3926,0.59364,0.63663,0.43195,35.689,45.542,50.677,1612.1,0.77469,36768,2.8504,1582.4,0.89532,35588,3.7141,1520.2,1.2391,32856,4.5681,1520.2,0.93296,34040,4.5728,-1.8405,-3.2117,0.12063,-5.6984,-10.64,0.46439,-5.6984,-7.4218,0.15827
0.13815,0.079115,0.10639,0.026802,0.029449,0.036442,0.62856,22.909,6.4682,1.6201,0.6481,42.867,9.0548,1.2351,0.0051704,0.18752,0.78281,0.40327,1.6595,1.459,1.7337,0.54313,0.47112,39.363,40.59,53.668,1584.1,1.0845,34853,3.2256,1651.2,0.94611,36916,3.2447,1605.5,1.4608,33831,4.6085,1605.5,1.1256,35157,4.5993,4.2325,5.9169,-0.13834,1.3526,-2.9337,0.37637,1.3526,0.87235,0.041124
0.092209,0.088529,0.14648,0.0026292,0.044737,0.066462,0.50135,28.505,4.635,1.0762,0.9665,35.811,4.8681,1.071,0.0090083,0.2036,1.4299,0.33754,1.5363,0.97065,1.7124,0.73403,0.2854,39.715,45.136,56.469,1581.3,0.99793,35141,3.235,1614.6,1.0336,35735,3.6502,1574.1,1.5869,32697,4.9484,1574.1,1.1535,34358,4.8987,2.1107,1.69,0.035629,-0.45142,-6.9557,0.58895,-0.45142,-2.2266,0.15562
0.089753,0.064556,0.13229,0.0082234,0.027984,0.083046,0.31729,22.09,6.6581,1.9968,0.78877,29.808,8.1669,1.0643,0.0051884,0.1874,1.1001,0.26227,1.1363,0.64293,1.6351,0.69045,0.29783,34.038,40.142,57.527,1570.4,0.90251,35289,2.8396,1632.2,0.87109,36811,3.2341,1594.3,1.2795,34297,4.8512,1594.3,0.99655,35435,4.8534,3.9322,4.313,-0.031418,1.5167,-2.8104,0.37694,1.5167,0.41402,0.094034
0.081033,0.03033,0.12693,0.0078584,0.036107,0.036693,0.66862,22.356,6.8072,0.59966,1.4959,31.175,7.9445,1.2549,0.004454,0.16029,1.3462,0.36549,1.9956,0.95794,0.85289,0.59061,0.46481,36.548,47.91,58.362,1625.5,0.80295,36953,2.8901,1638.4,0.75353,37461,3.7049,1604.9,1.1296,35127,4.8234,1604.9,0.87689,36171,4.8347,0.79142,1.3751,-0.049417,-1.2688,-4.9424,0.32665,-1.2688,-2.1163,0.073936
0.06744,0.071381,0.056803,0.0042499,0.03157,0.069852,0.45095,23.628,5.3195,0.61398,0.8169,27.672,3.0289,1.3337,0.0045566,0.30322,0.67459,0.35563,1.1168,1.8403,1.6169,0.54749,0.35978,33.392,40.583,50.165,1619.1,0.81338,36762,2.6926,1605.8,0.87221,36211,3.3174,1509.3,1.2326,32645,4.5609,1509.3,0.90901,33889,4.5605,-0.82022,-1.4981,0.058826,-6.78,-11.199,0.41926,-6.78,-7.8129,0.095628
0.13677,0.059159,0.10961,0.02984,0.035789,0.034114,0.61411,24.276,7.1569,1.8356,1.0253,24.721,7.8528,1.2758,0.012653,0.33341,0.78088,0.23883,1.4476,1.3358,0.64124,0.66694,0.43738,30.647,51.277,53.262,1562.7,1.0083,34687,2.6377,1620,0.96783,36127,4.0359,1589.6,1.3263,34013,4.5802,1589.6,1.0474,35123,4.5903,3.6627,4.1504,-0.040464,1.7163,-1.9439,0.31799,1.7163,1.2571,0.039062
0.081737,0.039302,0.11842,0.042841,0.034032,0.040955,0.64963,26.124,5.964,1.5671,1.521,23.339,8.3284,1.3357,0.0038196,0.37193,1.1465,0.19,1.0492,0.56083,0.97082,0.76998,0.33004,30.805,40.722,52.916,1577.2,0.81315,35811,2.5864,1636.4,0.76233,37377,3.2376,1606.1,1.0413,35513,4.4144,1606.1,0.83291,36383,4.4471,3.7565,4.3743,-0.050821,1.8333,-0.83214,0.22818,1.8333,1.5989,0.019753
0.070075,0.065367,0.090871,0.015064,0.037196,0.076422,0.73447,22.684,7.0984,1.555,1.5344,36.04,9.1731,1.1153,0.010833,0.36459,0.98221,0.30169,1.8181,1.6994,1.2944,0.90536,0.21388,32.545,39.338,56.192,1564,0.81303,35513,2.7287,1629.6,0.72791,37372,3.1512,1543.2,1.1186,33820,4.8561,1543.2,0.84639,34905,4.8635,4.194,5.2358,-0.085125,-1.3288,-4.7675,0.30559,-1.3288,-1.7119,0.033359
0.081599,0.034456,0.12379,0.040218,0.032614,0.070008,0.46274,27.682,5.5377,1.0705,1.2484,23.845,9.8581,1.185,0.013649,0.25261,1.0079,0.22803,1.6301,0.74351,0.85805,0.88347,0.31232,31.136,43.689,53.66,1604.7,0.79155,36528,2.5602,1620,0.73667,37113,3.4614,1592.9,1.0885,35031,4.5181,1592.9,0.86897,35935,4.5468,0.95321,1.603,-0.05488,-0.73156,-4.0978,0.29693,-0.73156,-1.6239,0.077418
0.11334,0.062154,0.14046,0.041174,0.025341,0.075212,0.45969,23.272,6.5512,0.51502,1.1168,38.439,3.9954,1.1061,0.0048327,0.3066,0.95871,0.43227,1.6572,1.6973,0.60695,0.84453,0.2474,36.862,45.428,59.716,1634.6,0.99652,36333,2.9373,1628.7,0.95782,36363,3.6178,1534.8,1.3381,32796,5.2218,1534.8,1.0227,34010,5.2084,-0.36408,0.08439,-0.038704,-6.109,-9.733,0.34155,-6.109,-6.3929,0.026128
0.11206,0.078927,0.10903,0.057117,0.033715,0.069916,0.36463,23.767,7.2574,0.52416,0.95721,32.587,6.0044,1.144,0.0077396,0.35611,0.68686,0.34863,1.9104,1.6917,0.93613,0.78043,0.40404,38.212,48.309,52.729,1633.6,0.97253,36410,3.0245,1623.8,0.93401,36355,3.8162,1540.3,1.4371,32544,4.7261,1540.3,1.0296,34105,4.6926,-0.59617,-0.15045,-0.038525,-5.7084,-10.618,0.46458,-5.7084,-6.3304,0.057082
0.10025,0.050384,0.094214,0.031596,0.029687,0.0642,0.40643,22.947,6.7113,0.84509,1.0454,42.108,8.072,1.1926,0.006234,0.15435,0.64083,0.27268,1.6129,0.71734,1.9389,0.52058,0.48914,36.335,41.297,56.203,1618.9,0.87191,36508,2.9028,1642.9,0.76147,37531,3.2623,1607.2,1.2199,34814,4.6988,1607.2,0.94181,35951,4.7043,1.4859,2.8023,-0.11044,-0.72004,-4.64,0.34803,-0.72004,-1.5239,0.069895
0.092766,0.051666,0.10733,0.033734,0.031056,0.079372,0.36877,22.643,5.8498,1.7213,1.1954,44.911,5.7333,1.1924,0.0033621,0.22517,1.3361,0.33532,1.4707,0.99161,0.81648,0.79874,0.23471,30.277,39.148,56.05,1569.5,0.89665,35292,2.5787,1641.5,0.82431,37224,3.1387,1579.7,1.086,34749,4.7225,1579.7,0.87986,35591,4.7535,4.59,5.4752,-0.072337,0.65013,-1.5365,0.1894,0.65013,0.84702,-0.01679
0.12804,0.061437,0.091367,0.033909,0.026493,0.081581,0.47039,25.69,5.4005,0.93061,0.62547,29.394,3.2273,1.0919,0.0094691,0.17503,0.6428,0.35604,1.2976,1.1176,0.51004,0.74526,0.39499,34.941,44.087,56.149,1614,0.99317,35889,2.8433,1599.3,1.0748,35226,3.6242,1541.8,1.3609,32862,4.9454,1541.8,1.0224,34168,4.9296,-0.91501,-1.8472,0.081628,-4.4722,-8.4344,0.36771,-4.4722,-4.7954,0.02924
0.10193,0.049307,0.074807,0.0045643,0.035034,0.08377,0.33153,24.281,7.5941,0.67634,1.1203,35.648,6.0705,1.3455,0.005679,0.30665,0.93822,0.38324,1.1523,1.6888,1.5802,0.53942,0.38889,32.857,50.905,49.624,1626.1,0.8286,36856,2.6484,1631.3,0.80566,37072,3.9346,1528,1.082,33628,4.4157,1528,0.88483,34406,4.4579,0.3184,0.58727,-0.022937,-6.0328,-8.7575,0.2534,-6.0328,-6.6464,0.056227
0.13858,0.069499,0.10369,0.0037857,0.031592,0.079315,0.25986,22.102,7.9957,1.3866,0.92832,40.039,8.7845,1.3458,0.0052794,0.22571,0.5873,0.20595,1.4414,0.78976,1.943,0.79948,0.51421,34.81,45.042,46.45,1596.7,1.0277,35361,2.8726,1645.2,0.90403,36963,3.5414,1595.9,1.4292,33749,4.1124,1595.9,1.0415,35287,4.0995,3.0426,4.5325,-0.12367,-0.047585,-4.5577,0.40152,-0.047585,-0.20689,0.013775
0.086784,0.081896,0.11867,0.0084264,0.038175,0.046974,0.46009,27.298,4.9518,0.6561,1.3963,43.038,8.1308,1.1016,0.01209,0.18147,0.77988,0.31014,1.9449,0.69838,1.7643,0.7662,0.2842,30.738,39.917,46.382,1618.8,0.95965,36135,2.5432,1631.9,0.80886,37074,3.2044,1615.6,1.4115,34234,4.0523,1615.6,1.0663,35620,4.0524,0.81149,2.5968,-0.15079,-0.20084,-5.2614,0.45183,-0.20084,-1.4267,0.10665
0.095654,0.04473,0.10863,0.057985,0.033093,0.076655,0.28339,27.804,7.5809,0.52977,1.5748,38.872,4.4834,1.1833,0.012921,0.38384,0.70518,0.41299,1.3696,0.54744,1.0471,0.55487,0.24755,33.299,46.275,51.44,1640.8,0.82655,37199,2.6534,1616.4,0.77947,36847,3.6532,1596,1.1144,34993,4.364,1596,0.94636,35681,4.4124,-1.4871,-0.94415,-0.047078,-2.733,-5.9291,0.28788,-2.733,-4.0802,0.11982
0.10043,0.062347,0.072377,0.032845,0.033331,0.086777,0.38987,25.31,7.4189,0.83831,1.6195,25.996,9.1475,1.3346,0.0089522,0.32512,1.1671,0.35839,1.5833,1.3601,1.1368,0.84704,0.69834,31.269,47.907,54.696,1619.4,0.86258,36558,2.5595,1628.5,0.84737,36829,3.7537,1546.6,1.1373,33821,4.7448,1546.6,0.77524,35274,4.7223,0.5636,0.74203,-0.015212,-4.4919,-7.4864,0.27477,-4.4919,-3.5136,-0.087339
0.063621,0.079917,0.055647,0.026836,0.029704,0.047601,0.45026,24.713,6.3852,0.71527,1.868,23.847,5.0138,1.31,0.0032581,0.1435,0.55743,0.41211,1.3249,0.50038,1.5857,0.62018,0.65052,34.946,41.377,56.61,1628,0.79852,37028,2.7782,1618.5,0.81914,36725,3.3313,1591.6,1.1459,34770,4.7473,1591.6,0.77278,36309,4.718,-0.58023,-0.81915,0.020613,-2.2356,-6.0984,0.34737,-2.2356,-1.9412,-0.025739
0.10495,0.03576,0.14277,0.052342,0.039402,0.066458,0.55361,22.618,5.3636,0.54887,1.0369,44.524,6.9699,1.1024,0.013145,0.10851,1.3014,0.29819,1.2556,0.60982,1.3964,0.73571,0.333,32.395,44.384,44.623,1613.1,0.93463,36113,2.6598,1623.8,0.84509,36733,3.5282,1606.3,1.2261,34769,3.8978,1606.3,0.99422,35713,3.9335,0.66316,1.7177,-0.089536,-0.42146,-3.7213,0.2915,-0.42146,-1.108,0.059593
0.10102,0.089645,0.067453,0.021329,0.039002,0.037305,0.49505,23.677,4.6546,1.9367,0.51363,32.239,7.8711,1.2506,0.01464,0.14803,0.97202,0.3452,1.7666,1.6389,0.63285,0.60722,0.34485,39.771,49.197,48.69,1533.8,1.0281,33967,3.3466,1621,0.89811,36444,3.8723,1586.3,1.1919,34471,4.2228,1586.3,0.92643,35546,4.2432,5.6851,7.2921,-0.12999,3.4196,1.4819,0.16378,3.4196,4.6469,-0.10167
0.10671,0.053623,0.10819,0.014785,0.04452,0.081311,0.67295,22.115,7.4454,1.6859,0.50655,33.132,5.4887,1.079,0.0030881,0.17047,0.94971,0.31403,1.2847,0.62789,0.82057,0.80003,0.40571,32.281,46.111,59.333,1538.3,0.87413,34681,2.7684,1621.2,0.90106,36436,3.665,1582.4,1.1662,34489,4.9734,1582.4,0.89126,35605,4.9755,5.3904,5.0606,0.026924,2.8705,-0.55212,0.29206,2.8705,2.6655,0.017128
0.10473,0.078342,0.14525,0.0064153,0.034132,0.037628,0.38727,23.24,5.0651,0.52197,1.9892,44.957,4.8027,1.0227,0.0038025,0.27065,0.59685,0.30969,1.2286,0.88516,0.7048,0.81976,0.33308,35.939,51.136,57.388,1623.4,1.1253,35549,2.9232,1640.5,0.88201,36951,3.9505,1608.5,1.2627,34670,4.7926,1608.5,0.93142,36023,4.7775,1.0553,3.9456,-0.24326,-0.91639,-2.4722,0.13746,-0.91639,1.3334,-0.19385
0.086054,0.031814,0.10065,0.02156,0.042141,0.040064,0.47554,28.99,7.1098,0.75863,0.81026,32.97,5.7879,1.0878,0.010944,0.31224,0.93964,0.37124,1.7955,1.6639,1.581,0.81272,0.42114,32.637,49.252,56.111,1622.9,0.72819,37217,2.6189,1616.5,0.74581,36994,3.8424,1574.4,1.177,34271,4.775,1574.4,0.8951,35408,4.7793,-0.39411,-0.59927,0.01762,-2.9887,-7.9152,0.44877,-2.9887,-4.8602,0.16691
0.12113,0.037692,0.099189,0.039272,0.042394,0.037501,0.47977,23.46,6.0179,0.74594,0.77427,37.246,5.8476,1.0237,0.0124,0.10803,0.7112,0.29044,1.3236,1.0324,0.7922,0.89583,0.6437,36.177,50.489,46.762,1608.8,0.91813,36086,2.9204,1616.8,0.85891,36515,3.9579,1597.9,1.1225,35002,4.0367,1597.9,0.83678,36182,4.053,0.49433,1.1895,-0.059225,-0.67912,-3.0036,0.20441,-0.67912,0.26625,-0.081356
0.081627,0.084286,0.1362,0.058107,0.034512,0.054647,0.31916,24.153,6.3089,1.7147,1.0674,39.413,6.0332,1.033,0.0084164,0.12206,1.3631,0.38907,1.1536,1.983,0.6467,0.78121,0.22672,32.745,44.334,58.151,1570.8,0.93705,35155,2.7563,1627.6,0.9166,36514,3.5356,1554.4,1.1667,33877,4.9786,1554.4,0.85961,35104,4.9704,3.6189,3.8655,-0.020452,-1.0403,-3.6357,0.22966,-1.0403,-0.14458,-0.077439
0.063889,0.049457,0.092456,0.040426,0.044709,0.044652,0.36408,23.884,5.9028,1.4156,0.70797,32.063,3.2948,1.0676,0.012746,0.15004,1.3942,0.35906,1.6907,1.9678,1.3246,0.92731,0.453,38.619,43.359,44.999,1562.6,0.73746,35795,3.1345,1595.9,0.82775,36174,3.5156,1544,1.1775,33608,4.0675,1544,0.76876,35241,4.0495,2.1319,1.0602,0.090292,-1.1862,-6.1084,0.44006,-1.1862,-1.5472,0.031301
0.07203,0.078323,0.12032,0.019564,0.025729,0.077297,0.40362,22.405,5.11,0.72429,0.75812,37.147,6.3112,1.1676,0.0048067,0.28337,1.4734,0.15955,1.9637,1.0393,1.111,0.8297,0.27712,30.66,51.847,51.859,1614.9,0.92594,36191,2.5376,1637.1,0.86482,36949,4.0007,1574.6,1.3168,33730,4.5201,1574.6,0.95173,35182,4.5031,1.3734,2.097,-0.061119,-2.4963,-6.7983,0.39091,-2.4963,-2.788,0.025792
0.083527,0.085369,0.10604,0.044633,0.041309,0.036123,0.72881,27.465,6.004,0.84422,1.031,23.866,7.3699,1.0364,0.0050286,0.30814,0.79819,0.32837,1.881,0.61687,0.80425,0.81791,0.63471,36.023,40.486,51.802,1608.3,0.89338,36178,2.9055,1619.4,0.92195,36307,3.2953,1600.9,1.3182,34288,4.4424,1600.9,0.82083,36318,4.3819,0.692,0.35788,0.028575,-0.45756,-5.224,0.42483,-0.45756,0.38755,-0.072551
0.13185,0.077482,0.063989,0.05836,0.037469,0.044204,0.68493,22.443,6.3569,1.3199,0.8527,38.844,7.7301,1.1305,0.0091488,0.29945,1.4471,0.36055,1.3736,1.6022,0.96297,0.56183,0.20592,34.762,45.356,44.144,1577.5,1.0462,34862,2.9081,1632.9,1.0126,36226,3.6186,1583.4,1.1951,34395,3.9114,1583.4,1.0105,35136,3.9621,3.5095,3.9132,-0.033606,0.37061,-1.3399,0.14889,0.37061,0.78644,-0.035696
0.11296,0.067312,0.13238,0.00068426,0.035315,0.053841,0.69934,23.829,6.115,0.71607,0.94361,33.631,4.8229,1.2102,0.0082029,0.18675,0.94921,0.39315,1.2701,1.4044,1.5484,0.88287,0.4239,35.338,44.098,47.763,1616,1.001,35899,2.8686,1619.4,0.97679,36077,3.5536,1566.2,1.4467,33054,4.2912,1566.2,0.99725,34808,4.2556,0.21556,0.49734,-0.024208,-3.0815,-7.9248,0.44572,-3.0815,-3.0394,-0.0037479
0.07267,0.063306,0.075289,0.043334,0.035341,0.045619,0.40042,28.116,6.6616,0.62619,1.1874,44.925,3.9302,1.2912,0.0033905,0.27293,0.98642,0.34794,1.1666,1.0399,1.7596,0.84785,0.3851,30.803,47.663,58.851,1634.1,0.76061,37332,2.4862,1638.5,0.75128,37474,3.6877,1594.6,1.0459,35240,4.8581,1594.6,0.74662,36489,4.8513,0.26935,0.37873,-0.0093234,-2.4175,-5.6033,0.28531,-2.4175,-2.2578,-0.013982
0.13371,0.033167,0.10477,0.0473,0.027179,0.058108,0.26223,24.089,7.024,1.6035,0.68282,28.78,9.3315,1.3229,0.0070582,0.22836,1.1781,0.26758,1.7631,1.2217,0.64197,0.59685,0.49297,35.682,51.164,56.465,1597.7,0.91608,35845,2.9064,1639.6,0.90228,36844,3.9605,1584.1,1.1955,34410,4.7771,1584.1,0.99118,35232,4.8088,2.6215,2.7864,-0.013806,-0.85023,-4.0044,0.2794,-0.85023,-1.7112,0.075101
0.098381,0.070925,0.065856,0.0048327,0.02996,0.041443,0.52009,28.824,5.0321,1.1254,0.71388,43.938,5.9556,1.153,0.0078826,0.19397,1.0053,0.37622,1.2261,0.92694,0.53264,0.80436,0.47387,39.028,44.259,51.678,1609.2,0.8778,36265,3.1037,1638.4,0.8358,37103,3.4861,1609.2,0.99337,35780,4.3054,1609.2,0.74435,36833,4.3258,1.8103,2.3097,-0.041997,-0.0025596,-1.3366,0.11557,-0.0025596,1.5671,-0.13345
0.065538,0.061575,0.074283,0.044652,0.039532,0.08382,0.73793,24.587,6.3001,0.5556,1.1023,26.647,4.6626,1.0694,0.0097441,0.12602,0.78356,0.33839,1.9685,1.9035,0.50387,0.81582,0.55008,38.863,39.934,50.208,1619,0.76127,36983,3.047,1596.3,0.81478,36239,3.2786,1493.6,1.1186,32733,4.5731,1493.6,0.73337,34232,4.5507,-1.3981,-2.0125,0.053509,-7.7418,-11.494,0.35733,-7.7418,-7.4402,-0.027899
0.11367,0.060693,0.078863,0.051584,0.042546,0.058902,0.33453,23.991,7.9888,0.62741,1.3183,37.849,6.3826,1.0193,0.0036402,0.39872,1.2401,0.19245,1.3684,0.7391,1.063,0.65114,0.31044,32.236,42.825,50.043,1625.9,0.89847,36554,2.621,1634,0.9164,36658,3.4209,1596.2,1.1573,34825,4.28,1596.2,0.94901,35675,4.3168,0.49505,0.28573,0.017925,-1.8297,-4.7285,0.25878,-1.8297,-2.4048,0.050543
0.1281,0.045796,0.095233,0.051191,0.042908,0.077459,0.38192,23.59,5.3688,0.58556,1.5533,25.871,8.6707,1.0793,0.011929,0.12652,0.65541,0.24947,1.2828,1.3995,0.84946,0.59083,0.21377,35.56,42.672,50.7,1609.9,1.0165,35700,2.8979,1612.2,0.89872,36244,3.4521,1547.6,1.1835,33663,4.4704,1547.6,1.0272,34276,4.5253,0.14618,1.5248,-0.11775,-3.8686,-5.7057,0.16702,-3.8686,-3.9877,0.010699
0.091799,0.077115,0.10954,0.016009,0.027422,0.040549,0.69512,22.2,7.2936,0.50869,0.89446,22.82,5.4691,1.1766,0.011357,0.34736,0.56465,0.2046,1.2645,1.2682,0.67296,0.90349,0.57031,33.599,50.571,44.016,1639.4,0.9107,36804,2.6926,1606.1,0.95031,35891,4.0173,1572.2,1.3476,33560,3.9746,1572.2,0.8249,35650,3.926,-2.0312,-2.4813,0.039614,-4.0983,-8.8133,0.43686,-4.0983,-3.135,-0.085798
0.094084,0.077283,0.10069,0.028371,0.034229,0.049586,0.6002,23.273,7.0334,0.76292,0.97703,27.472,5.3908,1.206,0.010937,0.17745,1.1357,0.3843,1.1738,1.1704,0.71867,0.63908,0.57372,37.998,39.224,59.511,1620.1,0.9124,36364,3.0214,1610,0.98081,35851,3.2432,1573.7,1.2367,34023,5.0398,1573.7,0.87464,35478,5.009,-0.6245,-1.4111,0.068412,-2.863,-6.4379,0.32428,-2.863,-2.4353,-0.037757
0.1283,0.076532,0.057188,0.056604,0.026632,0.08022,0.43523,26.649,5.5316,1.9035,1.546,37.62,5.102,1.0042,0.007268,0.27451,0.85866,0.41488,1.339,1.7968,1.4901,0.63636,0.5166,32.231,46.336,47.555,1578,1.0177,34987,2.7246,1626,0.98435,36192,3.6923,1526.3,1.2564,32922,4.3266,1526.3,0.95979,34069,4.3396,3.045,3.4441,-0.033339,-3.2753,-5.9027,0.2387,-3.2753,-2.6236,-0.05789
0.070825,0.060729,0.14611,0.0307,0.03955,0.070025,0.35719,22.959,7.9075,1.6193,1.3083,44.032,7.2454,1.1584,0.0066655,0.3613,0.88544,0.30853,1.9498,1.937,0.58781,0.81088,0.69562,31.647,44.492,44.136,1567.4,0.83089,35515,2.6643,1638.3,0.73286,37550,3.4745,1539.5,1.1534,33602,4.0099,1539.5,0.72264,35327,3.987,4.5261,5.7302,-0.098033,-1.7803,-5.3859,0.3225,-1.7803,-0.52995,-0.10825
0.12448,0.038772,0.062125,0.022366,0.032837,0.052232,0.74819,24.75,6.0265,0.50096,1.8565,44.691,6.2391,1.2695,0.0097845,0.21334,1.0103,0.36021,1.7962,1.1976,0.92816,0.59377,0.21299,38.457,47.151,45.914,1630.9,0.91757,36584,3.0334,1634.5,0.83704,37011,3.6867,1591.2,1.0856,35004,3.9836,1591.2,0.96556,35494,4.0513,0.22292,1.1672,-0.080534,-2.4363,-4.3186,0.16804,-2.4363,-2.9787,0.047989
0.065994,0.088079,0.083413,0.04398,0.034927,0.049675,0.4569,26.839,6.9899,1.3776,1.6156,24.558,2.797,1.2012,0.0094205,0.37967,0.79727,0.37266,1.6787,0.59559,1.9754,0.80218,0.63062,31.201,39.365,46.149,1593.5,0.81984,36155,2.588,1586.9,1.084,34917,3.3257,1567.2,1.6369,32369,4.2296,1567.2,0.88481,35290,4.1046,-0.41394,-3.4228,0.26417,-1.6505,-10.47,0.81701,-1.6505,-2.3924,0.064967
0.13139,0.080677,0.12169,0.021264,0.025059,0.067434,0.54339,23.442,4.9582,1.3273,0.66617,32.014,6.7386,1.1844,0.0031149,0.2045,0.75868,0.41792,1.0748,0.81953,1.1828,0.83561,0.68476,36.798,45.085,47.103,1594.5,1.145,34838,3.0403,1637.1,1.0098,36331,3.5903,1591.1,1.3613,33909,4.1506,1591.1,0.89315,35792,4.111,2.6663,4.284,-0.13522,-0.21662,-2.6659,0.21631,-0.21662,2.7378,-0.25184
0.082296,0.055376,0.077274,0.021013,0.026772,0.067527,0.58872,24.373,7.1163,1.365,0.51242,43.717,6.6076,1.073,0.0055362,0.39969,1.1901,0.30094,1.7686,1.1994,1.218,0.51753,0.67976,35.145,46.363,58.784,1604,0.76612,36621,2.8262,1642.8,0.76017,37533,3.5952,1580.4,1.0678,34840,4.905,1580.4,0.78425,36007,4.9041,2.418,2.4893,-0.0059542,-1.4686,-4.8649,0.30167,-1.4686,-1.6772,0.018132
0.06988,0.036004,0.13601,0.036282,0.043588,0.047029,0.64743,27.68,7.7817,0.9823,0.52102,37.706,5.0761,1.1097,0.014533,0.1215,0.66325,0.38751,1.2599,1.1887,0.64642,0.67714,0.63121,31.074,40.076,51.287,1603.8,0.6891,36949,2.5375,1610.1,0.6969,37059,3.2311,1582.9,0.97887,35254,4.3452,1582.9,0.69893,36424,4.3561,0.3898,0.29806,0.0078011,-1.3079,-4.5873,0.28977,-1.3079,-1.4216,0.0098381
0.11076,0.053147,0.098312,0.014151,0.034283,0.077451,0.62059,26.038,6.2274,1.8879,1.1196,41.328,3.9182,1.1297,0.0096822,0.39798,0.78719,0.16637,1.4792,1.9233,1.4185,0.93815,0.64959,33.211,49.173,53.106,1556.5,0.90758,34955,2.8081,1620.7,0.85676,36614,3.8593,1517.5,1.2998,32570,4.7767,1517.5,0.86066,34267,4.7301,4.1267,4.7446,-0.050819,-2.504,-6.8227,0.39223,-2.504,-1.9701,-0.046914
0.12542,0.08931,0.11163,0.042025,0.025577,0.071737,0.72075,25.192,7.9504,0.84322,0.96323,41.315,8.7545,1.1909,0.012007,0.23278,1.128,0.24203,1.2985,0.58872,1.1962,0.84345,0.22187,34.207,45.957,53.447,1630.7,1.0115,36182,2.7686,1635.1,0.9809,36409,3.6455,1611.2,1.3246,34483,4.531,1611.2,1.0382,35640,4.5382,0.27077,0.62767,-0.030641,-1.1938,-4.6945,0.31301,-1.1938,-1.498,0.026626
0.092905,0.065118,0.060163,0.0028505,0.034837,0.073789,0.74251,22.424,7.4064,0.9739,1.0727,26.506,2.984,1.2462,0.014296,0.16708,0.61034,0.39544,1.2724,1.6529,0.68558,0.73534,0.55467,37.623,50.481,54.663,1603.8,0.84206,36294,3.0106,1582.2,0.97319,35263,4.0787,1509.2,1.2873,32439,4.9143,1509.2,0.87865,34008,4.8748,-1.3467,-2.84,0.13112,-5.8972,-10.621,0.44523,-5.8972,-6.2975,0.036586
0.067435,0.049082,0.081999,0.04474,0.043872,0.040842,0.25269,23.59,7.7695,1.9789,0.55476,43.328,4.4234,1.2297,0.012503,0.33664,0.6764,0.16832,1.2249,0.65005,0.55329,0.71628,0.44277,32.497,49.352,54.362,1540.6,0.69807,35455,2.7428,1621.6,0.67289,37429,3.8157,1606,0.88149,36177,4.4598,1606,0.686,37013,4.4946,5.2571,5.5683,-0.025184,4.2469,2.0373,0.18341,4.2469,4.3944,-0.01207
0.12919,0.040488,0.072187,0.050263,0.041182,0.086916,0.51517,27.523,6.7264,1.0193,1.5754,37.345,9.6909,1.0273,0.0069722,0.11754,0.62364,0.20091,1.5309,0.76375,0.82266,0.74909,0.32563,32.993,46.509,45.77,1596.7,0.90363,35874,2.7218,1632.5,0.82932,36998,3.6465,1588.4,1.0827,34955,3.9797,1588.4,0.92776,35588,4.037,2.2458,3.1347,-0.074308,-0.51628,-2.5603,0.17902,-0.51628,-0.79502,0.024129
0.08574,0.034921,0.10168,0.042558,0.043706,0.071259,0.2676,23.339,6.105,1.76,0.86692,43.442,8.2933,1.0846,0.0048764,0.13518,1.0949,0.19656,1.8646,0.60328,0.78415,0.93514,0.65274,32.589,41.963,58.118,1541.3,0.7884,35098,2.7667,1638.8,0.72656,37589,3.3056,1605.7,1.0259,35568,4.7671,1605.7,0.73386,36798,4.764,6.3244,7.096,-0.061842,4.1761,1.3375,0.2375,4.1761,4.8426,-0.054543
0.073308,0.067212,0.056517,0.01961,0.029535,0.033853,0.54784,25.306,6.8775,0.85865,0.95905,25.652,5.512,1.3218,0.013737,0.3798,0.75991,0.38385,1.3403,1.0819,1.7619,0.76387,0.64312,37.981,42.955,50.302,1626.6,0.76375,37147,2.9747,1611.4,0.79927,36648,3.447,1588.6,1.1227,34797,4.3076,1588.6,0.73484,36402,4.2855,-0.93277,-1.343,0.035516,-2.3368,-6.3255,0.35895,-2.3368,-2.0059,-0.028916
0.13024,0.063314,0.14526,0.021706,0.026619,0.047839,0.54451,24.229,5.8609,0.50907,0.84062,28.063,7.7257,1.3124,0.014281,0.37971,0.99186,0.39926,1.6439,1.7051,1.1343,0.56783,0.52608,39.956,47.831,55.64,1635.1,1.0599,36076,3.1594,1623.8,0.98125,36156,3.7975,1571.6,1.5157,32909,4.8704,1571.6,1.1216,34430,4.8365,-0.68803,0.22052,-0.078606,-3.8818,-8.7802,0.45584,-3.8818,-4.5652,0.061737
0.13425,0.039414,0.11483,0.040712,0.03477,0.073484,0.51619,25.038,4.7041,1.7483,0.80522,27.236,9.1984,1.0048,0.013012,0.34399,1.3532,0.43924,1.6905,0.74252,0.56265,0.8869,0.529,32.462,45.259,47.211,1554,1.0141,34470,2.7822,1617.5,0.9761,36038,3.6363,1592.8,1.1956,34598,4.1031,1592.8,0.93191,35670,4.126,4.0874,4.5464,-0.037951,2.498,0.37101,0.18155,2.498,3.4798,-0.082142
0.078263,0.04043,0.14104,0.044953,0.028152,0.057577,0.60811,26.147,7.4286,0.54266,0.57084,26.798,2.7594,1.0096,0.014766,0.27654,1.1709,0.18811,1.093,0.73896,1.2549,0.62863,0.2545,37.027,43.778,47.938,1642.3,0.74458,37589,2.8794,1581.4,0.95625,35314,3.6113,1563.9,1.3308,33447,4.2733,1563.9,1.0608,34504,4.2943,-3.7059,-6.0525,0.21168,-4.7687,-11.018,0.58627,-4.7687,-8.2085,0.31623
0.092908,0.041237,0.088178,0.012637,0.029536,0.037848,0.53021,26.676,4.9386,0.52097,0.72557,34.605,6.0702,1.0643,0.0068701,0.20406,0.7007,0.39171,1.0538,0.96551,1.9304,0.87642,0.46808,39.684,51.389,49.636,1632.8,0.81698,37058,3.0884,1630.5,0.76405,37234,3.9563,1602.8,1.0674,35334,4.2058,1602.8,0.79196,36484,4.2209,-0.14473,0.47446,-0.052926,-1.8369,-4.6518,0.25044,-1.8369,-1.5497,-0.025021
0.13991,0.043911,0.087012,0.041027,0.029033,0.088864,0.47635,24.076,5.5266,1.8223,0.73717,28.665,7.9937,1.1153,0.0094595,0.13793,1.0327,0.38986,1.7398,0.95475,1.1517,0.8303,0.50447,39.159,51.117,55.62,1568,1.0033,34824,3.2248,1621.9,0.96685,36174,4.02,1569.8,1.2893,33734,4.7937,1569.8,1.0017,34872,4.7972,3.4385,3.877,-0.036467,0.11856,-3.1301,0.28601,0.11856,0.13769,-0.0016481
0.097904,0.073435,0.079624,0.048574,0.025834,0.061896,0.28977,23.828,7.2374,0.92806,0.77596,22.478,6.4977,1.2595,0.0077386,0.12386,1.0357,0.44204,1.6211,0.6814,0.69964,0.71869,0.53633,37.679,41.15,55.414,1626,0.87895,36638,2.9816,1617.2,0.95832,36105,3.3538,1587.6,1.2401,34309,4.7084,1587.6,0.88027,35767,4.6863,-0.53887,-1.4526,0.079373,-2.3613,-6.3565,0.36112,-2.3613,-2.3763,0.0013242
0.12415,0.07755,0.093815,0.030367,0.02655,0.073635,0.32797,27.633,5.087,1.6513,1.1792,37.21,6.4267,1.0027,0.004349,0.1222,1.0227,0.41272,1.6396,1.6419,0.57004,0.71855,0.29379,30.602,46.188,59.584,1590,1.0373,35175,2.595,1635,0.99446,36349,3.6649,1547.8,1.2636,33358,5.14,1547.8,0.98824,34435,5.1419,2.8267,3.3383,-0.042832,-2.6576,-5.1653,0.22633,-2.6576,-2.1027,-0.049046
0.11482,0.054556,0.12656,0.052341,0.043416,0.076974,0.58113,27.822,5.3194,0.63931,0.98627,28.125,5.3016,1.0279,0.013639,0.16631,0.7152,0.37875,1.4313,0.66663,1.2779,0.86092,0.53639,39.97,42.055,45.334,1612.3,0.95304,36018,3.1794,1595.7,0.96586,35595,3.463,1575.7,1.3964,33447,4.0749,1575.7,0.96517,35151,4.0506,-1.0286,-1.1757,0.012815,-2.2712,-7.1378,0.44333,-2.2712,-2.4087,0.012124
0.13787,0.063603,0.14093,0.042639,0.031133,0.059949,0.5768,22.296,4.5304,0.80277,1.9092,31.106,7.945,1.09,0.0077184,0.32705,0.65131,0.18604,1.3112,1.1716,1.4521,0.63511,0.52327,34.453,48.303,51.206,1601.4,1.2483,34574,2.8867,1630.3,0.96412,36373,3.8092,1579.7,1.521,33059,4.5267,1579.7,1.1169,34626,4.4987,1.807,5.2038,-0.28416,-1.3553,-4.3838,0.27269,-1.3553,0.14892,-0.13139
0.074146,0.052117,0.091126,0.011805,0.034483,0.08286,0.28456,23.107,7.573,1.5143,1.1517,27.115,7.5471,1.2588,0.0098588,0.13414,0.93194,0.36144,1.1328,1.8487,1.7669,0.68123,0.35799,33.268,41.716,50.34,1583,0.76641,36142,2.7356,1619.8,0.74776,37061,3.3333,1517,1.0839,33380,4.5005,1517,0.82679,34391,4.5217,2.3211,2.5445,-0.018649,-4.1694,-7.6417,0.31748,-4.1694,-4.8427,0.060381
0.090884,0.05723,0.10586,0.045572,0.036745,0.044214,0.68553,26.486,6.4445,0.6898,1.2041,33.681,5.4236,1.1971,0.0036396,0.25609,0.69906,0.32069,1.4387,1.2765,0.78267,0.58945,0.41576,30.938,49.379,47.913,1623.4,0.85175,36696,2.5289,1630.2,0.81104,37024,3.8374,1581.1,1.1513,34519,4.1693,1581.1,0.89631,35554,4.1939,0.41588,0.89377,-0.040707,-2.6092,-5.9336,0.29959,-2.6092,-3.1132,0.044559
0.10728,0.052644,0.071372,0.019954,0.037706,0.073945,0.54865,22.752,4.8169,1.3786,0.76999,28.048,6.5592,1.2372,0.0083266,0.15333,1.4395,0.29338,1.6898,0.81767,0.829,0.75137,0.28285,37.555,46.972,55.042,1562.4,0.94886,34920,3.1106,1617.7,0.92581,36252,3.7381,1577.2,1.149,34444,4.6811,1577.2,0.92412,35353,4.7069,3.5351,3.8128,-0.023051,0.94832,-1.3629,0.20012,0.94832,1.239,-0.024741
0.10879,0.089777,0.092112,0.043523,0.034349,0.074695,0.71272,25.322,4.9266,0.94606,1.6993,36.413,6.309,1.147,0.014698,0.23213,1.4072,0.35855,1.548,0.57005,1.4153,0.9213,0.66165,34.419,38.954,53.311,1596.6,1.074,35171,2.8555,1615,1.0131,35827,3.2227,1598.3,1.3357,34163,4.5617,1598.3,0.83192,36212,4.4951,1.1503,1.865,-0.060822,0.10546,-2.8656,0.26178,0.10546,2.9593,-0.24204
0.083968,0.087019,0.14693,0.018954,0.038931,0.053227,0.47554,26.939,4.6438,1.2959,1.7842,33.905,4.8281,1.1566,0.01335,0.19105,1.1873,0.18513,1.5129,1.1181,0.76045,0.62489,0.3948,33.435,48.796,47.266,1576.8,1.0296,34914,2.8131,1609.5,0.973,35872,3.8946,1575.8,1.3974,33445,4.2137,1575.8,1.007,34983,4.1979,2.073,2.7444,-0.056554,-0.06543,-4.2066,0.36784,-0.06543,0.19661,-0.022602
0.13879,0.089437,0.13238,0.051287,0.037246,0.032748,0.7436,23.957,5.944,1.1247,0.73501,30.257,7.4936,1.2593,0.011746,0.18946,0.64809,0.22613,1.8683,0.58407,0.83063,0.8526,0.55348,37.595,51.935,46.916,1590.6,1.1478,34742,3.104,1623.2,1.031,35936,4.0916,1611,1.5767,33501,4.1513,1611,1.0762,35479,4.1035,2.0501,3.4367,-0.11677,1.2812,-3.5701,0.42892,1.2812,2.1223,-0.071614
0.10848,0.064964,0.079241,0.014005,0.03175,0.083346,0.44724,23.946,7.3788,0.70849,0.84743,31.266,7.2916,1.0453,0.0053567,0.36596,0.61395,0.2823,1.2886,1.1715,1.0303,0.6976,0.44182,38.095,42.129,44.479,1625.4,0.89118,36572,3.0133,1629.3,0.85284,36824,3.3679,1559.5,1.1575,34024,3.984,1559.5,0.88726,35106,4.009,0.2409,0.68948,-0.038338,-4.0532,-6.9681,0.26633,-4.0532,-4.0095,-0.0039135
0.11179,0.033444,0.10939,0.012609,0.036603,0.055799,0.58089,27.711,5.6054,0.98957,1.1016,27.402,3.1749,1.1603,0.0090324,0.38932,0.62996,0.2616,1.6962,0.75783,1.106,0.75503,0.22395,36.766,41.697,48.454,1603.9,0.87106,36173,2.9589,1596.3,0.91266,35828,3.4235,1567.6,1.386,33315,4.3178,1567.6,1.1466,34244,4.3483,-0.47502,-0.95569,0.041599,-2.2622,-7.9014,0.51495,-2.2622,-5.3342,0.27554
0.12402,0.041501,0.1002,0.025985,0.027069,0.073312,0.49148,27.519,6.7717,0.63852,1.1407,40.568,9.444,1.2817,0.014395,0.15649,1.4968,0.39733,1.4667,1.2947,0.51565,0.69475,0.66337,38.482,46.774,52.758,1636.9,0.90217,36783,3.0205,1632.4,0.89927,36695,3.6837,1576.3,1.0576,34789,4.4921,1576.3,0.83239,35711,4.52,-0.27248,-0.23877,-0.0029045,-3.699,-5.4197,0.1554,-3.699,-2.913,-0.069783
0.11551,0.063299,0.065662,0.048558,0.027159,0.042852,0.72268,23.481,5.295,1.5483,0.99494,38.677,4.5862,1.3327,0.0058627,0.22138,1.4719,0.32407,1.2173,1.9562,0.87704,0.86965,0.57568,31.175,41.015,50.117,1584.2,0.9824,35269,2.6336,1633.6,0.96362,36449,3.3124,1566.6,1.1377,34257,4.3598,1566.6,0.81486,35565,4.3592,3.1218,3.3467,-0.018779,-1.108,-2.8686,0.15527,-1.108,0.83872,-0.16754
0.07622,0.043403,0.14709,0.030326,0.031399,0.034273,0.66976,25.109,6.1583,0.75571,1.1992,28.075,5.8321,1.0471,0.0070138,0.30832,0.82183,0.42386,1.31,1.283,0.62964,0.91676,0.3101,33.004,49.049,53.748,1623.7,0.82087,36835,2.6605,1619.7,0.78736,36889,3.8332,1587.9,1.0912,34910,4.5394,1587.9,0.81188,36061,4.5475,-0.24482,0.14616,-0.033507,-2.204,-5.2264,0.27035,-2.204,-2.1014,-0.0089891
0.1177,0.047533,0.10389,0.033865,0.036385,0.039839,0.45969,22.748,7.3467,1.2933,0.95711,42.571,6.7732,1.2048,0.0072543,0.2606,0.68564,0.31506,1.6695,1.9402,0.67591,0.84155,0.44757,38.079,38.035,46.348,1591.8,0.91438,35721,3.0812,1639.1,0.82197,37179,3.0691,1579.8,1.1619,34450,4.0657,1579.8,0.90303,35498,4.0913,2.9677,4.0821,-0.092411,-0.75472,-3.5584,0.24751,-0.75472,-0.62362,-0.011349
0.12929,0.072287,0.093524,0.00083944,0.043125,0.03083,0.57035,25.124,6.6414,0.86883,0.87365,44.879,6.8018,1.332,0.0077143,0.17791,1.1516,0.2015,1.3716,1.6548,0.6713,0.51221,0.49011,32.903,47.433,57.4,1606.8,1.0027,35688,2.7187,1639.4,0.95488,36614,3.7275,1597.7,1.2187,34612,4.8101,1597.7,0.98637,35554,4.8305,2.0274,2.5956,-0.047871,-0.56437,-3.014,0.216,-0.56437,-0.37534,-0.016378
0.086344,0.063524,0.1061,0.054781,0.044204,0.076184,0.45825,26.12,4.5094,0.75204,1.3407,40.862,4.1945,1.0129,0.012521,0.34679,0.69602,0.22978,1.9477,1.5875,0.62527,0.62819,0.29357,37.852,49.525,58.315,1596.9,0.92091,35806,3.0574,1611.8,0.80537,36630,3.8894,1534.9,1.2018,33317,5.0669,1534.9,0.94975,34303,5.0794,0.9333,2.3011,-0.11554,-3.8779,-6.9516,0.28093,-3.8779,-4.1996,0.028844
0.11534,0.050954,0.083165,0.033991,0.039265,0.04142,0.55867,24.631,7.4378,0.57424,0.83357,36.096,8.4657,1.0018,0.0089139,0.3131,0.97602,0.22138,1.4044,0.74185,0.50627,0.92513,0.55019,31.266,42.719,57.56,1631.4,0.87544,36774,2.543,1631.7,0.8534,36877,3.4023,1611.3,1.0439,35618,4.7187,1611.3,0.8004,36641,4.7339,0.022912,0.2801,-0.022044,-1.2308,-3.1444,0.16851,-1.2308,-0.36284,-0.075036
0.094536,0.076567,0.12036,0.032463,0.034173,0.047085,0.48321,26.38,5.7744,0.90146,0.5204,34.334,8.9592,1.2086,0.01449,0.1103,1.3904,0.15333,1.3382,1.1158,0.56791,0.54135,0.53045,36.42,51.845,47.523,1612.9,0.90812,36219,2.9273,1625.9,0.9013,36540,4.0393,1597.2,1.1504,34874,4.0998,1597.2,0.87479,36006,4.1183,0.80604,0.88608,-0.0068225,-0.97155,-3.7118,0.24229,-0.97155,-0.58664,-0.033332
0.12828,0.051889,0.11967,0.032832,0.042058,0.05412,0.44102,24.506,7.7416,1.6918,1.1745,38.03,8.8987,1.0215,0.0033486,0.1794,1.279,0.40286,1.6423,0.61253,1.0538,0.60696,0.53756,31.783,42.661,45.977,1558.6,0.96144,34785,2.7153,1640.8,0.95109,36662,3.4047,1613.1,1.2871,34671,3.9933,1613.1,0.99055,35878,4.0082,5.2693,5.3959,-0.010354,3.4934,-0.32519,0.3257,3.4934,3.1444,0.029111
0.086369,0.062186,0.14109,0.0481,0.028249,0.057343,0.28371,26.366,7.7357,0.94344,1.5959,25.937,5.8302,1.168,0.0030645,0.12497,1.3476,0.36193,1.1486,0.92547,0.75988,0.78489,0.30581,34.788,45.848,56.638,1629,0.87716,36713,2.7825,1623.6,0.9546,36264,3.6565,1579.9,1.224,34206,4.8123,1579.9,0.90154,35506,4.8013,-0.32761,-1.2211,0.077436,-3.0134,-6.8292,0.34683,-3.0134,-3.2882,0.024381
0.10869,0.048422,0.12499,0.030275,0.042568,0.076431,0.45154,24.898,5.307,0.74199,1.6443,36.435,2.8046,1.0788,0.013136,0.17141,0.55703,0.34584,1.4296,1.2347,0.66714,0.77152,0.34366,33.501,49.845,55.593,1602.3,0.97509,35704,2.7615,1597.7,0.89792,35921,3.973,1543.6,1.2651,33262,4.8647,1543.6,0.97516,34394,4.8673,-0.29,0.60817,-0.077173,-3.6681,-6.8394,0.28996,-3.6681,-3.669,7.4245e-05
0.11287,0.081643,0.1034,0.044203,0.036782,0.057686,0.57364,22.234,7.3371,1.5316,1.6019,28.133,7.595,1.2461,0.0040515,0.12317,0.58885,0.3523,1.6526,0.54054,1.1782,0.63262,0.34843,32.678,40.132,45.729,1572.3,1.0173,34864,2.7656,1631.2,0.91908,36583,3.2472,1602.9,1.3745,34109,4.0273,1602.9,1.063,35353,4.0385,3.7424,4.9315,-0.098193,1.9426,-2.1653,0.35725,1.9426,1.4047,0.045692
0.12868,0.054825,0.10759,0.041392,0.03559,0.045426,0.74071,22.406,5.5148,0.91005,1.6907,27.459,6.0685,1.3206,0.0070177,0.34905,0.60281,0.3503,1.9625,1.2004,0.77606,0.60427,0.54729,35.861,50.277,53.435,1598.1,1.0759,35196,2.953,1623.2,0.92279,36389,3.9469,1578.3,1.4114,33445,4.6543,1578.3,1.08,34743,4.6464,1.5699,3.3895,-0.15315,-1.2401,-4.9754,0.33546,-1.2401,-1.2865,0.0040616
0.11649,0.057485,0.070745,0.02508,0.036603,0.042391,0.32584,26.403,5.816,0.51576,1.7831,40.363,2.6865,1.1759,0.0060939,0.37814,1.1937,0.37159,1.27,1.5844,1.1788,0.5241,0.27993,37.093,40.838,46.954,1632.8,0.93867,36537,2.9433,1623.3,0.96218,36224,3.3211,1570.1,1.2051,34068,4.1471,1570.1,1.0064,34858,4.1911,-0.58369,-0.85479,0.023511,-3.8405,-6.7576,0.26639,-3.8405,-4.5935,0.067739
0.11214,0.040134,0.067274,0.020942,0.040171,0.06212,0.5919,26.511,4.672,1.2487,0.66132,40.593,5.354,1.0038,0.0051581,0.34774,0.63786,0.22275,1.8215,0.67247,1.0586,0.86268,0.23112,31.05,43.405,49.674,1573.4,0.87568,35467,2.6217,1630.6,0.78798,37134,3.4333,1597,1.1084,35040,4.2367,1597,0.93129,35766,4.2836,3.6354,4.7008,-0.087696,1.4982,-1.2043,0.23271,1.4982,0.84373,0.055607
0.077826,0.045711,0.050407,0.030857,0.043112,0.048132,0.56912,28.741,5.3275,0.93591,0.72807,23.94,8.6693,1.2786,0.0056408,0.28945,0.50695,0.22325,1.0574,0.75527,0.63152,0.80632,0.43378,30.118,42.763,50.324,1598.8,0.72287,36688,2.4877,1629.2,0.67788,37582,3.3656,1596.4,0.8441,36117,4.1994,1596.4,0.66593,36877,4.2438,1.8991,2.4377,-0.044993,-0.15191,-1.556,0.12122,-0.15191,0.51666,-0.056945
0.072658,0.057056,0.14964,0.054314,0.032388,0.067499,0.6268,22.251,7.4512,1.0256,0.79776,29.8,4.483,1.2401,0.010636,0.35098,1.443,0.30781,1.9281,0.80744,0.87159,0.53711,0.33669,37.129,40.392,57.437,1606.6,0.81352,36478,2.9657,1609,0.8972,36178,3.3041,1573.8,1.3651,33526,4.939,1573.8,1.0537,34749,4.9313,0.14935,-0.82257,0.083686,-2.0422,-8.092,0.5516,-2.0422,-4.739,0.24022
0.071783,0.089001,0.054045,0.0010026,0.034963,0.071129,0.66643,24.184,7.0821,1.7656,1.1147,34.371,7.8518,1.2617,0.0048427,0.20993,1.0528,0.29515,1.4021,1.3145,1.4158,0.60078,0.39977,35.508,46.168,57.322,1562.5,0.81916,35454,2.9381,1637.1,0.78879,37277,3.6027,1565.7,1.0557,34562,4.8438,1565.7,0.79221,35637,4.8524,4.7699,5.142,-0.030371,0.20044,-2.5158,0.23652,0.20044,0.51623,-0.026955
0.12129,0.051418,0.096301,0.0091275,0.040285,0.062859,0.30362,22.124,5.8004,0.91606,0.9781,41.246,8.5365,1.0852,0.014602,0.26031,1.216,0.43724,1.1849,1.2131,1.5477,0.87891,0.5382,32.479,48.072,55.408,1595.5,0.99064,35488,2.7062,1625.8,0.89025,36586,3.7831,1585,1.1553,34589,4.686,1585,0.85251,35825,4.6837,1.9003,3.0958,-0.10039,-0.65868,-2.5319,0.16462,-0.65868,0.94947,-0.13812
0.0927,0.055565,0.14757,0.04883,0.025563,0.043642,0.26499,25.052,6.9174,1.1036,0.50587,24.108,8.0051,1.1294,0.006719,0.17184,1.3099,0.28873,1.1617,0.89463,1.1694,0.59299,0.5871,34.982,44.078,49.84,1622.9,0.84414,36717,2.799,1628.1,0.91775,36520,3.5178,1598.5,1.2789,34390,4.2985,1598.5,0.89807,35938,4.2803,0.31977,-0.53636,0.073613,-1.5037,-6.3355,0.4348,-1.5037,-2.1205,0.053933
0.10431,0.079748,0.092909,0.0016346,0.036481,0.074632,0.65875,28.88,6.8787,0.69583,0.60572,33.748,8.529,1.1266,0.005683,0.34137,0.93765,0.32194,1.3321,1.2236,1.2554,0.94076,0.33645,37.872,42.207,57.62,1625.7,0.88468,36606,2.9964,1635.3,0.88538,36819,3.3691,1568.5,1.2266,33948,4.9183,1568.5,0.87223,35369,4.8937,0.5903,0.58212,0.0006988,-3.5196,-7.2622,0.34193,-3.5196,-3.3796,-0.012453
0.079154,0.051091,0.05438,0.041462,0.031382,0.063401,0.73721,22.573,5.8569,1.4361,1.36,44.115,7.6032,1.17,0.014358,0.35149,0.96138,0.31645,1.1751,0.55293,1.3396,0.64584,0.68118,33.1,48.928,56.373,1578.3,0.7989,35896,2.7392,1629.6,0.69604,37512,3.7757,1614.1,0.87392,36390,4.5708,1614.1,0.66726,37280,4.5994,3.2532,4.5031,-0.10287,2.2677,1.377,0.075019,2.2677,3.8555,-0.13164
0.086842,0.060124,0.12176,0.029881,0.044684,0.040382,0.31408,22.477,6.8935,1.0039,1.7081,34.336,5.2418,1.2049,0.0055676,0.22312,0.56008,0.31197,1.4977,1.4755,0.9556,0.60929,0.50236,37.205,45.828,50.948,1594.2,0.90496,35813,3.0145,1625.2,0.79886,36965,3.609,1577.7,1.2376,34106,4.4202,1577.7,0.90357,35449,4.415,1.9461,3.2146,-0.1061,-1.034,-4.7682,0.3326,-1.034,-1.0179,-0.0013943
0.10553,0.065664,0.067483,0.037271,0.039178,0.081173,0.5333,25.406,6.4144,0.65649,0.85582,41.471,9.2632,1.3092,0.0034935,0.38908,1.0845,0.37664,1.257,0.57037,1.2272,0.62134,0.2015,37.308,40.236,44.771,1617.3,0.8867,36409,2.9744,1646.5,0.81723,37367,3.1991,1607,1.0297,35581,3.8496,1607,0.87701,36217,3.9074,1.8062,2.6339,-0.069471,-0.63698,-2.2733,0.14301,-0.63698,-0.52475,-0.0096955
0.089278,0.054849,0.066563,0.02029,0.04216,0.080255,0.30815,23.482,6.7281,1.2849,1.1918,28.468,4.5703,1.1319,0.012167,0.37279,1.0632,0.27909,1.8503,1.1491,1.07,0.85687,0.34528,39.154,50.818,54.985,1576.3,0.8199,35763,3.1634,1599,0.88223,36015,4.0315,1544,1.1997,33522,4.7958,1544,0.87301,34815,4.7857,1.4372,0.70299,0.062328,-2.0475,-6.266,0.37983,-2.0475,-2.652,0.053106
0.09982,0.048683,0.14976,0.028668,0.026035,0.079507,0.69183,25.105,7.9608,1.1941,1.7441,27.087,3.4009,1.0715,0.0092394,0.33136,1.3241,0.39162,1.7814,0.92463,0.55115,0.5356,0.29787,39.271,51.492,48.81,1614.8,0.9105,36252,3.1172,1596.7,1.065,35210,4.1394,1550.9,1.4104,32868,4.3983,1550.9,1.1398,33905,4.4184,-1.1172,-2.8729,0.15445,-3.9548,-9.3329,0.49988,-3.9548,-6.472,0.22927
0.099185,0.043635,0.051116,0.0053069,0.035474,0.042747,0.45365,25.372,6.1812,1.7493,1.9183,25.512,4.4411,1.2512,0.0086214,0.30603,0.62305,0.15303,1.2474,1.2064,0.6143,0.93209,0.50184,36.1,43.366,49.436,1567.5,0.82078,35561,2.97,1606.9,0.84236,36361,3.4958,1567.5,1.0727,34536,4.2881,1567.5,0.78807,35697,4.3008,2.5095,2.2518,0.021579,0.0010557,-2.8828,0.25192,0.0010557,0.38368,-0.032712
0.13122,0.045047,0.1183,0.031981,0.042851,0.060375,0.53945,25.496,4.5351,1.1757,0.91332,40.292,9.4365,1.1832,0.0098547,0.14754,1.1275,0.32339,1.3625,1.2483,1.6423,0.62891,0.67688,34.147,45.401,55.582,1571,1.0298,34785,2.8734,1633.4,0.90938,36675,3.5924,1584.2,1.3132,33949,4.756,1584.2,0.9365,35458,4.7279,3.9703,5.434,-0.12045,0.83795,-2.4014,0.28335,0.83795,1.9357,-0.093336
0.11442,0.056777,0.13279,0.042584,0.026365,0.031031,0.68669,28.372,4.8143,1.0191,1.2984,25.771,8.226,1.1045,0.0087949,0.12668,0.89814,0.25753,1.1468,0.634,1.1877,0.90656,0.59555,34.36,47.201,49.125,1617.1,0.98996,35970,2.7977,1627.1,0.93331,36431,3.7339,1613.6,1.2959,34648,4.2138,1613.6,0.88211,36345,4.1869,0.61734,1.2813,-0.056651,-0.21694,-3.6765,0.30591,-0.21694,1.0415,-0.10785
0.062427,0.064701,0.12231,0.022548,0.035398,0.0662,0.47578,28.643,7.5978,0.91979,1.0029,27.679,8.3111,1.1642,0.010066,0.19264,1.4543,0.32303,1.3521,0.63496,1.5827,0.91612,0.31644,39.972,39.488,50.798,1620,0.7474,37067,3.1157,1622.6,0.79961,36902,3.1919,1598.4,1.185,34761,4.3357,1598.4,0.83943,36182,4.3267,0.16574,-0.4436,0.052211,-1.332,-6.2192,0.43765,-1.332,-2.3868,0.092027
0.083549,0.076412,0.050704,0.043963,0.036415,0.08127,0.66892,28.265,5.7206,0.64419,1.9026,36.262,7.4213,1.0192,0.013834,0.10276,1.2681,0.1862,1.7824,0.8256,1.5713,0.77118,0.30912,38.685,44.287,48.314,1620.7,0.83874,36690,3.0497,1616,0.834,36605,3.5357,1582.2,1.092,34782,4.1759,1582.2,0.82434,35880,4.1956,-0.28858,-0.2334,-0.004745,-2.3737,-5.2026,0.25331,-2.3737,-2.2096,-0.014407
0.096183,0.083748,0.11097,0.0058651,0.038095,0.055015,0.31552,22.422,5.1974,0.65789,0.64039,37.246,8.204,1.2197,0.013518,0.24343,0.5044,0.18552,1.2981,1.2261,1.8431,0.59311,0.25565,35.305,48.818,44.768,1610,1.0176,35697,2.8805,1627.2,0.81511,36939,3.8082,1586.7,1.3477,33869,3.9918,1586.7,1.0738,34954,4.0159,1.0712,3.4786,-0.20244,-1.4427,-5.1207,0.33019,-1.4427,-2.0822,0.056244
0.13953,0.066331,0.11699,0.036127,0.043821,0.039628,0.65752,28.474,6.393,0.58865,1.479,41.113,9.2417,1.3087,0.011059,0.26931,1.2965,0.30803,1.6683,0.8235,1.206,0.6333,0.55887,38.105,45.427,52.921,1626.6,1.0447,35953,3.0467,1635.4,0.98986,36379,3.6115,1613.6,1.3999,34239,4.5124,1613.6,1.0504,35643,4.4994,0.54279,1.1843,-0.054894,-0.79639,-4.7671,0.35514,-0.79639,-0.86072,0.0056043
0.083806,0.079659,0.075184,0.059935,0.030589,0.055754,0.52583,25.066,5.6883,0.93391,0.87094,41.204,4.7877,1.0178,0.009442,0.36745,0.78135,0.28347,1.1137,1.1133,0.72871,0.84728,0.58468,38.475,48.196,58.06,1611.4,0.88203,36297,3.0631,1626.9,0.82306,36898,3.7697,1584.3,1.0548,34977,4.8378,1584.3,0.7058,36428,4.814,0.96137,1.6577,-0.058973,-1.6841,-3.6358,0.17274,-1.6841,0.36031,-0.17623
0.11553,0.031353,0.097557,0.0062747,0.028134,0.08327,0.44366,28.842,7.8583,0.85531,1.1391,22.488,2.9083,1.0074,0.0033086,0.37151,1.1119,0.33391,1.414,0.6356,0.7025,0.7981,0.60761,38.644,46.457,57.912,1632.3,0.82483,37013,3.0221,1586.5,1.1361,34699,3.8358,1548.5,1.3507,33043,5.0488,1548.5,1.0107,34363,5.0293,-2.8033,-6.2508,0.31128,-5.1318,-10.726,0.52585,-5.1318,-7.16,0.18586
0.085921,0.053915,0.052332,0.034327,0.025747,0.046679,0.60427,24.392,7.8218,1.1768,1.898,44.573,9.5048,1.0603,0.0064378,0.39959,1.3057,0.15525,1.7683,1.3761,1.2614,0.91643,0.51912,37.518,40.684,56.119,1619.7,0.77514,36940,2.9591,1650.8,0.74193,37796,3.2019,1598.2,0.97152,35625,4.6328,1598.2,0.72331,36671,4.6479,1.9216,2.3182,-0.033213,-1.3281,-3.5592,0.19638,-1.3281,-0.728,-0.051838
0.13366,0.080739,0.098496,0.028736,0.025968,0.046182,0.43642,27.437,7.8387,1.6594,1.2507,44.112,5.2039,1.2173,0.014051,0.17817,0.91408,0.39575,1.325,1.5216,1.6147,0.73743,0.20527,36.503,47.119,51.715,1606.6,1.0039,35679,2.9657,1627.3,0.99236,36188,3.7444,1585.5,1.3924,33670,4.504,1585.5,1.1072,34792,4.5146,1.2918,1.4273,-0.011528,-1.3125,-5.6292,0.38853,-1.3125,-2.4851,0.10331
0.063764,0.082168,0.073976,0.039819,0.028195,0.079151,0.59986,23.263,7.1288,1.437,0.57434,37.841,5.1083,1.1888,0.011082,0.10834,1.4476,0.38535,1.1644,1.9758,1.8072,0.63564,0.59447,38.254,39.156,58.308,1594.1,0.78055,36335,3.0577,1619.7,0.82719,36717,3.1821,1516.9,1.1082,33283,5.0912,1516.9,0.74509,34717,5.0607,1.604,1.0523,0.046644,-4.847,-8.4005,0.32763,-4.847,-4.4517,-0.035459
0.062487,0.045878,0.064918,0.02464,0.035607,0.056929,0.69734,26.479,6.3659,0.66973,1.7989,37.773,2.8163,1.3131,0.0042378,0.25427,1.4936,0.17192,1.2475,1.29,0.86282,0.88743,0.22726,35.615,44.141,51.517,1623.8,0.70334,37346,2.8097,1621.1,0.75494,37060,3.4939,1560.5,0.93433,34935,4.409,1560.5,0.70128,35898,4.4353,-0.16427,-0.76537,0.051595,-3.9005,-6.456,0.23099,-3.9005,-3.8773,-0.0020579
0.069559,0.061885,0.10392,0.011778,0.025548,0.0473,0.55542,23.188,5.9477,1.0941,0.65535,25.709,5.7721,1.1162,0.0050506,0.25093,1.0381,0.32424,1.5592,1.1553,1.975,0.59665,0.62569,36.379,38.88,56.993,1611.6,0.80442,36630,2.904,1621.6,0.84084,36702,3.1632,1578.4,1.3222,33791,4.8771,1578.4,0.86558,35622,4.8171,0.62403,0.19736,0.036421,-2.0555,-7.7495,0.51776,-2.0555,-2.7516,0.061161
0.079524,0.041812,0.079606,0.0346,0.033968,0.045629,0.33608,22.655,4.7082,0.80105,0.71396,37.31,8.8864,1.0068,0.0087508,0.21805,0.77698,0.34948,1.948,0.78157,0.66599,0.6379,0.2628,31.285,47.046,48.74,1604.5,0.81394,36428,2.5749,1635.7,0.69109,37675,3.6366,1613,0.95387,36029,4.0831,1613,0.81014,36638,4.1399,1.9467,3.4221,-0.12285,0.53024,-1.0942,0.13994,0.53024,0.57484,-0.0038006
0.079646,0.061014,0.063169,0.014858,0.041793,0.041906,0.36718,24.6,5.7296,0.50839,1.5317,44.333,5.4279,1.125,0.0054719,0.15208,1.0265,0.33208,1.5461,1.1923,1.1772,0.826,0.30932,31.273,49.247,47.396,1625.3,0.82529,36852,2.5433,1635.7,0.75563,37391,3.7997,1595.9,1.0086,35421,4.0513,1595.9,0.76646,36434,4.0795,0.64099,1.4632,-0.069661,-1.8109,-3.8822,0.18336,-1.8109,-1.134,-0.05883
0.13017,0.062691,0.056962,0.022567,0.037159,0.040616,0.71847,25.156,5.5432,1.8094,0.5028,33.547,6.6484,1.3441,0.0093487,0.18818,1.2199,0.29519,1.4562,1.3697,0.71847,0.70254,0.27373,30.91,47.259,52.513,1549.8,0.97812,34521,2.6723,1627.9,0.96324,36323,3.7443,1586.4,1.1625,34591,4.4813,1586.4,0.95252,35442,4.515,5.0394,5.221,-0.014885,2.3632,0.20354,0.18439,2.3632,2.6679,-0.025598
0.063882,0.037223,0.076096,0.057439,0.026925,0.051488,0.32809,23.193,5.8785,1.2282,0.8394,35.683,2.6681,1.0972,0.014794,0.28802,1.1348,0.3684,1.2163,1.0196,0.7508,0.94131,0.59017,35.939,38.581,45.22,1604.7,0.7012,36917,2.8643,1602.8,0.73183,36740,3.1541,1576.1,0.90716,35398,3.9202,1576.1,0.62646,36579,3.9394,-0.12167,-0.4793,0.030633,-1.7816,-4.115,0.20596,-1.7816,-0.91657,-0.07474
0.092094,0.049699,0.13718,0.053595,0.033364,0.061567,0.3182,27.926,5.8984,1.9075,0.75673,36.01,8.2593,1.3174,0.0094167,0.29425,1.1559,0.21986,1.6154,0.59445,1.3315,0.65744,0.25808,30.416,39.836,48.462,1567.6,0.84126,35477,2.5807,1635.1,0.8059,37159,3.1921,1608.4,1.2884,34566,4.1788,1608.4,1.0588,35493,4.2109,4.3107,4.7419,-0.035359,2.6039,-2.5681,0.44715,2.6039,0.044197,0.21752
0.12581,0.076625,0.12209,0.04613,0.027952,0.087545,0.57626,28.062,6.1865,0.87066,0.80826,42.726,8.1465,1.1418,0.01453,0.34499,0.77356,0.23245,1.8734,1.0092,1.9169,0.85439,0.62993,37.014,39.357,52.127,1621.3,1.0053,36000,2.9737,1628.6,0.91259,36552,3.1988,1576.7,1.5803,32774,4.6219,1576.7,1.0175,34960,4.5382,0.44768,1.5352,-0.092748,-2.7513,-8.9588,0.57492,-2.7513,-2.8882,0.012156
0.11008,0.076033,0.13474,0.043789,0.036319,0.031715,0.66951,26.787,4.5974,1.1933,0.79035,36.397,7.1114,1.2535,0.0080805,0.21611,0.5396,0.39639,1.8449,1.499,0.5903,0.77439,0.57154,31.147,41.561,58.951,1586.8,1.0303,35132,2.6367,1634.5,0.87271,36855,3.3245,1597.1,1.3334,34148,4.9622,1597.1,0.92225,35807,4.9151,3.0038,4.906,-0.15756,0.65308,-2.8004,0.3031,0.65308,1.9226,-0.10802
0.11136,0.088145,0.13844,0.042221,0.042817,0.079632,0.48241,26.962,7.9264,1.2335,1.2815,39.558,4.7245,1.1513,0.0087706,0.3844,0.65589,0.31643,1.7263,0.96369,1.4167,0.70937,0.29481,33.873,41.795,46.339,1586.1,0.99019,35281,2.8187,1620.1,0.94717,36216,3.3887,1568.6,1.5991,32536,4.2283,1568.6,1.197,34067,4.2116,2.1394,2.6506,-0.043016,-1.1055,-7.7783,0.60894,-1.1055,-3.4408,0.20681
0.11228,0.085132,0.082544,0.015917,0.029037,0.040364,0.57292,25.233,5.302,1.1409,1.9327,33.193,7.6618,1.1388,0.0099904,0.20044,0.96188,0.38491,1.2784,1.0933,0.84096,0.807,0.29498,31.712,38.596,49.347,1604.4,1.0516,35433,2.6508,1630.9,0.94215,36479,3.1503,1601.9,1.1944,34801,4.2281,1601.9,0.88887,36054,4.2346,1.6524,2.951,-0.10947,-0.15238,-1.7846,0.14278,-0.15238,1.7516,-0.16275
0.075539,0.036329,0.05236,0.038229,0.029416,0.034056,0.72331,22.399,5.682,0.95269,1.0316,35.788,3.582,1.1764,0.011454,0.20413,1.4152,0.26113,1.9132,1.4215,0.73626,0.76229,0.21053,35.626,41.401,56.847,1607.9,0.73879,36829,2.8457,1614.2,0.75893,36886,3.3266,1582.1,0.94733,35366,4.7218,1582.1,0.77926,36065,4.7648,0.39121,0.15505,0.020135,-1.6094,-3.9726,0.20853,-1.6094,-2.0739,0.040466
0.089662,0.079867,0.096502,0.0086297,0.03937,0.033289,0.38785,26.493,4.9916,1.2579,1.6698,28.869,9.6975,1.1051,0.012409,0.26533,0.66478,0.38054,1.414,1.8818,0.7793,0.78759,0.55616,35.38,49.199,49.393,1583.7,0.95923,35354,2.9207,1626.3,0.81615,36914,3.836,1589,1.1376,34747,4.2477,1589,0.78035,36218,4.2373,2.6889,4.4134,-0.14308,0.33271,-1.7175,0.17838,0.33271,2.4451,-0.17888
0.12734,0.05121,0.068568,0.040711,0.035154,0.059397,0.51028,26.749,4.9832,0.91327,1.1277,43.074,2.751,1.141,0.012984,0.34425,1.1241,0.25845,1.8589,1.8268,1.5385,0.86698,0.50157,32.975,51.303,47.826,1604.8,0.96481,35802,2.7192,1613.5,0.95301,36044,4.0494,1543.1,1.3305,33004,4.3226,1543.1,0.98737,34335,4.3204,0.54061,0.6784,-0.011795,-3.8444,-7.8151,0.36566,-3.8444,-4.0958,0.02256
0.13992,0.032994,0.12051,0.045969,0.041672,0.033812,0.25688,28.71,6.9713,1.9817,1.4151,35.969,7.012,1.2439,0.0054031,0.20726,1.0806,0.34103,1.5381,0.68771,1.2622,0.88927,0.39046,33.378,48.499,55.104,1551.2,0.95484,34646,2.8395,1636.5,0.93242,36645,3.799,1613.1,1.3229,34530,4.6408,1613.1,1.0648,35571,4.6554,5.4941,5.7691,-0.022417,3.9859,-0.33668,0.36803,3.9859,2.6687,0.11
0.13949,0.034045,0.11455,0.053008,0.033021,0.045795,0.36097,27.947,6.9048,1.5619,1.0134,32.184,3.0908,1.1128,0.0036174,0.1387,1.4741,0.20822,1.3485,1.7539,0.7789,0.69774,0.59977,36.67,40.814,54.602,1591.5,0.93749,35618,2.9903,1614.4,1.1159,35391,3.3764,1550.4,1.3607,33046,4.8053,1550.4,1.0505,34247,4.8025,1.4394,-0.63577,0.17845,-2.5817,-7.222,0.4232,-2.5817,-3.8501,0.11302
0.12218,0.08549,0.11874,0.013681,0.030767,0.085867,0.47291,26.093,7.5921,1.1763,1.8648,41.475,2.5738,1.3114,0.012856,0.39913,1.0191,0.19163,1.9616,1.1966,0.63866,0.85701,0.44071,31.072,47.284,44.373,1608.4,1.039,35574,2.5978,1610.9,1.062,35535,3.8137,1546,1.5412,32280,4.1264,1546,1.0543,34134,4.0875,0.15475,-0.11124,0.022979,-3.8792,-9.2619,0.50225,-3.8792,-4.0497,0.015341
0.10347,0.049571,0.092978,0.027152,0.037635,0.081169,0.57964,22.027,6.5083,1.3817,1.1597,23.903,6.7342,1.2019,0.011204,0.22414,1.3871,0.34076,1.3221,1.0639,1.2131,0.66682,0.62996,33.666,43.234,56.079,1570.8,0.89954,35309,2.8125,1607.1,0.93689,35969,3.5113,1554.7,1.2012,33749,4.8418,1554.7,0.87135,35063,4.8287,2.3135,1.8702,0.037349,-1.0223,-4.4187,0.30171,-1.0223,-0.69706,-0.028183
0.12581,0.031248,0.086049,0.0094628,0.032873,0.081145,0.50027,26.08,5.2913,1.624,1.1311,35.667,4.8233,1.2186,0.012681,0.16682,0.53,0.16439,1.533,1.5997,0.65991,0.78996,0.58586,35.091,43.811,46.169,1570.7,0.91594,35239,2.9153,1612.8,0.83831,36513,3.5119,1529.9,1.14,33446,4.1784,1529.9,0.90742,34359,4.2133,2.6828,3.6153,-0.077635,-2.5935,-5.0887,0.22404,-2.5935,-2.4969,-0.0085292
0.13895,0.064453,0.11128,0.034829,0.025444,0.030401,0.45502,22.367,4.5603,1.1184,0.54925,36.14,8.7628,1.3428,0.0045079,0.34073,0.7227,0.26361,1.8091,1.9641,0.89316,0.56796,0.54091,39.234,50.466,48.364,1601.7,1.1547,34955,3.198,1652.8,0.91591,37082,3.8868,1596.4,1.3871,33922,4.2341,1596.4,1.0751,35161,4.2411,3.1911,6.0846,-0.23882,-0.33256,-2.957,0.2324,-0.33256,0.58852,-0.07967
0.087975,0.080702,0.089426,0.0051805,0.026975,0.08074,0.56444,22.395,5.7009,0.61643,1.4453,32.991,7.4137,1.0074,0.011999,0.2694,0.61185,0.25953,1.0828,0.81094,1.0234,0.50746,0.59849,37.838,45.629,59.08,1621,0.968,36149,3.0216,1621.6,0.82817,36756,3.6118,1585.6,1.1155,34762,4.927,1585.6,0.83325,35919,4.9265,0.037084,1.6781,-0.13983,-2.1825,-3.8387,0.14751,-2.1825,-0.63686,-0.13475
0.10623,0.075028,0.079501,0.032948,0.036183,0.076903,0.71624,23.515,7.2804,0.61833,1.6273,31.7,6.8284,1.1442,0.013065,0.28323,1.3546,0.36424,1.8515,0.64556,0.50168,0.90949,0.2294,34.141,43.877,45.69,1623,0.94011,36311,2.7624,1614.3,0.96415,36017,3.5464,1590.2,1.1836,34589,3.9996,1590.2,0.88013,35827,4.0125,-0.53386,-0.81119,0.024042,-2.0202,-4.7413,0.24347,-2.0202,-1.3343,-0.059976
0.076792,0.07824,0.14685,0.050141,0.039611,0.07866,0.45788,28.342,5.2967,0.51225,1.973,29.981,5.0398,1.3309,0.009284,0.33974,1.2797,0.21533,1.3631,1.084,0.87023,0.60726,0.2015,38.304,50.2,54.728,1625.3,0.94925,36323,3.0409,1612.1,0.93717,36080,3.9732,1553.2,1.3612,33102,4.8062,1553.2,1.0615,34263,4.8071,-0.80995,-0.67064,-0.012081,-4.4358,-8.8686,0.41194,-4.4358,-5.6717,0.11229
0.079441,0.031642,0.13033,0.008167,0.035393,0.078632,0.39983,23.704,6.7211,0.98329,0.62361,30.603,3.2511,1.2457,0.013791,0.1501,0.96787,0.32481,1.0582,0.79665,0.78644,0.59456,0.58873,32.492,38.974,52.245,1604.2,0.7486,36701,2.6438,1593.9,0.80468,36228,3.2157,1561.7,1.0684,34424,4.5015,1561.7,0.79662,35529,4.5144,-0.64146,-1.2904,0.056072,-2.6507,-6.2056,0.31983,-2.6507,-3.1955,0.048018
0.12418,0.039034,0.078435,0.03527,0.02858,0.066402,0.71385,24.01,7.9105,1.9736,0.5648,25.493,7.244,1.184,0.0074709,0.27421,0.74836,0.30285,1.9401,0.78871,0.65243,0.68724,0.40283,31.67,42.009,55.734,1574,0.85605,35560,2.6598,1623.1,0.87422,36592,3.3782,1585.3,1.1878,34467,4.7194,1585.3,0.98698,35276,4.753,3.1206,2.9026,0.018166,0.72276,-3.0754,0.3318,0.72276,-0.7988,0.13093
0.13474,0.06348,0.11447,0.0037163,0.030634,0.058053,0.6069,25.394,5.4878,0.94157,0.53072,26.458,8.9409,1.1779,0.0065198,0.33523,0.97387,0.26502,1.1317,1.2418,0.58605,0.67114,0.32163,38.461,48.511,53.547,1609.8,1.0329,35631,3.1001,1633.8,0.98209,36375,3.8202,1579.1,1.2338,34150,4.5992,1579.1,1.0032,35072,4.6253,1.4877,2.0871,-0.050808,-1.9088,-4.1565,0.20089,-1.9088,-1.571,-0.029676
0.12514,0.078734,0.11106,0.034729,0.02644,0.073999,0.43996,23.887,6.2011,0.91573,1.0975,34.51,7.9111,1.0664,0.014196,0.10856,0.91546,0.27778,1.8547,0.81299,1.0215,0.54988,0.68602,35.289,39.727,48.435,1617.3,1.0613,35679,2.8757,1621.5,0.9791,36113,3.2539,1592.2,1.4232,33694,4.2615,1592.2,1.0186,35300,4.2391,0.25505,1.2149,-0.082246,-1.553,-5.5632,0.36183,-1.553,-1.0645,-0.042755
0.11359,0.063161,0.051009,0.011912,0.031574,0.041696,0.57111,25.859,6.655,0.78594,0.61453,40.145,6.2154,1.1102,0.0043996,0.3041,1.3501,0.41134,1.163,0.73721,1.0808,0.77856,0.28119,38.517,44.848,48.79,1626,0.87765,36644,3.0374,1641,0.90834,36849,3.5388,1612,1.0241,35715,4.1106,1612,0.82249,36562,4.1497,0.92108,0.56136,0.030683,-0.86292,-2.5349,0.14645,-0.86292,-0.22342,-0.055167
0.11236,0.061272,0.059567,0.03375,0.031269,0.05909,0.41785,22.024,5.4435,1.4036,1.561,36.517,6.9012,1.2405,0.012955,0.37781,1.2703,0.1954,1.7816,0.62354,0.7856,0.67503,0.39127,34.247,39.963,55.464,1581.4,0.9879,35186,2.8525,1626.5,0.88792,36610,3.2376,1605.2,1.1147,35193,4.617,1605.2,0.90589,36056,4.6473,2.847,4.0488,-0.099985,1.5011,0.022146,0.12683,1.5011,2.4726,-0.082012
0.11886,0.045848,0.082706,0.00063771,0.043032,0.072725,0.43076,24.691,5.2815,0.83857,0.59631,23.979,5.7123,1.12,0.011976,0.17922,1.1075,0.15091,1.0877,1.3031,0.78294,0.55448,0.36111,30.105,43.047,46.684,1596,0.92456,35772,2.5294,1597.2,0.99368,35512,3.5354,1540.9,1.1943,33476,4.2028,1540.9,0.99528,34254,4.2478,0.072987,-0.72685,0.069114,-3.4535,-6.4202,0.26976,-3.4535,-4.243,0.070721
0.089547,0.063491,0.10981,0.031454,0.037825,0.08303,0.72487,26.099,5.2891,0.677,1.6344,33.161,8.1537,1.2632,0.0096592,0.32016,0.52542,0.27002,1.004,1.1763,1.2434,0.86009,0.43552,37.366,44.207,55.811,1610.3,0.91971,36113,2.9987,1626.7,0.75949,37168,3.4875,1560.7,1.1281,34166,4.7779,1560.7,0.80653,35466,4.7681,1.0158,2.9207,-0.16023,-3.0787,-5.3905,0.2084,-3.0787,-1.7923,-0.11318
0.069267,0.078713,0.078776,0.042218,0.043721,0.078804,0.6951,27.627,7.482,0.66613,0.67081,23.546,5.825,1.1189,0.013759,0.39414,1.4817,0.36199,1.6334,1.0874,1.3375,0.88863,0.40917,34.128,46.715,53.758,1619.2,0.75775,37005,2.7301,1593.6,0.96816,35538,3.7889,1547,1.2722,33309,4.7233,1547,0.7938,35206,4.6621,-1.5825,-3.9656,0.2104,-4.4606,-9.9893,0.51443,-4.4606,-4.8622,0.036044
0.12041,0.078513,0.09879,0.016379,0.038216,0.068524,0.50037,26.037,4.9725,0.94792,1.0394,31.649,8.6323,1.0509,0.012185,0.27337,0.75416,0.36475,1.8831,1.384,1.3774,0.80357,0.42352,37.768,46.89,51.303,1596.2,1.0527,35248,3.0833,1621.3,0.93291,36304,3.7261,1564.7,1.4259,33101,4.5453,1564.7,1.0337,34628,4.5206,1.5744,2.995,-0.11977,-1.9752,-6.0922,0.37327,-1.9752,-1.7591,-0.019022
0.07378,0.075041,0.12996,0.017163,0.037731,0.081833,0.47306,22.141,5.1374,0.87408,0.64282,26.251,8.3567,1.307,0.0088785,0.39042,1.2597,0.28244,1.4131,0.62587,0.72367,0.53418,0.61293,31.825,44.419,44.836,1592.1,0.9243,35684,2.6537,1624.8,0.84543,36754,3.5285,1589.7,1.1603,34671,3.9342,1589.7,0.82008,36066,3.9374,2.0565,2.9977,-0.078862,-0.14922,-2.8408,0.23605,-0.14922,1.0701,-0.10422
0.081382,0.077435,0.097566,0.013755,0.027782,0.034871,0.37739,27.582,7.7633,1.6167,1.1334,42.975,8.6898,1.011,0.012458,0.23385,1.3208,0.4235,1.4679,0.66714,0.88417,0.82609,0.28316,39.758,50.974,51.905,1606.3,0.82325,36429,3.1459,1637.3,0.82484,37127,3.9303,1627.9,1.0627,35906,4.2936,1627.9,0.80238,37009,4.3102,1.9343,1.9154,0.0015884,1.3443,-1.4359,0.23944,1.3443,1.5915,-0.020876
0.069063,0.089056,0.094207,0.047615,0.033502,0.0535,0.37529,28.467,6.3211,1.6007,1.1154,25.001,3.8077,1.3135,0.014137,0.26108,1.4977,0.33923,1.5184,1.9184,1.8674,0.64027,0.49991,39.134,45.298,49.181,1585.4,0.82982,35927,3.1464,1592.1,1.0813,35041,3.7265,1527.5,1.576,31768,4.5481,1527.5,1.0067,33912,4.4684,0.42224,-2.4679,0.25148,-3.6479,-11.578,0.7462,-3.6479,-5.6097,0.17691
0.10369,0.063382,0.14267,0.039013,0.031516,0.036421,0.36388,22.532,7.1858,1.0305,1.364,44.854,9.4483,1.3271,0.0079573,0.33936,0.55961,0.19613,1.1005,1.108,0.91649,0.6833,0.43172,34.463,40.319,49.967,1614,0.96998,35984,2.8059,1650.4,0.78121,37613,3.1884,1614.7,1.1905,35094,4.2362,1614.7,0.90941,36255,4.2495,2.2553,4.5279,-0.18877,0.04619,-2.4723,0.22054,0.04619,0.7527,-0.060566
0.10604,0.066459,0.08608,0.043484,0.040943,0.039791,0.5852,23.053,6.7685,0.67072,0.85404,22.712,4.5494,1.2694,0.0047599,0.36861,1.4741,0.26289,1.5302,0.65172,1.4958,0.90002,0.47207,30.392,48.917,59.279,1617.5,0.91846,36279,2.5141,1606.7,1.1251,35185,3.9545,1579,1.4782,33205,5.0967,1579,0.97739,35174,5.015,-0.66559,-3.0151,0.20662,-2.3804,-8.4727,0.55977,-2.3804,-3.0463,0.058927
0.11336,0.087309,0.068397,0.051204,0.030488,0.055364,0.39491,24.942,6.2657,1.958,1.572,30.1,7.1468,1.1011,0.011851,0.25637,0.53269,0.43584,1.1261,1.573,0.7413,0.50026,0.61927,32.394,49.595,53.749,1569.8,1.0007,34874,2.7468,1620.1,0.9202,36331,3.9077,1566.6,1.1755,34109,4.6302,1566.6,0.91307,35161,4.6447,3.2088,4.1782,-0.080523,-0.19824,-2.1938,0.17476,-0.19824,0.82264,-0.087647
0.10472,0.04413,0.13558,0.046869,0.041288,0.082744,0.52143,25.209,7.2109,1.3523,0.51309,33.381,9.0703,1.0122,0.00473,0.32051,0.66058,0.40323,1.8733,1.8943,1.5138,0.77079,0.36345,39.946,39.168,58.896,1574.8,0.84226,35636,3.2264,1633.4,0.79491,37166,3.1487,1521.4,1.3918,32313,5.2275,1521.4,1.0734,33517,5.2144,3.7201,4.2948,-0.047352,-3.3865,-9.3258,0.54952,-3.3865,-5.9448,0.23112
0.076431,0.073253,0.10015,0.041902,0.027524,0.040537,0.26954,26.63,6.5982,1.1515,0.64472,41.961,7.4947,1.0637,0.014302,0.26798,1.444,0.29577,1.8596,1.3802,0.61759,0.55334,0.30167,38.378,44.741,57.496,1619.2,0.80729,36792,3.0247,1630.7,0.8226,36986,3.5311,1599.4,1.0942,35150,4.7673,1599.4,0.87876,36039,4.793,0.70762,0.52782,0.015312,-1.2254,-4.4622,0.28688,-1.2254,-2.0451,0.071472
0.12306,0.071119,0.12429,0.01357,0.028171,0.066262,0.63353,27.552,5.8076,1.1998,1.4306,29.081,9.5859,1.1047,0.010238,0.11894,1.2333,0.2841,1.3115,1.6397,1.7599,0.6705,0.40845,39.115,41.441,45.352,1606.4,1.0324,35558,3.1514,1629.2,0.99724,36208,3.3586,1558,1.443,32896,4.1366,1558,1.0867,34270,4.1353,1.4142,1.8277,-0.035119,-3.0145,-7.4864,0.41064,-3.0145,-3.6221,0.054323
0.082799,0.047572,0.12804,0.034195,0.034925,0.05236,0.52244,23.506,6.8248,1.7696,1.069,37.426,8.5176,1.2995,0.0091788,0.29683,1.3631,0.26243,1.9202,1.7983,0.78533,0.88836,0.35443,38.033,38.248,56.634,1565.2,0.82713,35481,3.1099,1637.3,0.77919,37325,3.0766,1568.7,1.162,34206,4.8241,1568.7,0.88062,35339,4.8277,4.6094,5.1965,-0.047941,0.22165,-3.5953,0.33485,0.22165,-0.40108,0.053483
0.11495,0.087789,0.13898,0.043652,0.033397,0.064217,0.57686,22.611,4.5632,1.5978,1.5995,36.037,2.5606,1.0506,0.0087309,0.18125,1.2122,0.24236,1.7059,1.5209,1.6869,0.77422,0.25056,31.216,45.819,44.926,1558.6,1.2164,33774,2.7268,1607.1,1.1755,34988,3.7538,1540.6,1.8364,31110,4.2728,1540.6,1.3246,32971,4.2256,3.1081,3.5945,-0.040876,-1.1567,-7.8883,0.62004,-1.1567,-2.3776,0.10824
0.12959,0.056588,0.10983,0.047259,0.037357,0.035199,0.52445,22.137,5.707,0.51002,1.8053,22.294,3.9448,1.3109,0.0055451,0.18934,1.298,0.34668,1.1469,0.99142,1.9659,0.90071,0.28772,33.218,39.458,44.773,1622.8,1.0867,35695,2.7303,1600.9,1.2206,34673,3.3369,1568.3,1.6403,32380,4.1266,1568.3,1.1811,34124,4.096,-1.3514,-2.863,0.13392,-3.3556,-9.288,0.55359,-3.3556,-4.4025,0.094395
0.13336,0.063927,0.074765,0.0063366,0.029976,0.065172,0.53214,27.674,7.1179,1.3371,0.51438,25.349,3.838,1.0456,0.010398,0.18685,0.8616,0.27067,1.456,1.0176,0.7955,0.51639,0.34223,37.871,40.396,59.34,1604.8,0.93078,35942,3.0459,1592.9,1.1809,34659,3.4093,1554.5,1.4767,32695,5.181,1554.5,1.2048,33730,5.1857,-0.74003,-3.5714,0.2501,-3.1342,-9.0338,0.54596,-3.1342,-6.1565,0.27407
0.07569,0.071448,0.10748,0.047809,0.029488,0.038682,0.33864,27.541,5.5973,1.0033,0.51184,31.818,8.6598,1.0191,0.010277,0.33589,1.1226,0.16713,1.8764,0.81647,1.7868,0.7591,0.39487,38.277,40.681,48.961,1618.1,0.81471,36734,3.0217,1631.1,0.81392,37032,3.2582,1610.8,1.321,34489,4.2174,1610.8,0.94441,36021,4.2026,0.79955,0.80887,-0.00079244,-0.45095,-6.1123,0.50625,-0.45095,-1.943,0.1297
0.083704,0.046074,0.13885,0.0076737,0.0349,0.057635,0.34271,22.058,7.976,0.80635,1.8821,32.862,6.6315,1.2041,0.0052738,0.27782,1.179,0.31931,1.1196,1.4315,0.97344,0.67135,0.62813,33.051,38.942,50.431,1621.3,0.86286,36601,2.6761,1632.6,0.80602,37101,3.1378,1569,1.1256,34357,4.3715,1569,0.78142,35758,4.3633,0.69476,1.3644,-0.056839,-3.2291,-6.1326,0.2627,-3.2291,-2.3052,-0.081439
0.12095,0.05998,0.094047,0.051539,0.044699,0.049995,0.68185,26.638,7.4217,1.0137,0.7711,24.013,5.1063,1.1869,0.0065812,0.18986,1.2839,0.25425,1.6951,1.0513,1.2178,0.65699,0.26878,38.117,50.5,46.11,1595.9,0.90691,35842,3.0743,1604.1,1.1015,35223,4.0632,1565.2,1.4866,32883,4.1861,1565.2,1.1788,34063,4.1988,0.51532,-1.7271,0.19463,-1.9245,-8.2566,0.57973,-1.9245,-4.9635,0.27191
0.067066,0.058167,0.10583,0.028285,0.034212,0.038291,0.47133,27.851,4.6544,0.50986,0.55332,33.242,7.534,1.0503,0.011928,0.31321,0.93398,0.33156,1.2072,1.8656,1.1639,0.81786,0.46017,35.887,40.664,48.414,1630.4,0.77306,37193,2.8312,1624.6,0.73502,37226,3.2506,1580.1,1.0518,34897,4.176,1580.1,0.73517,36207,4.1798,-0.35396,0.090339,-0.038041,-3.0812,-6.1731,0.27878,-3.0812,-2.6508,-0.03789
0.11848,0.067382,0.10632,0.027796,0.034049,0.080308,0.70436,24.987,4.5246,0.78052,1.2468,29.68,2.9844,1.1912,0.0068233,0.19712,1.0872,0.28019,1.0579,1.5423,0.8047,0.77536,0.60893,31.82,44.39,59.138,1601.9,1.066,35319,2.6653,1600.4,1.1333,35012,3.6585,1514,1.4307,32011,5.2865,1514,0.96569,33772,5.2155,-0.093813,-0.86778,0.067318,-5.4857,-9.3652,0.36474,-5.4857,-4.381,-0.10028
0.10567,0.062232,0.10351,0.015955,0.044314,0.077305,0.29801,27.385,5.1877,0.70523,1.9481,30.648,8.8615,1.1422,0.013698,0.18804,1.3053,0.44234,1.0749,0.69471,0.77818,0.74273,0.35008,32.729,47.699,57.019,1608.5,0.96648,35876,2.6966,1616.8,0.90603,36317,3.7835,1593.3,1.0638,35140,4.7415,1593.3,0.83794,36074,4.7639,0.51924,1.2279,-0.060459,-0.94184,-2.0531,0.097358,-0.94184,0.55072,-0.12855
0.092708,0.064714,0.12987,0.052194,0.037378,0.079498,0.30674,25.935,4.9004,1.4168,0.90593,37.565,3.4942,1.3097,0.014483,0.24546,1.0689,0.44223,1.1842,0.88412,1.2688,0.85785,0.51211,32.04,39.112,57.007,1571.6,0.9357,35180,2.7055,1605.2,0.91023,36037,3.2281,1568.7,1.2812,33741,4.8936,1568.7,0.84999,35466,4.8423,2.1348,2.4376,-0.025464,-0.18768,-4.0915,0.34546,-0.18768,0.81294,-0.085711
0.10489,0.060633,0.09824,0.052249,0.03716,0.030501,0.73893,26.193,5.521,0.78161,0.53287,24.588,6.3677,1.1549,0.0054908,0.26584,1.2599,0.20705,1.6511,0.52849,0.52284,0.77673,0.50427,38.208,39.046,54.951,1613.2,0.89828,36269,3.0453,1619.7,0.98072,36067,3.2117,1601.3,1.2153,34705,4.6271,1601.3,0.89935,35997,4.6212,0.4022,-0.55495,0.082443,-0.73669,-4.3123,0.31707,-0.73669,-0.74901,0.0010665
0.080105,0.084751,0.07414,0.0081092,0.033098,0.0684,0.30581,27.043,6.7198,1.0957,1.4187,31.815,5.2599,1.1686,0.014512,0.28808,1.2268,0.368,1.6625,0.57165,1.144,0.82932,0.30057,32.126,51.741,53.476,1610,0.8483,36408,2.6294,1609.1,0.91799,36094,4.0794,1593.6,1.2096,34560,4.5441,1593.6,0.84276,36061,4.5233,-0.054555,-0.86214,0.069689,-1.0171,-5.0733,0.36127,-1.0171,-0.95318,-0.0055386
0.060666,0.079385,0.093212,0.0048045,0.030743,0.050813,0.68718,22.744,6.1972,1.2499,1.3638,33.132,4.2785,1.0081,0.012146,0.13067,0.81844,0.36176,1.3465,1.8454,1.3309,0.61351,0.2329,35.218,42.751,58.951,1594.1,0.84106,36078,2.8649,1608.2,0.82335,36473,3.4464,1551.2,1.209,33642,5.0624,1551.2,0.90516,34846,5.0542,0.88822,1.0969,-0.017716,-2.6911,-6.7514,0.36795,-2.6911,-3.4147,0.064092
0.12688,0.055335,0.070505,0.025691,0.040415,0.051403,0.53435,27.178,6.6595,1.3419,1.8528,39.15,2.5501,1.306,0.0079269,0.34768,1.2835,0.34732,1.7861,1.2722,0.82682,0.91841,0.69146,35.045,42.839,54.346,1581.8,0.94031,35390,2.8968,1615.3,1.0141,35830,3.4869,1566.8,1.3001,33628,4.7154,1566.8,0.90517,35197,4.683,2.1138,1.2433,0.073787,-0.94961,-4.9789,0.35974,-0.94961,-0.54416,-0.035138
0.091966,0.058937,0.13924,0.023145,0.031714,0.036751,0.68901,22.383,6.5958,0.59735,0.72184,22.923,4.7032,1.2695,0.0061923,0.25778,0.69393,0.24102,1.2012,1.0071,1.5629,0.93571,0.65177,35.172,40.953,47.836,1628.3,0.89417,36624,2.813,1609.4,0.94084,36003,3.3523,1575.6,1.507,33025,4.2897,1575.6,0.8733,35525,4.1959,-1.1608,-1.6957,0.046668,-3.2348,-9.8256,0.61283,-3.2348,-2.9994,-0.020874
0.085355,0.066861,0.10532,0.038844,0.042791,0.043837,0.3003,23.995,5.405,0.74016,0.50148,35.049,5.7626,1.2253,0.005542,0.12328,0.77019,0.19022,1.8915,1.7578,0.5361,0.72248,0.60007,32.438,40.963,54.073,1606.8,0.87789,36210,2.6618,1628.1,0.81421,36964,3.2829,1567.7,1.1815,34108,4.6522,1567.7,0.82427,35550,4.6331,1.3265,2.0815,-0.063684,-2.4343,-5.8058,0.30365,-2.4343,-1.8226,-0.053622
0.081897,0.086881,0.096417,0.036399,0.035819,0.083958,0.40815,25.079,7.5959,0.84543,0.60675,31.679,8.5852,1.2251,0.0073312,0.10813,0.67324,0.43739,1.9163,0.9721,0.681,0.79568,0.38114,35.601,47.063,54.165,1616.5,0.84256,36580,2.8512,1630,0.80442,37048,3.6821,1575.2,1.1836,34262,4.6373,1575.2,0.83508,35675,4.6211,0.83212,1.2817,-0.038137,-2.5587,-6.3349,0.34107,-2.5587,-2.4737,-0.0074751
0.13091,0.082251,0.076973,0.04494,0.025993,0.079323,0.58495,22.822,5.7506,0.56032,1.8126,31.706,3.4234,1.2562,0.0079474,0.19063,1.1426,0.25088,1.8869,0.64393,1.9898,0.67081,0.22745,36.397,48.479,58.268,1625.2,1.1185,35617,2.9497,1609.9,1.1638,35099,3.9276,1574.4,1.6633,32421,5.107,1574.4,1.2949,33811,5.0778,-0.9387,-1.4546,0.045266,-3.1242,-8.9739,0.54482,-3.1242,-5.0708,0.17638
0.12073,0.06089,0.13525,0.044673,0.034391,0.059254,0.49613,22.673,6.3843,0.61584,1.2591,39.533,4.3346,1.0785,0.01147,0.21591,1.4959,0.15462,1.232,1.8229,1.3359,0.60057,0.47535,31.576,48.762,54.372,1622.1,1.035,35895,2.6093,1617.2,1.0422,35756,3.8939,1546.2,1.4412,32653,4.8304,1546.2,1.0788,34041,4.8096,-0.30281,-0.38621,0.0072281,-4.6831,-9.0321,0.40625,-4.6831,-5.1652,0.043819
0.095706,0.040288,0.13463,0.011821,0.040955,0.089844,0.65316,26.418,7.9135,1.0046,1.4993,36.468,4.6451,1.2112,0.0038661,0.15484,0.60104,0.34942,1.4537,1.1737,0.50169,0.82328,0.43242,36.844,44.08,54.895,1599.7,0.84331,36196,2.9658,1622.4,0.79234,36927,3.497,1545.4,1.1024,33931,4.7505,1545.4,0.84276,34968,4.7643,1.4165,2.0214,-0.050966,-3.3974,-6.2583,0.25905,-3.3974,-3.3913,-0.00054526
0.13135,0.088017,0.14258,0.017406,0.042529,0.048366,0.72599,22.461,6.4122,0.80882,0.71085,24.151,8.4861,1.2519,0.010627,0.3802,1.1057,0.31594,1.6589,1.9474,0.52026,0.54948,0.42036,38.546,41.647,51.283,1600.9,1.1245,35061,3.1446,1620.4,1.0854,35649,3.413,1555.1,1.4902,32659,4.5933,1555.1,1.1537,33943,4.5878,1.2185,1.6771,-0.039135,-2.8607,-6.8502,0.36572,-2.8607,-3.1878,0.029231
0.12491,0.081036,0.13903,0.039176,0.027246,0.068729,0.69871,26.077,6.118,0.74693,0.98558,41.261,3.8857,1.0235,0.013727,0.28657,1.3978,0.22283,1.7556,0.51301,1.7018,0.75213,0.20914,38.745,42.525,53.329,1625.6,1.061,35862,3.0959,1615.8,1.1107,35442,3.4896,1600,1.6821,32878,4.6753,1600,1.3309,34219,4.6621,-0.60196,-1.1713,0.049697,-1.5695,-8.3203,0.62106,-1.5695,-4.581,0.2699
0.10513,0.043945,0.12957,0.036706,0.04441,0.08499,0.6796,26.426,6.6562,0.72756,0.64111,32.119,3.0323,1.2462,0.0056984,0.31884,0.73033,0.17097,1.1692,0.50423,0.53879,0.93982,0.59747,31.157,39.1,46.389,1608,0.85193,36347,2.5679,1603.9,0.90303,36040,3.2281,1571.5,1.1967,34131,4.1007,1571.5,0.84544,35548,4.0979,-0.25286,-0.84458,0.051097,-2.2706,-6.0965,0.34474,-2.2706,-2.1967,-0.0064879
0.1169,0.086776,0.061103,0.03162,0.025905,0.066046,0.44303,27.059,5.6184,1.6656,1.1229,41.823,5.5935,1.0273,0.0097118,0.32123,1.4953,0.4243,1.924,0.80971,0.52607,0.66744,0.30063,39.212,43.456,47.058,1592.5,0.99157,35417,3.1759,1630.8,1.0194,36151,3.4968,1596.9,1.2065,34644,4.0851,1596.9,0.95186,35679,4.111,2.4013,2.0717,0.027811,0.27732,-2.1825,0.21498,0.27732,0.74046,-0.039705
0.093222,0.064328,0.074785,0.049085,0.033185,0.067802,0.37826,23.722,4.5525,1.2814,1.0661,32.3,5.4715,1.3066,0.0054794,0.17183,0.50005,0.30628,1.6235,1.1742,1.8715,0.69131,0.47628,33.881,47.03,48.003,1580.1,0.94347,35336,2.8202,1626.1,0.80288,36966,3.6883,1565.2,1.2569,33759,4.2513,1565.2,0.91331,35126,4.2482,2.9132,4.6121,-0.14059,-0.94236,-4.4655,0.31348,-0.94236,-0.59454,-0.030156
0.084988,0.075707,0.13661,0.035838,0.027945,0.050375,0.30465,24.428,5.3332,1.6994,0.57997,39.255,9.0211,1.0456,0.0048798,0.19597,1.2097,0.37447,1.7959,0.99197,1.2684,0.92707,0.34191,33.308,44.194,51.541,1583.4,0.92561,35485,2.7709,1646.1,0.85086,37213,3.4693,1606.4,1.3421,34312,4.4166,1606.4,0.95066,35896,4.392,3.9622,4.8707,-0.074751,1.454,-3.3062,0.41649,1.454,1.1591,0.025055
0.087216,0.086179,0.12288,0.0096627,0.029503,0.064576,0.33841,22.913,6.4773,0.56906,1.084,29.727,6.2189,1.1405,0.014477,0.26245,0.9797,0.26274,1.8607,0.50185,1.2136,0.52827,0.54551,36.681,44.464,58.035,1630.3,0.95964,36391,2.9248,1612.1,0.93596,36085,3.5837,1600.7,1.4431,33797,4.9263,1600.7,1.0181,35490,4.8765,-1.1137,-0.84144,-0.023675,-1.813,-7.1279,0.48347,-1.813,-2.4759,0.058413
0.076596,0.049329,0.075736,0.023095,0.04191,0.036312,0.29256,28.525,7.4409,1.5578,1.9321,25.594,7.3824,1.016,0.01013,0.35284,0.85508,0.31865,1.7123,1.7813,1.2425,0.92373,0.63067,38.639,47.724,56.581,1577.3,0.74702,36091,3.1089,1614.7,0.76212,36882,3.7493,1574.8,1.0843,34649,4.7739,1574.8,0.71512,36170,4.7455,2.3711,2.1904,0.015102,-0.15608,-3.9967,0.33732,-0.15608,0.21745,-0.031905
0.082326,0.077503,0.10452,0.0051679,0.034769,0.082702,0.74016,23.061,7.8053,1.1066,1.1105,27.865,3.0608,1.3477,0.01146,0.17659,1.1752,0.16059,1.7261,1.1761,0.97904,0.53584,0.44208,34.622,51.561,57.976,1598.4,0.86299,36083,2.8214,1591,1.0415,35180,4.1518,1528.6,1.5239,31980,5.1848,1528.6,1.1059,33550,5.1358,-0.46157,-2.5038,0.1785,-4.3641,-11.372,0.66091,-4.3641,-7.0208,0.24286
0.074271,0.068445,0.10919,0.049204,0.032179,0.073618,0.7117,27.273,6.4,0.641,1.723,32.259,6.2404,1.3343,0.014478,0.18973,1.0102,0.41009,1.511,1.5369,1.2859,0.8239,0.2484,30.008,39.025,50.229,1627.7,0.84221,36835,2.4583,1614,0.80234,36693,3.1787,1544.9,1.2146,33484,4.4545,1544.9,0.89145,34760,4.454,-0.84755,-0.3852,-0.039875,-5.0888,-9.0957,0.37242,-5.0888,-5.6316,0.04924
0.093557,0.07266,0.087614,0.037691,0.025842,0.035981,0.35641,23.529,6.0612,1.8552,0.65506,33.257,2.6872,1.1108,0.010557,0.35566,1.0985,0.28897,1.8035,0.50895,0.7338,0.91869,0.2409,38.508,48.492,59.664,1586.7,0.90265,35654,3.1179,1608.2,1.0125,35679,3.8887,1595.9,1.333,34123,5.0162,1595.9,0.92548,35766,4.9688,1.3529,0.068335,0.10985,0.57956,-4.2958,0.43037,0.57956,0.31285,0.022832
0.083462,0.058697,0.086516,0.043948,0.041696,0.078518,0.47459,25.092,6.9551,1.2116,1.412,29.742,3.1371,1.1107,0.010796,0.12228,1.0019,0.3749,1.9935,0.93654,0.68886,0.62499,0.34502,36.928,51.379,58.701,1582.9,0.81771,35921,2.9973,1591.1,0.92989,35640,4.1044,1549.4,1.28,33330,5.0769,1549.4,0.97295,34532,5.0682,0.52153,-0.7831,0.11217,-2.115,-7.2148,0.46231,-2.115,-3.8674,0.15524
0.11287,0.078236,0.07307,0.010429,0.026699,0.036545,0.61525,26.601,6.8411,1.5543,0.70446,29.229,6.1808,1.3192,0.0097299,0.34912,1.3572,0.29584,1.594,1.2109,0.62911,0.53516,0.45055,39.609,49.125,47.016,1602.4,0.91923,35938,3.1662,1627,1.0076,36117,3.885,1591.9,1.258,34332,4.1107,1591.9,0.99475,35391,4.1344,1.5338,0.49733,0.088386,-0.65537,-4.4697,0.33876,-0.65537,-1.5228,0.075527
0.10262,0.059847,0.08959,0.052028,0.037476,0.031126,0.31846,28.394,7.5675,0.76037,0.50845,34.042,5.899,1.274,0.01046,0.3134,0.96499,0.35258,1.2872,1.013,0.54603,0.86356,0.52734,35.878,45.508,45.303,1631.5,0.81701,37029,2.838,1625.3,0.86025,36702,3.6042,1602.4,1.0812,35270,3.9122,1602.4,0.78342,36512,3.9268,-0.38372,-0.88472,0.043241,-1.7837,-4.7515,0.26418,-1.7837,-1.3977,-0.033596
0.13311,0.047544,0.055655,0.058552,0.03505,0.060381,0.55884,28.681,6.9086,1.2288,0.84222,38.066,5.6895,1.2806,0.01071,0.17459,0.93093,0.28879,1.4411,0.50775,0.73701,0.70015,0.52086,36.687,45.234,56.799,1600.4,0.88748,36024,2.9638,1623.5,0.90305,36479,3.6014,1605.5,1.0865,35315,4.6984,1605.5,0.9007,36084,4.7353,1.4459,1.2622,0.015573,0.3202,-1.9692,0.19903,0.3202,0.16602,0.013217
0.099739,0.068354,0.10596,0.01574,0.029694,0.030078,0.34694,24.418,6.0129,0.63634,0.64813,42.061,2.9838,1.1364,0.0065151,0.36653,0.79888,0.25936,1.2435,0.95373,1.0536,0.79578,0.2339,37.247,48.112,57.801,1631.9,0.91628,36611,2.9504,1630,0.88675,36696,3.775,1602.3,1.2525,34577,4.8363,1602.3,0.95646,35780,4.8332,-0.11104,0.23268,-0.029525,-1.8103,-5.5535,0.33625,-1.8103,-2.2676,0.04018
0.1311,0.077854,0.12307,0.049843,0.041977,0.083128,0.4781,23.462,7.8658,0.53397,0.86075,26.872,5.9852,1.0413,0.014185,0.17361,0.95737,0.40208,1.9949,0.66803,0.65779,0.55241,0.34162,38.34,38.659,57.84,1626.6,1.0257,36031,3.0583,1596.9,1.1232,34978,3.2655,1575.6,1.5428,32891,5.0275,1575.6,1.2286,34094,5.0188,-1.8218,-2.9225,0.097508,-3.1345,-8.7161,0.51714,-3.1345,-5.3766,0.2029
0.10632,0.052743,0.12662,0.014179,0.038059,0.076401,0.59575,23.944,6.3119,0.79108,1.1445,25.756,5.2566,1.2017,0.010487,0.11203,0.79891,0.25653,1.6466,0.75462,1.8918,0.91866,0.279,38.955,39.235,58.714,1607.6,0.93535,35987,3.1153,1602.2,0.9422,35836,3.2504,1568.6,1.5524,32710,5.1171,1568.6,1.159,34217,5.0771,-0.33937,-0.41865,0.0068491,-2.426,-9.1055,0.617,-2.426,-4.9192,0.22363
0.079078,0.038787,0.065578,0.050855,0.033996,0.05423,0.64092,23.511,6.9582,0.62885,0.52948,39.903,4.7929,1.0504,0.0086595,0.10332,1.3284,0.38016,1.136,0.8743,0.50824,0.64187,0.5431,39.044,41.54,55.514,1626.3,0.71519,37353,3.0346,1623.1,0.74986,37127,3.3155,1593,0.83475,36080,4.559,1593,0.6773,36750,4.606,-0.2014,-0.60553,0.034671,-2.0494,-3.4084,0.11956,-2.0494,-1.6135,-0.037886
0.072459,0.045279,0.071053,0.022636,0.035293,0.084923,0.37718,24.086,6.5721,0.74237,0.72464,33.337,7.6024,1.25,0.0077945,0.1005,1.2194,0.18519,1.3197,0.59013,0.6442,0.74568,0.58843,33.804,38.672,46.343,1616,0.72431,37077,2.707,1628.1,0.71578,37390,3.1072,1594.5,0.87302,35953,3.9417,1594.5,0.66641,36832,3.9813,0.74334,0.84403,-0.0085323,-1.3329,-3.0314,0.14871,-1.3329,-0.66114,-0.057903
0.083417,0.057691,0.068662,0.015268,0.031773,0.078018,0.49678,26.394,7.2077,0.51674,0.54574,38.999,6.7967,1.2481,0.0050272,0.39826,0.64596,0.24431,1.968,0.59197,0.69388,0.89044,0.34406,32.599,44.299,49.888,1638,0.75627,37440,2.5978,1639.1,0.71727,37638,3.456,1600.7,1.0158,35500,4.2124,1600.7,0.77512,36508,4.238,0.069685,0.5275,-0.039006,-2.274,-5.1817,0.25948,-2.274,-2.489,0.018844
0.092089,0.070168,0.082396,0.040365,0.032865,0.080117,0.30751,25.374,7.3062,1.8369,0.75795,22.867,9.6942,1.2224,0.014378,0.38087,1.165,0.42281,1.11,1.0973,0.72305,0.91288,0.66185,31.266,47.447,50.425,1573.1,0.83802,35614,2.6298,1618.2,0.85998,36543,3.7503,1568,1.041,34673,4.3462,1568,0.69087,36117,4.3357,2.8696,2.6066,0.021962,-0.31947,-2.6423,0.20293,-0.31947,1.4102,-0.14715
0.085831,0.042732,0.1349,0.041506,0.039488,0.032458,0.60296,27.41,4.9687,1.3884,0.88241,43.047,3.623,1.1164,0.008048,0.15227,1.4859,0.29266,1.7307,0.73145,1.0689,0.58616,0.52891,37.246,50.073,53.903,1573.5,0.83332,35644,3.0407,1624.3,0.845,36744,3.9077,1605.7,1.2448,34681,4.5516,1605.7,0.91136,36044,4.5416,3.2273,3.0869,0.011671,2.0465,-2.7007,0.41146,2.0465,1.1233,0.078039
0.12142,0.072181,0.13054,0.03235,0.0342,0.058672,0.40231,26.191,6.3478,0.79755,1.709,32.849,8.8137,1.2364,0.012807,0.16702,0.5173,0.34216,1.4169,1.7145,0.61175,0.54133,0.6232,34.929,44.115,54.892,1620.1,1.0456,35806,2.8429,1627,0.88942,36617,3.515,1563.2,1.2713,33660,4.7557,1563.2,0.95236,34922,4.7489,0.42551,2.2629,-0.1562,-3.5176,-5.9955,0.22569,-3.5176,-2.4686,-0.093264
0.12486,0.060388,0.06317,0.032304,0.038698,0.044957,0.56279,25.923,5.1996,1.0769,0.51545,35.233,8.7477,1.1845,0.013375,0.16266,1.3333,0.3755,1.8642,0.6161,0.8555,0.60284,0.27165,33.063,43.087,48.413,1591.3,0.96041,35519,2.7474,1626,0.93007,36420,3.4589,1615,1.1529,35254,4.1166,1615,0.983,35953,4.1666,2.1765,2.5373,-0.030346,1.4874,-0.74769,0.19247,1.4874,1.2218,0.022584
0.075301,0.055166,0.11311,0.02783,0.026606,0.065444,0.61918,28.683,7.3219,1.5274,0.91396,31.013,3.2964,1.0267,0.0081799,0.31494,1.1717,0.21182,1.1533,0.51735,0.81774,0.5961,0.68409,36.458,39.038,46.832,1604.7,0.7592,36667,2.9118,1606.8,0.90208,36109,3.2178,1584.2,1.1425,34622,4.0825,1584.2,0.79561,36045,4.0801,0.13379,-1.5211,0.14288,-1.2769,-5.5756,0.38332,-1.2769,-1.6961,0.036417
0.068461,0.087309,0.12755,0.044945,0.030749,0.074612,0.44492,27.443,5.2317,0.95555,1.0485,33.511,4.9252,1.0116,0.0075406,0.36547,0.97391,0.40694,1.2666,0.67858,0.53322,0.56612,0.66613,34.14,45.369,57.615,1610.3,0.89015,36238,2.7736,1619.2,0.89438,36418,3.6178,1586.2,1.1512,34631,4.8358,1586.2,0.7845,36136,4.8068,0.54791,0.4984,0.0042323,-1.5003,-4.4344,0.26102,-1.5003,-0.27932,-0.10565
0.11833,0.042376,0.097189,0.00039031,0.032844,0.043841,0.68612,26.244,4.9803,1.5438,0.6812,38.054,3.3831,1.1235,0.012388,0.12829,0.75039,0.25594,1.1596,1.3547,1.9541,0.55982,0.30994,35.944,43.794,52.652,1575.1,0.91928,35324,2.9671,1611.8,0.89676,36243,3.5284,1575.8,1.2956,33838,4.5662,1575.8,1.0751,34708,4.5971,2.3325,2.6009,-0.022522,0.048683,-4.2069,0.37635,0.048683,-1.7427,0.15582
0.11334,0.048061,0.14773,0.042746,0.027837,0.052676,0.47045,23.607,5.3988,0.70702,1.8853,42.519,4.1996,1.0479,0.0043591,0.34727,0.85792,0.19635,1.5113,1.1813,0.60263,0.56027,0.5343,31.397,49.69,56.01,1621,1.0401,35848,2.6,1636.2,0.88082,36861,3.8641,1583.6,1.2626,34133,4.7704,1583.6,0.97163,35299,4.7719,0.94005,2.824,-0.15927,-2.3094,-4.7841,0.22251,-2.3094,-1.531,-0.068469
0.092649,0.076285,0.13375,0.035486,0.040985,0.088437,0.61754,27.677,4.5778,0.79134,0.5359,44.483,3.8413,1.1293,0.012561,0.11162,1.1231,0.40219,1.9901,0.97356,0.88344,0.74406,0.26074,39.056,46.034,45.156,1598.6,0.93769,35774,3.1405,1612.6,0.91422,36187,3.6831,1564.1,1.3917,33218,4.0909,1564.1,1.0553,34528,4.0958,0.87613,1.1518,-0.023479,-2.158,-7.1458,0.45396,-2.158,-3.4829,0.11758
0.068371,0.064239,0.12549,0.059762,0.038018,0.055582,0.63502,22.88,7.9402,0.74971,0.89375,32.009,9.684,1.2191,0.0123,0.38947,1.3474,0.44861,1.8708,0.83548,1.2677,0.92589,0.64181,37.01,43.117,59.406,1618.9,0.78924,36863,2.9297,1628.9,0.77211,37164,3.4138,1601.9,1.2233,34684,4.9391,1601.9,0.73184,36720,4.8611,0.61564,0.81724,-0.017132,-1.0534,-5.909,0.4341,-1.0534,-0.38714,-0.057398
0.082668,0.064036,0.1097,0.005065,0.026297,0.072517,0.52828,28.211,6.1256,1.484,1.2919,37.042,5.3782,1.0461,0.0091742,0.2368,0.86679,0.34774,1.9557,0.70272,0.98006,0.53407,0.38439,32.933,42.003,45.043,1601.6,0.84273,36241,2.6969,1624.7,0.81666,36875,3.3598,1593.2,1.2444,34412,3.9647,1593.2,0.96966,35522,3.9875,1.4418,1.7508,-0.026073,-0.52583,-5.045,0.40165,-0.52583,-1.9838,0.12693
0.10254,0.045903,0.097651,0.043943,0.029088,0.069194,0.46077,28.946,6.6753,1.2362,0.61439,28.411,5.0036,1.066,0.0064068,0.27542,1.4184,0.34777,1.4167,1.5443,1.8,0.52773,0.61811,34.8,40.666,54.187,1610.8,0.80838,36596,2.8001,1614.6,0.9575,36051,3.3262,1540,1.3044,33036,4.7873,1540,0.95137,34410,4.7697,0.23607,-1.4891,0.14912,-4.3942,-9.7263,0.49597,-4.3942,-5.9728,0.14299
0.10681,0.057849,0.14111,0.046498,0.025873,0.03945,0.50887,26.218,4.6517,0.66721,1.5401,42.151,6.2271,1.2784,0.006101,0.31071,1.4059,0.27208,1.0301,1.8481,1.5544,0.65091,0.27185,36.911,47.2,48.523,1626.7,1.0174,36069,2.9595,1644.1,0.91288,36900,3.6895,1584,1.3105,33955,4.2545,1584,1.0569,34961,4.2795,1.07,2.3036,-0.10451,-2.6279,-5.8626,0.29311,-2.6279,-3.0721,0.039489
0.099841,0.066866,0.11871,0.04305,0.035255,0.034631,0.34342,28.665,6.5442,0.62988,1.4404,30.997,9.7394,1.1868,0.010013,0.1629,0.77014,0.25634,1.6854,0.64165,1.7442,0.75192,0.59065,32.754,45.617,58.347,1636.1,0.90966,36735,2.6414,1634.2,0.83178,37027,3.584,1619.1,1.3772,34445,4.8684,1619.1,0.92495,36289,4.8085,-0.11585,0.79427,-0.077879,-1.0388,-6.2341,0.46752,-1.0388,-1.2146,0.015286
0.13253,0.060713,0.077745,0.00082305,0.036279,0.055088,0.47917,25.344,6.2918,1.4529,1.2032,29.524,3.962,1.2479,0.010294,0.30725,1.1289,0.17576,1.0216,1.5208,1.8796,0.56706,0.43274,35.981,38.534,44.891,1580.1,0.9909,35143,2.9762,1606.2,1.0862,35333,3.229,1548.5,1.4184,32787,4.1207,1548.5,1.1156,33947,4.1367,1.6572,0.54151,0.095319,-1.9977,-6.7026,0.42747,-1.9977,-3.4019,0.12472
0.09814,0.05457,0.12035,0.039895,0.026536,0.062424,0.38169,23.21,7.5211,1.5071,0.68003,41.106,3.942,1.1962,0.0071494,0.15161,1.206,0.31046,1.6171,0.63513,0.93614,0.81089,0.20698,34.484,47.037,50.364,1602,0.85551,36196,2.804,1628.3,0.88799,36651,3.7074,1598.7,1.2425,34539,4.323,1598.7,0.99739,35531,4.3478,1.6407,1.2568,0.032485,-0.20633,-4.5771,0.38697,-0.20633,-1.8387,0.14188
0.13669,0.046059,0.056586,0.017603,0.029947,0.062199,0.46344,22.909,4.8894,1.104,1.2632,33.732,7.2885,1.0215,0.013966,0.21163,0.65508,0.22885,1.5276,0.5488,1.7002,0.62181,0.35758,31.014,40.641,52.203,1594.6,1.0351,35286,2.6155,1619.2,0.89138,36432,3.2986,1607,1.1843,34953,4.4095,1607,1.0087,35669,4.4547,1.5405,3.2486,-0.14369,0.778,-0.94371,0.14921,0.778,1.0868,-0.026405
0.10709,0.038374,0.060835,0.053738,0.025161,0.073732,0.33756,26.611,7.8414,0.61973,0.53645,31.903,9.6461,1.0061,0.012521,0.19169,1.4209,0.25921,1.6014,1.6632,0.71185,0.65467,0.2209,36.974,48.046,54.711,1643.3,0.77213,37493,2.8801,1626.8,0.83206,36858,3.7625,1550.7,0.98025,34531,4.6782,1550.7,0.85916,35021,4.741,-1.0029,-1.6932,0.059932,-5.6397,-7.8991,0.20813,-5.6397,-6.5932,0.087037
0.063332,0.054857,0.14917,0.01898,0.044892,0.063754,0.61142,23.331,5.2666,1.9239,0.76412,38.291,4.7633,1.2284,0.013814,0.17208,0.55518,0.34742,1.054,0.68503,0.56753,0.53406,0.32398,31.586,48.192,44.905,1514.2,0.82072,34350,2.7515,1610.4,0.71291,36997,3.7765,1590.5,0.99977,35339,3.89,1590.5,0.80137,36164,3.9345,6.3579,7.7068,-0.10781,5.0424,2.8776,0.17905,5.0424,5.28,-0.019353
0.1074,0.037137,0.053997,0.018003,0.038374,0.058704,0.26779,23.362,7.0566,0.90208,1.4069,26.414,3.1253,1.1507,0.0073191,0.23043,1.2577,0.15176,1.3269,0.82232,1.6592,0.79592,0.50519,37.319,49.111,53.456,1609.8,0.82155,36515,2.9744,1594.8,0.99671,35446,3.9594,1560.3,1.2235,33784,4.6445,1560.3,0.9343,34933,4.6504,-0.93147,-2.9294,0.17516,-3.0695,-7.4799,0.40198,-3.0695,-4.3338,0.11275
0.13394,0.03506,0.11445,0.023871,0.025587,0.089128,0.30448,28.483,5.7872,1.5679,0.86998,33.819,2.9414,1.2815,0.0035317,0.27073,1.4267,0.26805,1.6571,1.6677,0.55735,0.68566,0.39393,39.095,39.424,56.383,1599.1,0.9339,35801,3.1413,1618,1.0525,35729,3.2583,1507.3,1.3271,32249,5.0638,1507.3,1.0886,33146,5.085,1.1823,-0.20019,0.11863,-5.7403,-9.9216,0.39318,-5.7403,-7.4151,0.15469
0.11447,0.065612,0.14823,0.0052592,0.032847,0.039498,0.25355,23.283,7.5052,1.4087,0.68661,35.858,7.4403,1.2078,0.0050903,0.29579,1.3189,0.29729,1.8651,0.66412,0.98394,0.82323,0.42843,34.962,41.09,57.869,1598,0.95871,35675,2.8658,1642,0.9647,36632,3.3007,1615.4,1.449,34085,4.8719,1615.4,1.0552,35663,4.8342,2.7533,2.682,0.0059823,1.0897,-4.4571,0.49031,1.0897,-0.0351,0.096535
0.085561,0.032697,0.11047,0.055218,0.027937,0.072136,0.7032,27.424,6.032,0.7037,1.3073,25.923,5.4061,1.2569,0.0053704,0.11064,0.96028,0.35685,1.5635,0.82229,1.2299,0.58323,0.48488,34.529,47.434,46.627,1627.8,0.78275,37093,2.7475,1616.6,0.79505,36785,3.7347,1571.8,1.1717,34237,4.1091,1571.8,0.90005,35330,4.1306,-0.68745,-0.83003,0.0123,-3.4409,-7.7013,0.3889,-3.4409,-4.7525,0.1173
0.10987,0.07509,0.081489,0.047371,0.034062,0.054886,0.6526,28.667,7.6078,0.55285,0.56633,24.842,6.4901,1.3139,0.0047323,0.28372,0.66878,0.16331,1.1162,1.7394,1.6575,0.89315,0.36723,38.818,50.698,58.897,1641,0.86913,37018,3.0277,1624.8,0.92789,36403,3.9729,1547.5,1.3506,33022,5.1238,1547.5,0.93516,34643,5.0737,-0.98726,-1.6619,0.058757,-5.6956,-10.796,0.48151,-5.6956,-6.4172,0.066026
0.11747,0.047942,0.056753,0.040801,0.043898,0.083651,0.3472,23.461,7.2909,1.9376,1.4324,38.226,8.172,1.3435,0.0076659,0.19788,0.70208,0.26624,1.3126,1.4528,1.208,0.57389,0.5339,36.99,41.29,56.196,1532.4,0.88088,34522,3.1151,1632,0.79645,37127,3.2925,1546.6,1.0421,34194,4.8182,1546.6,0.85688,34938,4.8571,6.494,7.5475,-0.084422,0.92297,-0.94873,0.16124,0.92297,1.2054,-0.023995
0.11696,0.073358,0.11162,0.051961,0.042901,0.065246,0.28585,27.095,6.2362,0.84815,0.65505,34.644,2.764,1.0847,0.012244,0.16722,1.4507,0.35377,1.1964,0.54681,1.018,0.66825,0.34359,38.62,50.278,59.584,1607.7,0.95845,35892,3.0977,1597,1.1566,34844,4.0827,1582.2,1.3929,33598,5.0765,1582.2,1.0597,34910,5.0572,-0.66816,-2.9198,0.19817,-1.5891,-6.394,0.43447,-1.5891,-2.7373,0.10126
0.10333,0.065274,0.090109,0.02086,0.044347,0.073914,0.54648,26.96,4.8954,1.7157,1.1771,34.937,8.8357,1.2457,0.0045567,0.32291,0.73916,0.2829,1.3504,1.6908,0.79413,0.92041,0.55316,33.854,38.768,57.271,1535.3,0.94112,34344,2.9,1637.4,0.8087,37198,3.1178,1543.3,1.109,33859,4.9299,1543.3,0.7796,35179,4.9145,6.6515,8.309,-0.13243,0.52233,-1.4136,0.16788,0.52233,2.432,-0.16152
0.076031,0.081613,0.10039,0.051089,0.033952,0.060255,0.69505,23.578,7.224,0.70438,1.4096,43.692,4.1146,1.3215,0.013391,0.33203,1.1822,0.15164,1.2413,0.51763,0.87643,0.68152,0.24432,36.067,46.288,53.251,1622.6,0.87025,36598,2.8778,1620.1,0.84601,36646,3.6641,1603.3,1.112,35163,4.4685,1603.3,0.86447,36188,4.488,-0.15277,0.12957,-0.024233,-1.1885,-3.9209,0.2418,-1.1885,-1.1219,-0.0057814
0.071848,0.034874,0.052056,0.027156,0.036789,0.054086,0.71896,27.434,5.9262,0.63489,0.53622,35.635,4.9181,1.3445,0.010354,0.32394,1.0065,0.30459,1.1398,0.87387,1.145,0.85963,0.28398,34.556,44.113,53.428,1624,0.66711,37511,2.7316,1620.4,0.67456,37395,3.4723,1587.6,0.84141,35929,4.4343,1587.6,0.68084,36609,4.482,-0.2212,-0.30834,0.0074491,-2.2456,-4.218,0.1743,-2.2456,-2.4029,0.013731
0.12547,0.063829,0.12431,0.017051,0.031005,0.075917,0.46313,26.555,6.8386,0.51873,1.1562,25.649,8.2302,1.195,0.0042848,0.3784,1.1285,0.19519,1.2293,0.83313,0.57718,0.85663,0.35652,39.42,41.277,45.013,1637.4,0.98939,36425,3.1023,1632.5,0.99219,36305,3.3393,1581.5,1.2589,34103,3.9961,1581.5,0.96182,35294,4.0125,-0.2968,-0.32915,0.0027985,-3.414,-6.3723,0.2695,-3.414,-3.1045,-0.027573
0.09545,0.074876,0.064503,0.055309,0.041532,0.055294,0.54303,24.267,7.572,0.59099,1.1089,37.679,8.0971,1.1195,0.010484,0.25841,1.1522,0.23292,1.6562,0.82349,1.3677,0.94685,0.69918,34.11,42.275,55.318,1626.4,0.85984,36728,2.7379,1628,0.8461,36824,3.3786,1599.5,1.1329,34996,4.6295,1599.5,0.73647,36646,4.5946,0.10024,0.2606,-0.013735,-1.652,-4.717,0.27304,-1.652,-0.22506,-0.12337
0.074554,0.071783,0.12621,0.055997,0.030493,0.05991,0.57274,25.416,4.5219,0.89575,1.1717,35.649,9.4366,1.2863,0.0056454,0.20993,0.93997,0.15943,1.861,1.754,0.57512,0.56291,0.52585,30.439,47.042,57.807,1605.4,0.92348,35987,2.5371,1644,0.76464,37540,3.6384,1561.8,1.1442,34125,4.9225,1561.8,0.84077,35348,4.9161,2.4012,4.315,-0.15884,-2.7183,-5.1734,0.22073,-2.7183,-1.7771,-0.082705
0.10072,0.065964,0.070759,0.014062,0.029707,0.033378,0.36277,23.727,6.3897,0.78683,0.60231,35.46,9.3907,1.1765,0.011383,0.35539,1.004,0.41169,1.4073,1.2017,0.63291,0.79202,0.41651,36.164,48.746,47.239,1625.7,0.88206,36617,2.8813,1638.5,0.8165,37189,3.7776,1612.2,1.0139,35762,4.0011,1612.2,0.77959,36751,4.0317,0.78789,1.5611,-0.065568,-0.82874,-2.3355,0.13181,-0.82874,0.3636,-0.10247
0.07437,0.040569,0.09704,0.042925,0.037491,0.083626,0.40414,28.737,5.0923,0.75817,1.3272,38.065,7.0982,1.2245,0.0072805,0.39205,0.77421,0.32112,1.9246,1.3433,0.67579,0.80315,0.29906,33.367,38.855,44.691,1612.5,0.76175,36833,2.6914,1632.3,0.67346,37674,3.1012,1552,0.99979,34483,3.9714,1552,0.80149,35288,4.0172,1.2303,2.2823,-0.088293,-3.7499,-6.3808,0.23804,-3.7499,-4.1959,0.039746
0.089647,0.071336,0.072627,0.048963,0.032885,0.071341,0.63461,25.387,7.4246,0.86496,0.7114,38.968,5.3012,1.0994,0.01212,0.22813,0.62862,0.3625,1.717,1.3765,1.1224,0.91445,0.30101,38.895,42.69,54.518,1618.4,0.82088,36714,3.064,1618.9,0.80318,36802,3.4144,1557.9,1.1622,33971,4.7064,1557.9,0.83105,35301,4.6955,0.031841,0.23875,-0.017704,-3.7358,-7.4714,0.34127,-3.7358,-3.8499,0.010172
0.071166,0.038536,0.082291,0.036581,0.0397,0.085777,0.57795,26.754,7.0399,1.9644,0.92985,33.093,9.37,1.0488,0.0060883,0.14235,0.86917,0.3775,1.0314,0.68466,0.95195,0.70813,0.45754,34.504,39.793,47.02,1540.5,0.69583,35463,2.8823,1630.9,0.67091,37653,3.165,1592.8,0.84297,36041,3.9831,1592.8,0.67094,36773,4.0325,5.8647,6.1744,-0.024918,3.3924,1.6294,0.14714,3.3924,3.6945,-0.024891
0.069721,0.065663,0.08285,0.0564,0.027656,0.071795,0.55255,25.701,7.3217,0.69197,1.2963,37.416,9.4674,1.2754,0.0050183,0.30051,1.16,0.18074,1.9191,1.5863,1.237,0.65864,0.25815,39.642,42.066,57.36,1633.4,0.76969,37276,3.0736,1646.5,0.72663,37766,3.2969,1557.6,1.0926,34238,4.8849,1557.6,0.87027,35132,4.9089,0.80517,1.3141,-0.043054,-4.6386,-8.1509,0.32289,-4.6386,-5.7512,0.10058
0.13605,0.049816,0.090533,0.039983,0.026226,0.043976,0.6744,22.38,6.9472,1.8699,0.92188,29.347,8.7409,1.1433,0.0039989,0.24639,0.54594,0.36761,1.0081,0.50577,1.0293,0.90821,0.67061,36.865,50.432,47.135,1581.9,0.98643,35202,3.0331,1641.5,0.88635,36955,3.9026,1618.1,1.1261,35431,4.0128,1618.1,0.83666,36641,4.0273,3.7669,4.9807,-0.10008,2.2905,0.65078,0.13966,2.2905,4.0879,-0.14978
0.085789,0.061116,0.12015,0.034764,0.040766,0.088171,0.72735,28.741,7.1273,1.7124,1.8959,37.578,8.0688,1.1605,0.01484,0.11193,0.62278,0.29382,1.1888,0.51855,0.74449,0.62881,0.65241,37.623,41.446,58.985,1552.4,0.85868,35062,3.1143,1616.6,0.76188,36928,3.3254,1600.1,1.0481,35353,4.8515,1600.1,0.75381,36584,4.8463,4.1403,5.3237,-0.096804,3.0726,0.83055,0.18937,3.0726,4.3422,-0.10487
0.073914,0.032022,0.090511,0.041773,0.032179,0.051215,0.34384,23.825,7.9231,0.69374,0.92117,26.81,9.9685,1.2331,0.0048591,0.16093,0.58659,0.26894,1.0269,1.5543,1.0651,0.84,0.37317,33.256,50.45,46.073,1632.9,0.69731,37583,2.6375,1640.4,0.6483,37972,3.8367,1577.1,0.8996,35450,3.9746,1577.1,0.71684,36214,4.0224,0.45699,1.0361,-0.049016,-3.42,-5.6745,0.20229,-3.42,-3.6407,0.019527
0.11714,0.054179,0.059773,0.010325,0.026115,0.065967,0.34718,28.469,4.8946,0.92022,0.65446,28.431,6.3598,1.2013,0.0042941,0.18393,0.533,0.28619,1.5597,0.56258,0.55667,0.88372,0.3814,36.669,45.95,53.389,1620.5,0.89987,36425,2.9285,1629.5,0.8639,36782,3.6253,1597.6,1.1056,35065,4.4918,1597.6,0.86256,36067,4.5128,0.55829,0.98021,-0.035963,-1.4108,-3.7338,0.20569,-1.4108,-0.98162,-0.037306
0.075792,0.076032,0.13452,0.011596,0.039771,0.04368,0.32674,27.638,6.2888,0.91428,0.63944,25.073,6.1333,1.178,0.014391,0.34289,1.2386,0.19897,1.7981,1.3575,0.97012,0.57631,0.44574,33.099,41.113,51.593,1611.8,0.83491,36505,2.6894,1604.9,0.94063,35904,3.3725,1571.6,1.4289,33236,4.5473,1571.6,1.0188,34841,4.516,-0.42752,-1.6454,0.10572,-2.4937,-8.9529,0.59397,-2.4937,-4.5563,0.18394
0.074176,0.073853,0.062234,0.025091,0.033427,0.065528,0.70751,28.31,4.7082,1.8328,1.9597,35.288,4.5784,1.0249,0.010703,0.20308,1.2443,0.37586,1.6228,1.8007,1.2871,0.92947,0.51688,35.251,49.554,49.832,1557.1,0.84362,35230,2.9359,1613.3,0.85966,36434,3.9036,1537.1,1.133,33631,4.4212,1537.1,0.71184,35318,4.3883,3.6101,3.4166,0.016035,-1.281,-4.5391,0.28935,-1.281,0.25086,-0.13178
0.091629,0.078357,0.13783,0.028734,0.025185,0.052089,0.685,22.629,4.7922,1.4567,0.66992,41.338,5.9006,1.0027,0.011334,0.1823,1.3132,0.41263,1.9677,0.94512,0.98072,0.59641,0.26559,31.587,43.834,50.226,1586.3,1.0221,35155,2.6664,1628.5,0.92822,36484,3.5032,1600.2,1.394,33976,4.3579,1600.2,1.102,35135,4.3683,2.657,3.781,-0.093841,0.87214,-3.3546,0.37196,0.87214,-0.056275,0.079929
0.11873,0.065495,0.088022,0.034635,0.027765,0.049421,0.60166,24.087,6.0856,0.64444,0.81537,43.914,8.5975,1.0405,0.0067962,0.12488,1.0734,0.16952,1.3205,0.5004,1.0079,0.59044,0.55363,31.246,41.172,51.064,1628.9,0.97188,36308,2.5641,1644.2,0.8933,36987,3.2841,1624,1.1409,35498,4.2715,1624,0.89679,36517,4.2949,0.94333,1.8693,-0.078571,-0.29851,-2.23,0.16907,-0.29851,0.57531,-0.07509
0.11514,0.050817,0.094598,0.052534,0.028618,0.055728,0.52234,22.329,7.1043,0.57266,0.68635,26.969,7.9396,1.2616,0.0038812,0.17404,1.2188,0.33741,1.7941,0.70759,1.248,0.56995,0.32186,35.53,45.004,45.155,1633.3,0.90443,36693,2.8304,1635.6,0.91446,36703,3.5624,1599.6,1.2837,34395,3.9682,1599.6,1.062,35285,4.0069,0.14596,0.029156,0.010034,-2.0631,-6.262,0.37923,-2.0631,-3.8373,0.15759
0.071067,0.036926,0.13756,0.016913,0.043954,0.07463,0.56723,28.894,7.9627,0.80651,1.0775,42.449,2.9344,1.2371,0.0049271,0.12707,0.76948,0.16753,1.4482,1.815,1.1568,0.83246,0.67013,33.141,51.998,57.528,1615.2,0.72736,37044,2.6649,1620.4,0.71997,37195,4.0081,1521,1.1828,33087,5.0486,1521,0.74869,34797,4.9931,0.32156,0.40844,-0.0073936,-5.8307,-10.682,0.45544,-5.8307,-6.0654,0.021323
0.13656,0.068675,0.073583,0.0064414,0.042706,0.033176,0.53606,25.814,7.9379,0.68996,0.82819,28.618,5.0492,1.325,0.0078971,0.21948,0.76996,0.2574,1.5858,0.76048,1.6662,0.8046,0.42452,39.111,47.198,56.267,1626.4,0.95906,36307,3.0954,1616.2,1.0299,35784,3.7862,1593.4,1.468,33548,4.8316,1593.4,1.0851,35056,4.8006,-0.6278,-1.4413,0.070891,-2.0265,-7.5993,0.50899,-2.0265,-3.4469,0.12606
0.086657,0.061458,0.10212,0.046878,0.039063,0.048983,0.66139,24.781,5.4419,0.86848,1.2698,27.37,7.3665,1.2343,0.010149,0.29187,1.3162,0.22129,1.6025,0.5576,1.4837,0.52311,0.44709,33.197,41.888,50.665,1600.7,0.891,36017,2.7263,1620.2,0.86454,36568,3.3737,1601.6,1.2519,34564,4.3392,1601.6,0.95882,35755,4.348,1.2191,1.5314,-0.02646,0.058799,-4.0318,0.36095,0.058799,-0.72701,0.067825
0.12413,0.04047,0.10052,0.020083,0.026944,0.083,0.57188,22.232,4.6983,1.1478,1.9119,37.169,5.7417,1.256,0.011572,0.35559,1.078,0.39055,1.2776,1.2901,0.51597,0.94594,0.44462,39.283,43.179,45.046,1590.7,1.0541,35121,3.1994,1623.9,0.88666,36559,3.4581,1554.5,1.0817,34213,4.0146,1554.5,0.84883,35150,4.0499,2.0904,4.094,-0.16746,-2.2749,-2.586,0.027565,-2.2749,0.082983,-0.20529
0.088112,0.081315,0.10357,0.022307,0.027487,0.031677,0.67563,28.834,6.9461,1.4348,0.58113,23.625,5.3866,1.0702,0.012281,0.26789,1.1979,0.33579,1.2858,1.5377,0.80166,0.86034,0.37866,33.626,39.235,48.012,1609.1,0.84005,36422,2.7306,1602.8,1.0624,35355,3.2785,1575.9,1.3481,33636,4.2516,1575.9,0.86924,35549,4.206,-0.38919,-2.929,0.22239,-2.0638,-7.6473,0.50802,-2.0638,-2.3964,0.029195
0.073221,0.049194,0.090912,0.014945,0.034285,0.04077,0.43214,25.084,5.5723,1.0503,1.9591,43.365,6.6056,1.0601,0.0093399,0.12389,1.4023,0.22153,1.8043,1.0657,1.4369,0.5516,0.42737,37.777,39.992,45.355,1603,0.81113,36406,3.0157,1634,0.74638,37393,3.1902,1604.6,1.1005,35239,3.916,1604.6,0.85597,36253,3.9464,1.937,2.7113,-0.064757,0.10387,-3.2035,0.28933,0.10387,-0.41816,0.044833
0.13096,0.064038,0.13073,0.0021673,0.041567,0.089398,0.25381,24.84,4.5605,0.76298,1.373,38.463,6.3106,1.3497,0.005385,0.16933,1.4889,0.27214,1.2119,1.3731,1.4162,0.94468,0.43751,36.159,51.29,50.457,1597.3,1.133,34946,2.9879,1631.2,1.0331,36103,4.0287,1542.2,1.413,32674,4.545,1542.2,1.0086,34231,4.5175,2.1245,3.3096,-0.09981,-3.4464,-6.5018,0.28008,-3.4464,-2.0475,-0.12438
0.10733,0.054769,0.13232,0.03083,0.033087,0.066133,0.65862,24.197,7.8856,1.5607,1.1757,35.853,3.1096,1.1019,0.0097628,0.21245,1.4076,0.38418,1.6566,1.0132,0.93312,0.55425,0.37517,33.404,47.849,54.201,1582.8,0.90986,35537,2.7752,1608.9,1.0199,35664,3.845,1566.4,1.3951,33256,4.7393,1566.4,1.0972,34414,4.7417,1.6471,0.35681,0.11005,-1.0357,-6.4206,0.48521,-1.0357,-3.1616,0.18733
0.1071,0.042662,0.060785,0.046058,0.044725,0.074936,0.68924,22.44,7.6687,0.63857,1.0049,42.861,9.6882,1.3418,0.0080076,0.25018,1.4273,0.40991,1.7926,0.53075,1.5139,0.66237,0.31602,30.412,51.315,53.671,1613.8,0.82537,36590,2.5036,1637,0.80035,37226,3.9464,1610.6,1.0418,35611,4.4538,1610.6,0.88705,36256,4.5039,1.4405,1.7371,-0.025016,-0.19753,-2.676,0.21639,-0.19753,-0.91235,0.061684
0.12008,0.075519,0.11788,0.054591,0.033576,0.045126,0.60891,26.665,5.5765,1.0958,0.53564,29.045,3.0206,1.0289,0.0089419,0.39308,0.51283,0.2057,1.8292,1.6305,1.0185,0.64339,0.48112,38.884,40.901,59.517,1601.7,0.99744,35597,3.1366,1598.9,1.1035,35102,3.412,1547.8,1.7386,31602,5.3171,1547.8,1.2352,33467,5.2327,-0.17521,-1.3926,0.10602,-3.3677,-11.225,0.74119,-3.3677,-5.9845,0.23778
0.091296,0.068933,0.11334,0.045075,0.026788,0.036912,0.34936,26.088,7.204,0.64102,0.73434,30.668,8.3199,1.3124,0.006426,0.12422,1.3098,0.19362,1.5826,1.0714,0.53229,0.77107,0.64455,39.474,50.487,50.323,1642.4,0.8513,37128,3.0644,1640.3,0.87167,36992,3.9047,1604.3,1.1468,35045,4.2745,1604.3,0.79006,36526,4.2627,-0.12694,-0.36369,0.02037,-2.3209,-5.6104,0.29546,-2.3209,-1.6205,-0.06124
0.099697,0.084252,0.057115,0.040012,0.040242,0.034337,0.56173,27.174,7.3743,0.60375,1.8424,24.38,3.0829,1.1377,0.0097151,0.38699,0.98086,0.16292,1.9599,0.58196,1.5567,0.87461,0.21467,30.495,48.596,51.506,1633,0.88595,36767,2.4909,1586.9,1.2181,34381,4.009,1572.9,1.652,32431,4.6118,1572.9,1.0794,34627,4.5265,-2.8253,-6.4896,0.33215,-3.6813,-11.791,0.76601,-3.6813,-5.8186,0.19343
0.067044,0.050135,0.058617,0.033227,0.025365,0.046228,0.69302,26.428,5.8608,0.65513,1.2852,38.956,3.1521,1.3305,0.0046349,0.25957,0.77957,0.18705,1.1063,1.0121,0.54269,0.85886,0.2368,36.136,39.62,47.742,1633.8,0.72218,37494,2.8308,1630,0.70679,37473,3.164,1586.2,0.88256,35726,4.0614,1586.2,0.66949,36626,4.0977,-0.23446,-0.054559,-0.015384,-2.9146,-4.7156,0.16038,-2.9146,-2.3133,-0.052687
0.12556,0.04672,0.11611,0.053424,0.029145,0.081529,0.37759,24.653,6.3393,0.91902,0.94403,39.395,7.7187,1.1062,0.0095243,0.16727,1.0184,0.42658,1.8374,1.5879,1.1327,0.61778,0.46238,34.537,45.752,49.322,1615,0.95906,36054,2.8068,1631.6,0.89943,36678,3.6171,1545.9,1.322,33094,4.4213,1545.9,1.0381,34194,4.4358,1.0279,1.7306,-0.059635,-4.2839,-8.2087,0.36294,-4.2839,-5.1569,0.079024
0.067879,0.035297,0.1343,0.017713,0.02873,0.072392,0.65807,26.561,6.4713,1.4986,1.397,24.093,7.6482,1.1066,0.014317,0.19748,0.65239,0.20779,1.176,0.71305,1.6489,0.92292,0.6563,38.622,42.833,56.82,1592.5,0.75483,36407,3.0798,1609,0.70049,37019,3.4183,1585.8,1.1644,34571,4.7858,1585.8,0.72473,36382,4.7321,1.0357,1.6804,-0.054341,-0.41967,-5.0437,0.40953,-0.41967,-0.068344,-0.0301
0.072758,0.080628,0.11955,0.049146,0.02978,0.06448,0.2704,27.334,5.3994,0.92467,1.5903,44.108,3.8701,1.334,0.0079804,0.19773,1.1745,0.43911,1.1711,1.8058,0.98211,0.57342,0.37186,32.86,45.826,55.131,1616.7,0.90036,36337,2.6784,1629.5,0.84431,36866,3.6117,1547.2,1.161,33742,4.7826,1547.2,0.86859,34905,4.7845,0.79432,1.4544,-0.056047,-4.2974,-7.143,0.26064,-4.2974,-3.9429,-0.031761
0.072513,0.03719,0.14289,0.047112,0.039755,0.05674,0.3105,22.638,7.1195,1.4926,0.8707,38.283,5.149,1.0401,0.0091902,0.17894,1.021,0.20332,1.6107,0.78503,1.6853,0.86112,0.27115,32.292,43.668,55.048,1572.3,0.76482,35903,2.687,1620.7,0.74106,37111,3.4597,1592.4,1.2977,34186,4.6883,1592.4,1.0196,35300,4.696,3.0772,3.364,-0.023763,1.2785,-4.7823,0.53285,1.2785,-1.6809,0.25482
0.071954,0.079026,0.076717,0.047856,0.042763,0.050499,0.42662,22.139,6.1476,0.91598,0.54338,43.471,4.5063,1.0277,0.0067925,0.39011,0.5816,0.30886,1.4749,1.3584,0.56255,0.78117,0.69847,36.116,44.849,44.711,1594.4,0.8448,36070,2.9263,1628.9,0.75426,37242,3.5238,1577.4,1.0326,34914,3.9185,1577.4,0.67893,36383,3.9174,2.1634,3.2491,-0.090533,-1.069,-3.2039,0.18777,-1.069,0.86824,-0.16586
0.10139,0.088235,0.094614,0.03472,0.044384,0.073058,0.28398,23.605,7.4052,0.88408,0.86769,26.336,7.1591,1.1958,0.0069152,0.299,0.62117,0.18622,1.7495,0.51019,0.73434,0.51813,0.2572,30.022,43.663,55.745,1603,0.9409,35860,2.5158,1619,0.92044,36304,3.5102,1592.1,1.312,34124,4.7434,1592.1,1.0676,35098,4.7621,0.9981,1.2385,-0.020458,-0.67619,-4.8409,0.37114,-0.67619,-2.1244,0.12671
0.066306,0.063957,0.13425,0.026654,0.036582,0.067924,0.64957,26.801,7.8535,0.86186,0.9576,24.663,3.2252,1.2669,0.0052823,0.36742,1.3291,0.42089,1.3698,1.8401,0.67578,0.90018,0.69666,34.952,38.012,48.446,1618,0.77118,36920,2.7899,1596.4,1.0118,35421,3.1949,1504.9,1.3657,32057,4.4905,1504.9,0.73148,34498,4.3898,-1.3341,-4.0587,0.2406,-6.9921,-13.172,0.59448,-6.9921,-6.5593,-0.039698
0.06373,0.075136,0.090205,0.040344,0.034557,0.058557,0.29269,23.418,6.5271,0.67816,1.1644,35.848,8.0178,1.2514,0.0083742,0.18768,1.4071,0.15652,1.3855,1.7243,0.65217,0.93538,0.43974,32.953,38.028,58.714,1622.7,0.8127,36846,2.6572,1634.3,0.77367,37281,3.0664,1561.2,1.0062,34663,4.9375,1561.2,0.66746,36059,4.9158,0.71959,1.1798,-0.039035,-3.7846,-5.9259,0.1935,-3.7846,-2.1355,-0.14524
0.072408,0.042129,0.093668,0.040957,0.031702,0.035601,0.4468,28.578,6.732,1.677,1.7348,39.401,2.7371,1.2271,0.014558,0.23554,1.4967,0.26826,1.037,0.85414,0.55682,0.92976,0.50191,31.766,44.189,45.253,1589.4,0.74223,36389,2.6179,1609.8,0.79526,36630,3.5323,1595.3,0.92839,35740,3.8814,1595.3,0.66731,36846,3.9063,1.2876,0.66175,0.053027,0.37264,-1.7828,0.18615,0.37264,1.2575,-0.074923
0.13928,0.063622,0.11001,0.018874,0.034794,0.08304,0.65385,25.97,5.6715,0.76001,1.5868,44.017,3.9151,1.2505,0.0098405,0.13194,1.4067,0.36214,1.0664,1.2709,1.0104,0.74082,0.24989,38.575,41.55,46.452,1611.8,1.0826,35471,3.1156,1621,1.0666,35738,3.4005,1552.1,1.2907,33347,4.1856,1552.1,1.0422,34316,4.2155,0.56857,0.75387,-0.015919,-3.7074,-5.9877,0.20809,-3.7074,-3.2565,-0.040387
0.065268,0.084418,0.060978,0.026005,0.030077,0.031039,0.46859,25.208,5.1652,1.048,1.5811,30.242,4.5609,1.3297,0.013274,0.34424,0.89872,0.32111,1.2621,1.0764,1.086,0.66222,0.62711,33.062,42.346,49.52,1608.2,0.85237,36348,2.6966,1613.3,0.83839,36523,3.4123,1591.6,1.128,34843,4.2465,1591.6,0.75061,36404,4.2294,0.31724,0.48088,-0.013982,-1.028,-4.1417,0.27562,-1.028,0.15484,-0.10176
0.13186,0.038727,0.062936,0.050642,0.035719,0.075478,0.37567,25.436,5.3675,1.7864,0.57607,31.827,4.1196,1.2774,0.0083011,0.28718,1.2862,0.29235,1.0399,1.2517,0.54454,0.8914,0.398,38.545,44.097,59.83,1557,0.92529,34895,3.1853,1612,0.98272,35886,3.5716,1546.3,1.093,33988,5.0975,1546.3,0.88006,34838,5.1224,3.5281,2.84,0.057425,-0.68668,-2.5982,0.16768,-0.68668,-0.16269,-0.045232
0.1208,0.032117,0.13767,0.025077,0.031052,0.032023,0.33275,26.265,7.4421,1.6267,0.70763,23.26,8.3172,1.1094,0.0081092,0.34863,0.81904,0.34537,1.0741,0.8471,1.6353,0.79077,0.62439,31.666,43.639,51.561,1595.7,0.87238,35983,2.6264,1626.3,0.87316,36669,3.4804,1606.3,1.2915,34509,4.4019,1606.3,0.91474,36044,4.3818,1.9155,1.9061,0.00078715,0.66258,-4.0981,0.4191,0.66258,0.16749,0.042366
0.066336,0.077235,0.12208,0.048336,0.042187,0.083002,0.72454,27.764,5.6774,1.5683,1.3654,38.544,3.0772,1.2174,0.011998,0.13857,0.59023,0.3351,1.8683,1.7703,0.90397,0.64927,0.26394,33.791,38.205,53.752,1550.7,0.85034,35059,2.8471,1603.4,0.80451,36444,3.1448,1509.4,1.3313,32280,4.8617,1509.4,0.98553,33592,4.8473,3.3961,3.9503,-0.045823,-2.6651,-7.9276,0.48096,-2.6651,-4.1833,0.13519
0.13043,0.086244,0.086848,0.043651,0.037983,0.074684,0.74245,23.282,4.9618,0.69677,0.61325,42.345,9.772,1.1452,0.0093846,0.34243,0.84856,0.28744,1.052,1.9294,0.99938,0.6217,0.29792,39.474,41.58,55.324,1601.6,1.1354,35031,3.2103,1637.2,0.92585,36690,3.3335,1536.9,1.2019,33360,4.8432,1536.9,0.97594,34243,4.8693,2.2253,4.7362,-0.20953,-4.0349,-4.7683,0.066572,-4.0349,-2.2481,-0.15943
0.082435,0.072011,0.14642,0.0052446,0.026649,0.050207,0.5992,26.585,7.1952,1.136,0.77655,36.196,8.7444,1.2835,0.014321,0.13258,0.75664,0.32867,1.0961,1.1135,1.6262,0.74713,0.31593,35.211,47.606,57.451,1620,0.85346,36611,2.8213,1631.3,0.7906,37139,3.7112,1599.6,1.2838,34395,4.8312,1599.6,0.96005,35705,4.8187,0.70091,1.4421,-0.062858,-1.2584,-6.0529,0.43037,-1.2584,-2.4751,0.10659
0.068758,0.078159,0.090825,0.018485,0.027879,0.068386,0.62435,23.168,7.7017,0.73634,1.1398,26.307,9.8199,1.3372,0.010581,0.32963,1.0787,0.40499,1.8752,1.4885,1.2324,0.76756,0.22108,37.016,47.498,48.896,1629.5,0.80914,37017,2.9155,1632.7,0.77121,37254,3.6955,1562.3,1.18,33997,4.2985,1562.3,0.88435,35181,4.309,0.19541,0.64038,-0.037938,-4.1221,-8.1575,0.37082,-4.1221,-4.959,0.075208
0.071352,0.063006,0.097591,0.017868,0.037242,0.037106,0.54021,27.125,5.8349,0.81794,0.70385,24.184,4.7714,1.3263,0.0087913,0.3304,1.4708,0.24631,1.2637,1.6703,0.65833,0.7339,0.21684,35.959,50.152,59.129,1616,0.77949,36836,2.8626,1608.2,0.92312,36052,3.9753,1559.9,1.1814,33938,5.0366,1559.9,0.86523,35204,5.0233,-0.47739,-2.1295,0.14362,-3.4702,-7.8684,0.40195,-3.4702,-4.4309,0.085737
0.092255,0.071451,0.12798,0.025475,0.035806,0.053369,0.26357,23.099,5.7644,0.94807,1.0961,43.176,9.1615,1.085,0.010656,0.29539,0.94095,0.36302,1.8823,1.0753,1.0461,0.83775,0.48086,39.536,38.229,56.498,1603.2,0.96577,35761,3.1708,1637.9,0.81451,37184,3.0825,1601.5,1.2898,34413,4.7607,1601.5,0.89832,36005,4.7257,2.1637,3.9782,-0.15126,-0.10518,-3.7715,0.32399,-0.10518,0.68096,-0.067449
0.07971,0.061993,0.14591,0.033785,0.042066,0.080059,0.34747,23.794,7.0993,0.68364,1.6584,33.152,2.5653,1.2974,0.0078757,0.26498,0.74867,0.15441,1.0608,1.6649,0.94544,0.65379,0.30659,36.189,40.374,46.271,1615.4,0.8934,36339,2.9038,1601.3,0.89335,36022,3.3177,1508.4,1.3556,32168,4.3141,1508.4,1.0096,33476,4.3139,-0.87259,-0.87202,-4.9608e-05,-6.6265,-11.477,0.46216,-6.6265,-7.8784,0.11622
0.07941,0.079114,0.098532,0.0019888,0.041533,0.03429,0.25405,26.721,7.0955,1.275,0.99968,22.638,8.3559,1.3145,0.0072364,0.28976,0.66478,0.18414,1.5474,0.95617,1.3634,0.66005,0.45941,33.279,41.688,44.509,1592.4,0.83505,36066,2.7344,1628.3,0.81161,36979,3.3301,1598,1.2852,34356,3.9272,1598,0.9098,35878,3.9212,2.2528,2.5329,-0.023445,0.3496,-4.7422,0.45011,0.3496,-0.52015,0.074745
0.12457,0.078084,0.11955,0.022528,0.040504,0.037265,0.52147,25.555,6.7403,1.0165,0.88196,43.857,8.0038,1.0178,0.010198,0.13694,1.4615,0.37864,1.8113,0.9049,0.65943,0.87538,0.20069,36.828,44.026,54.578,1601.9,1.0152,35527,2.9992,1633.6,1.0142,36236,3.5277,1614.2,1.3116,34599,4.597,1614.2,1.034,35724,4.6054,1.9822,1.9945,-0.0010394,0.77214,-2.6127,0.29642,0.77214,0.5531,0.018785
0.08894,0.038539,0.074086,0.035154,0.036269,0.076982,0.73623,24.389,5.3478,0.74029,0.54089,23.108,8.4864,1.23,0.013949,0.19154,1.3804,0.20953,1.703,0.5547,0.55371,0.64703,0.39014,36.385,41.774,54.563,1605.9,0.78664,36578,2.9107,1610.8,0.79705,36645,3.3683,1591.6,0.97254,35474,4.5451,1591.6,0.80959,36154,4.5918,0.30583,0.1839,0.010415,-0.89396,-3.0161,0.18591,-0.89396,-1.1592,0.022949
0.066038,0.076357,0.10432,0.021191,0.037608,0.080708,0.61308,27.99,7.5199,0.78994,1.8368,35.857,3.3645,1.2008,0.010101,0.10956,0.87351,0.25565,1.5041,1.0611,0.56365,0.54929,0.50294,38.406,45.41,55.218,1619.8,0.80564,36811,3.0252,1606.8,0.83508,36390,3.6322,1552.6,1.1628,33852,4.7729,1552.6,0.84421,35126,4.7652,-0.80439,-1.1446,0.029441,-4.1477,-8.0382,0.35719,-4.1477,-4.5781,0.038579
0.10849,0.072565,0.086935,0.026629,0.034507,0.055551,0.52761,26.923,7.1329,1.2163,1.8404,29.364,3.7677,1.2991,0.0058365,0.20023,1.084,0.25414,1.1374,0.65398,0.67609,0.65621,0.51796,37.169,49.297,58.118,1602,0.93008,35883,3.0031,1612.1,1.044,35635,3.9434,1580.9,1.2793,34011,4.934,1580.9,0.94494,35350,4.9163,0.62856,-0.69288,0.11396,-1.3173,-5.2186,0.34922,-1.3173,-1.4875,0.014858
0.11593,0.046792,0.14034,0.049384,0.038673,0.081771,0.3334,27.53,6.9928,1.7658,1.3218,22.514,3.3296,1.1557,0.011618,0.14909,1.4763,0.15006,1.5956,1.5625,0.95048,0.65807,0.45234,32.801,39.52,46.643,1562.3,0.93044,34992,2.7739,1575.9,1.2481,34024,3.4012,1496.9,1.6834,30754,4.4816,1496.9,1.2443,32333,4.4515,0.86865,-2.7676,0.31769,-4.185,-12.111,0.753,-4.185,-7.5986,0.31387
0.065709,0.034384,0.11046,0.04608,0.035998,0.069425,0.51058,25.832,7.9544,0.97598,0.89623,32.666,9.6014,1.3069,0.010923,0.19981,1.4215,0.43017,1.6858,1.0804,0.80211,0.86134,0.32942,30.187,50.17,54.624,1612.7,0.68241,37182,2.4634,1630.5,0.685,37581,3.8522,1583,0.95238,35366,4.5671,1583,0.75385,36193,4.6015,1.1061,1.0754,0.002595,-1.84,-4.8841,0.26998,-1.84,-2.6577,0.071445
0.096375,0.053453,0.068339,0.047884,0.028039,0.035739,0.41302,22.983,6.0067,1.2827,0.60337,44.497,9.607,1.1181,0.013651,0.11428,1.185,0.3014,1.213,0.96453,1.4214,0.68479,0.65153,35.524,47.206,54.229,1602.2,0.85038,36221,2.8733,1637.4,0.77976,37323,3.6681,1620.8,0.98948,36054,4.4464,1620.8,0.74284,37104,4.4642,2.1983,3.044,-0.070625,1.161,-0.46188,0.1391,1.161,2.4394,-0.10754
0.074446,0.037756,0.10792,0.029332,0.027406,0.089849,0.71741,26.913,7.166,1.0645,0.92569,32.868,6.8688,1.2253,0.0065727,0.10195,1.2121,0.19301,1.0264,0.52491,1.5566,0.65357,0.51362,32.87,43.586,54.764,1615.2,0.72348,37061,2.646,1628.4,0.73637,37308,3.4365,1595.1,1.0368,35289,4.5708,1595.1,0.77457,36382,4.5831,0.8208,0.66877,0.012893,-1.2415,-4.7796,0.31335,-1.2415,-1.83,0.051092
0.10344,0.043717,0.13931,0.0018495,0.031797,0.059104,0.41384,23.108,4.6974,0.57256,1.3206,43.647,8.1245,1.1268,0.013897,0.37456,0.82623,0.23455,1.8143,0.6801,1.0358,0.63624,0.26166,36.428,48.794,49.81,1616.6,0.98812,35967,2.9386,1632.6,0.78212,37204,3.7847,1612.5,1.2815,34681,4.26,1612.5,1.0762,35511,4.2982,0.98816,3.4391,-0.206,-0.25708,-3.5774,0.29342,-0.25708,-1.2697,0.088118
0.069637,0.070319,0.098743,0.0026449,0.036534,0.040777,0.30121,23.052,6.8934,0.99157,1.3787,43.336,9.6266,1.1707,0.0082759,0.2117,1.3867,0.29504,1.5056,0.77151,1.0146,0.84583,0.61488,35.772,50.574,50.345,1608.2,0.82967,36446,2.8747,1644.9,0.75824,37589,3.8664,1621.1,1.0384,35857,4.1977,1621.1,0.6874,37353,4.1874,2.2798,3.1366,-0.071429,0.8,-1.6159,0.20875,0.8,2.4908,-0.14226
0.11809,0.038285,0.076399,0.038623,0.034885,0.033899,0.61345,27.708,7.7918,0.87956,1.3709,43.105,5.4436,1.0528,0.0044416,0.29932,0.6163,0.22046,1.2539,0.55631,1.6677,0.79804,0.46818,37.326,41.007,57.37,1625.2,0.84149,36780,2.9511,1639.4,0.79671,37295,3.259,1617.2,1.114,35459,4.7132,1617.2,0.88805,36400,4.7351,0.87264,1.401,-0.044777,-0.49321,-3.5907,0.27254,-0.49321,-1.0315,0.046566
0.1342,0.038945,0.090533,0.030913,0.027004,0.060721,0.64189,25.031,5.5768,1.1206,1.2174,40.877,5.7865,1.0934,0.014265,0.39404,1.2134,0.1911,1.2159,1.0541,0.56153,0.93898,0.42436,37.551,40.015,55.048,1606.5,0.97682,35789,3.0313,1624,0.91912,36422,3.2537,1586.7,1.0998,34848,4.6366,1586.7,0.89189,35698,4.6679,1.0865,1.7663,-0.057703,-1.2337,-2.6296,0.12293,-1.2337,-0.25409,-0.084933
0.10497,0.086617,0.10464,0.022449,0.033213,0.07014,0.29189,28.244,7.015,0.95236,1.6353,37.38,3.0158,1.0117,0.0072543,0.14211,1.2585,0.23134,1.5183,1.0414,0.9726,0.55891,0.42606,38.602,41.692,59.661,1619.7,0.95735,36164,3.0734,1614.2,1.0813,35527,3.4284,1563.8,1.4445,33013,5.1613,1563.8,1.0812,34419,5.1303,-0.34074,-1.7612,0.12391,-3.4492,-8.7143,0.48715,-3.4492,-4.8253,0.1239
0.11405,0.039479,0.062528,0.01129,0.043135,0.056012,0.27921,28.898,6.7203,1.7654,0.81934,27.334,6.633,1.2328,0.0072408,0.25135,1.3418,0.18859,1.7548,1.0272,0.99518,0.7924,0.45859,35.001,47.063,59.127,1556.6,0.81355,35343,2.9127,1620.4,0.8942,36446,3.7291,1577.4,1.136,34500,4.9635,1577.4,0.90719,35427,4.9829,4.0961,3.1223,0.080652,1.3384,-2.3834,0.32245,1.3384,0.23873,0.093643
0.12756,0.049118,0.14148,0.052269,0.042855,0.075865,0.72692,27.095,4.9982,1.0021,1.6362,35.89,4.4407,1.0381,0.010296,0.20242,0.77316,0.33253,1.208,0.61092,1.6409,0.68518,0.45168,38.314,47.018,56.331,1583.6,1.0486,34987,3.1449,1608.8,0.96513,35890,3.7728,1584.1,1.4385,33464,4.8542,1584.1,1.0876,34840,4.8344,1.5918,2.5795,-0.083472,0.029614,-4.3543,0.38993,0.029614,-0.42109,0.039045
0.10946,0.076026,0.058842,0.059119,0.041126,0.036803,0.43011,28.324,5.8189,0.82977,0.54352,32.414,7.3702,1.0017,0.0036597,0.27882,0.50727,0.41906,1.8806,0.90629,0.50617,0.58203,0.51064,35.754,47.574,57.716,1613.1,0.89955,36261,2.8799,1632.7,0.86373,36854,3.7265,1603.9,1.1432,35050,4.7865,1603.9,0.90554,36028,4.8041,1.2147,1.6377,-0.035814,-0.57105,-3.3382,0.24363,-0.57105,-0.64042,0.005999
0.10579,0.075221,0.11871,0.042533,0.030894,0.057661,0.40424,24.817,6.5182,1.1073,0.83874,37.684,5.702,1.0879,0.0126,0.37051,0.50273,0.29364,1.0298,1.2933,0.82221,0.83471,0.32104,38.707,40.276,47.334,1608.4,0.95524,35922,3.1015,1622.1,0.86288,36618,3.2612,1576.1,1.2147,34161,4.1611,1576.1,0.89305,35456,4.1659,0.85062,1.9399,-0.09236,-2.0063,-4.9013,0.25943,-2.0063,-1.2953,-0.062191
0.078792,0.069913,0.1326,0.016768,0.044602,0.055015,0.3669,28.319,4.8741,0.58033,0.72034,38.627,9.3246,1.2287,0.010891,0.36913,0.74133,0.35314,1.6394,0.50236,0.56592,0.73191,0.65482,35.928,41.41,55.169,1618.6,0.86572,36528,2.8745,1633.6,0.74862,37374,3.2852,1617.8,1.0877,35582,4.5515,1617.8,0.74023,37049,4.534,0.92587,2.315,-0.11711,-0.04845,-2.5902,0.222,-0.04845,1.4267,-0.12549
0.13421,0.056583,0.12695,0.01181,0.025847,0.069545,0.33767,28.875,4.9339,1.9894,0.59844,31.723,3.4755,1.1252,0.0062661,0.30471,0.75535,0.36968,1.5451,0.74725,0.64578,0.5061,0.50043,38.068,43.835,45.891,1580.9,1.0035,35110,3.1226,1614.2,1.0556,35634,3.5682,1576.1,1.4388,33295,4.1266,1576.1,1.1405,34454,4.1422,2.1066,1.4934,0.052009,-0.30086,-5.1699,0.4353,-0.30086,-1.8671,0.13692
0.10741,0.040422,0.11429,0.0060385,0.042818,0.052278,0.38773,26.544,5.8076,1.7361,0.99857,43.026,8.4682,1.2187,0.010988,0.25079,1.374,0.3359,1.0727,1.3931,0.65017,0.87962,0.49231,37.018,47.555,50.35,1549.3,0.87796,34914,3.0825,1634.3,0.83547,37013,3.7135,1586.6,1.0055,35229,4.2786,1586.6,0.78167,36159,4.3093,5.4894,6.013,-0.042488,2.4094,0.9036,0.1275,2.4094,3.566,-0.096285
0.10268,0.072763,0.10886,0.04595,0.041628,0.036736,0.56196,22.069,5.4106,1.1199,0.66658,22.274,7.5774,1.0795,0.0093298,0.19805,1.0989,0.38628,1.0893,1.1264,0.56294,0.79443,0.47898,35.764,48.874,46.903,1578,1.0016,35054,2.9673,1611.6,0.99685,35819,3.9019,1587.6,1.1857,34525,4.0918,1587.6,0.83621,35952,4.0886,2.1283,2.1846,-0.0047529,0.6104,-1.5073,0.1841,0.6104,2.5639,-0.16539
0.13587,0.081086,0.11015,0.0023133,0.042616,0.065863,0.43926,28.161,7.9838,1.2171,0.63956,44.846,6.8003,1.1881,0.0084274,0.14648,0.51268,0.16539,1.3919,1.7195,1.4582,0.90078,0.53681,35.877,41.653,53.237,1592.4,0.98422,35445,2.9445,1632.8,0.93177,36566,3.3488,1553.5,1.4454,32792,4.726,1553.5,0.99238,34546,4.6757,2.5378,3.1641,-0.052447,-2.4427,-7.4844,0.46121,-2.4427,-2.5349,0.0081598
0.096164,0.070067,0.11913,0.021319,0.027178,0.042519,0.6407,24.977,7.9643,1.2857,0.5902,37.951,4.4904,1.0997,0.012089,0.26338,1.1918,0.21397,1.6269,0.995,1.4382,0.63246,0.50645,37.164,48.038,47.103,1614.2,0.85693,36466,2.9637,1620.5,0.93349,36283,3.8057,1594.6,1.4108,33792,4.1567,1594.6,1.0017,35421,4.1356,0.38695,-0.50344,0.076558,-1.2169,-7.3325,0.55388,-1.2169,-2.8649,0.14475
0.097773,0.046573,0.12275,0.021945,0.027133,0.079481,0.50988,24.718,5.3942,0.52883,1.2484,41.73,3.5184,1.0695,0.008407,0.15534,0.85904,0.33571,1.164,0.85191,0.57772,0.93359,0.66925,36.806,42.15,52.365,1627.7,0.90918,36548,2.9267,1622.3,0.83814,36729,3.3801,1577.7,1.0748,34750,4.4664,1577.7,0.73924,36134,4.4575,-0.33252,0.49544,-0.071037,-3.0735,-4.9175,0.16563,-3.0735,-1.1328,-0.16994
0.12136,0.066419,0.11948,0.023562,0.02615,0.075615,0.70988,28.888,6.0958,1.4969,0.54511,29.524,6.8439,1.1399,0.013004,0.36478,1.0379,0.22633,1.2667,0.6972,1.8312,0.67704,0.58386,33.543,47.325,59.381,1599.3,0.94197,35772,2.7629,1617.1,0.98459,35994,3.7798,1588.4,1.449,33516,5.0628,1588.4,1.0147,35232,5.0062,1.1175,0.61858,0.042611,-0.67659,-6.3081,0.50698,-0.67659,-1.5107,0.072688
0.10303,0.074772,0.081083,0.017504,0.037164,0.051334,0.51459,27.064,7.2126,1.5308,1.066,27.348,8.0449,1.0652,0.0030549,0.26836,0.72594,0.16056,1.9287,0.59371,1.4343,0.59167,0.44941,38.297,42.329,47.131,1580.6,0.88482,35591,3.1112,1631.9,0.88707,36737,3.3845,1603.4,1.3214,34329,4.1085,1603.4,1.0101,35583,4.1173,3.247,3.22,0.0022455,1.4445,-3.5447,0.43659,1.4445,-0.020877,0.12526
0.081341,0.048542,0.10132,0.042724,0.030012,0.073335,0.44776,25.925,4.7672,0.85754,0.51469,37.1,4.7202,1.2924,0.014362,0.15877,1.2672,0.20219,1.6522,1.6553,1.4417,0.74958,0.4202,32.932,46.867,55.057,1610,0.80674,36584,2.6754,1613.4,0.80257,36680,3.7062,1537.6,1.2111,33339,4.8252,1537.6,0.89374,34586,4.8184,0.21278,0.26164,-0.0041751,-4.4986,-8.8707,0.40433,-4.4986,-5.462,0.08699
0.062285,0.082061,0.083578,0.024695,0.031363,0.035707,0.39203,27.775,7.9094,1.144,1.3929,37.22,3.1212,1.1306,0.014929,0.16513,0.53809,0.17429,1.2329,0.60568,1.4919,0.56595,0.31171,33.563,45.67,52.057,1620.2,0.76388,37000,2.6922,1607.2,0.79193,36584,3.637,1600.3,1.1752,34843,4.4149,1600.3,0.88996,36013,4.4238,-0.7995,-1.1241,0.028051,-1.2251,-5.8296,0.41131,-1.2251,-2.6672,0.12608
0.12707,0.075531,0.14073,0.048489,0.044908,0.065077,0.29238,26.565,6.9829,0.69136,0.51363,29.91,5.6535,1.2793,0.0045167,0.1221,0.75532,0.41748,1.9797,0.62819,1.8267,0.67285,0.21449,34.095,46.619,54.305,1618.3,0.99066,35995,2.7778,1620.6,1.0275,35892,3.7358,1588.1,1.7904,32236,4.8193,1588.1,1.4294,33583,4.8011,0.14326,-0.28386,0.036878,-1.8676,-10.442,0.79978,-1.8676,-6.6984,0.43869
0.093447,0.064061,0.070045,0.050459,0.034247,0.038933,0.46403,24.009,7.3636,0.61799,1.786,32.163,9.0336,1.2403,0.0076117,0.39946,0.99909,0.27804,1.7668,1.8415,1.2984,0.67787,0.44306,35.508,47.612,54.825,1633,0.85585,36894,2.8192,1639.6,0.79484,37309,3.694,1582.6,1.1364,34611,4.6457,1582.6,0.86744,35708,4.6561,0.40785,1.1251,-0.061014,-3.0852,-6.1875,0.28058,-3.0852,-3.216,0.011595
0.097,0.069111,0.097717,0.025969,0.043239,0.055831,0.26058,28.849,7.8261,0.91585,0.86917,37.484,8.658,1.0678,0.01101,0.16597,1.3307,0.20864,1.4577,0.66191,0.52923,0.62039,0.58024,32.837,40.693,50.585,1614.5,0.83583,36561,2.6675,1627.6,0.87513,36690,3.2811,1608.2,1.0675,35452,4.2571,1608.2,0.81475,36508,4.2781,0.81198,0.35137,0.039298,-0.39027,-3.0343,0.23165,-0.39027,-0.14494,-0.021087
0.094414,0.089973,0.090941,0.054545,0.044024,0.085426,0.64495,25.215,6.4951,0.85323,0.63497,28.854,6.5312,1.0935,0.0083143,0.39219,0.99935,0.16231,1.1935,1.0656,0.70053,0.73973,0.36946,31.848,38.711,55.344,1597.1,0.91963,35817,2.646,1613.2,0.9626,35998,3.1974,1552.3,1.2283,33592,4.8061,1552.3,0.88002,34974,4.7878,1.0096,0.50656,0.042972,-2.8032,-6.211,0.30864,-2.8032,-2.3543,-0.039609
0.065505,0.045271,0.12554,0.018691,0.029227,0.04798,0.5583,23.54,5.0842,1.9231,0.63209,37.012,3.7804,1.1793,0.0059781,0.20569,1.4315,0.44345,1.3326,1.2977,1.1302,0.66448,0.3783,37.645,40.091,54.071,1563.1,0.77599,35647,3.0752,1625.3,0.78595,37021,3.2236,1577.3,1.0995,34642,4.5956,1577.3,0.82875,35748,4.6063,3.9755,3.8546,0.0099644,0.90369,-2.8193,0.32355,0.90369,0.28411,0.052756
0.069923,0.054469,0.062041,0.051318,0.035178,0.037423,0.49412,25.213,7.2955,0.60544,0.56247,24.117,6.797,1.0989,0.010634,0.37343,1.1271,0.24445,1.2073,1.0217,1.1032,0.63562,0.25463,32.05,46.502,54.773,1634.3,0.70567,37578,2.5575,1613,0.78801,36732,3.6787,1589.4,0.98378,35378,4.5698,1589.4,0.785,36207,4.604,-1.307,-2.2531,0.082348,-2.7518,-5.8542,0.27812,-2.7518,-3.6502,0.079335
0.076518,0.0322,0.10586,0.022888,0.043111,0.043528,0.69227,23.623,5.488,1.6989,0.95054,28.937,8.9776,1.0511,0.0056679,0.33226,1.1118,0.32671,1.7657,1.5142,1.7464,0.55419,0.54565,34.548,49.705,57.858,1537.2,0.76733,35091,2.9074,1630.7,0.71164,37470,3.8288,1581.4,1.1557,34508,4.8691,1581.4,0.84519,35773,4.8602,6.0845,6.778,-0.055684,2.875,-1.661,0.38841,2.875,1.9441,0.077864
0.091439,0.058672,0.090949,0.0080313,0.036674,0.031926,0.61474,28.391,5.2097,0.70312,0.84507,32.766,6.477,1.3101,0.012406,0.30592,0.71236,0.18481,1.3564,0.86681,0.66493,0.82842,0.64287,37.925,41.866,52.939,1622,0.84433,36696,2.9976,1623.6,0.78685,36979,3.3454,1604.9,1.076,35345,4.4306,1604.9,0.75414,36693,4.4255,0.098932,0.77255,-0.057474,-1.0556,-3.6813,0.23166,-1.0556,-0.0081345,-0.090186
0.073653,0.039057,0.10757,0.022092,0.029495,0.065518,0.42097,23.203,5.0074,1.1859,1.0924,40.89,3.3936,1.0662,0.012777,0.20533,1.4562,0.24853,1.2046,0.62197,1.061,0.51694,0.5235,30.722,51.149,45.42,1593.4,0.80381,36219,2.5526,1614.5,0.78098,36797,3.9844,1594.1,1.0236,35321,3.9238,1594.1,0.78668,36307,3.9562,1.3254,1.5959,-0.022826,0.044869,-2.4796,0.21977,0.044869,0.24513,-0.017124
0.13919,0.084059,0.1087,0.013911,0.038136,0.079735,0.46552,24.704,7.1635,1.2461,1.6426,37.034,8.3943,1.0658,0.012244,0.39737,1.3622,0.44882,1.9998,0.89207,0.53784,0.75813,0.26207,31.725,43.478,49.835,1588.1,1.0985,34884,2.6883,1625.6,1.0712,35820,3.5232,1585.7,1.3776,33732,4.3644,1585.7,1.0915,34860,4.3774,2.3592,2.6821,-0.027248,-0.14905,-3.3023,0.27914,-0.14905,-0.068652,-0.0069656
0.082794,0.089613,0.050237,0.013881,0.039608,0.05657,0.58002,26.083,6.3947,0.7336,1.1926,24.121,5.732,1.1226,0.013083,0.32097,0.6176,0.39088,1.3374,1.2772,0.88725,0.84995,0.3543,30.373,47.816,45.467,1616.3,0.85791,36510,2.5031,1599.3,0.92489,35844,3.8384,1559.2,1.2113,33806,4.0716,1559.2,0.77345,35567,4.0441,-1.0552,-1.8235,0.066983,-3.5372,-7.4046,0.35337,-3.5372,-2.5818,-0.084455
0.074207,0.042988,0.14061,0.037674,0.032334,0.084905,0.70662,26.173,7.318,1.587,0.91395,32.467,9.496,1.1078,0.0091786,0.20869,0.88993,0.373,1.0108,1.1525,0.78019,0.82137,0.40242,30.378,47.873,56.827,1580.2,0.76277,36091,2.5424,1630,0.71909,37419,3.7118,1566.6,0.97922,34891,4.7784,1566.6,0.74448,35859,4.7977,3.1529,3.6814,-0.043677,-0.85503,-3.3231,0.21644,-0.85503,-0.64268,-0.018293
0.089287,0.07712,0.067071,0.0090537,0.033461,0.085847,0.2713,27.801,6.5795,0.6423,1.275,31.717,4.5544,1.0115,0.0054371,0.224,1.245,0.38302,1.7627,1.7084,0.51043,0.65406,0.45498,39.556,46.254,49.033,1629.9,0.847,36864,3.0924,1615.4,0.96972,36017,3.7069,1513.8,1.1938,32889,4.4509,1513.8,0.87503,34126,4.4539,-0.89183,-2.2965,0.12272,-7.1245,-10.782,0.34675,-7.1245,-7.4273,0.028028
0.10584,0.057608,0.074328,0.0087432,0.037264,0.074874,0.67066,24.266,7.029,1.649,0.68524,38.509,9.5808,1.3435,0.014107,0.12667,1.0431,0.33077,1.2681,0.86749,0.68686,0.50707,0.59842,36.919,41.019,58.77,1562.2,0.86002,35277,3.0461,1628.1,0.81192,36972,3.2862,1592.9,0.99373,35416,4.8388,1592.9,0.80673,36195,4.8732,4.2186,4.8048,-0.048101,1.9663,0.39381,0.13371,1.9663,2.602,-0.05329
0.13316,0.084803,0.056512,0.012934,0.033263,0.041772,0.70761,24.583,7.1247,1.0188,1.0937,40.609,8.0003,1.0987,0.012324,0.19531,1.2974,0.15936,1.4168,0.87751,0.81217,0.52652,0.2002,34.172,42.215,48.81,1610.7,1.0133,35731,2.8009,1631.4,1.006,36222,3.4083,1610.4,1.1885,35009,4.1668,1610.4,1.0205,35695,4.2174,1.288,1.3727,-0.0072151,-0.016778,-2.0209,0.17528,-0.016778,-0.10088,0.0072625
0.068017,0.03599,0.12428,0.045239,0.036404,0.054534,0.26098,24.532,7.2024,0.7086,1.1109,42.866,8.6912,1.2802,0.0049989,0.23188,1.2489,0.18703,1.5,1.6605,0.96169,0.63389,0.46528,34.581,39.628,56.419,1625.6,0.73222,37261,2.7442,1646.7,0.68327,37962,3.1268,1574.3,1.0244,34880,4.7426,1574.3,0.78103,35882,4.7595,1.2993,1.8818,-0.04895,-3.1515,-6.3912,0.2922,-3.1515,-3.7026,0.048807
0.11535,0.069002,0.12479,0.0028933,0.040367,0.032695,0.57842,22.749,5.7036,1.3555,1.8029,26.955,4.4542,1.074,0.012237,0.1875,1.0528,0.2333,1.4096,1.1409,0.97778,0.5259,0.32267,30.902,43.959,48.125,1569.8,1.0799,34555,2.658,1597.7,1.1091,35052,3.6281,1578.9,1.5138,33069,4.3037,1578.9,1.2003,34277,4.3113,1.7808,1.4375,0.029236,0.58268,-4.301,0.43389,0.58268,-0.80488,0.12042
0.099207,0.039862,0.11055,0.048799,0.040651,0.039416,0.39068,28.77,4.5495,0.83572,0.62839,26.492,3.6558,1.2827,0.0045437,0.37098,1.2879,0.21049,1.2682,0.70876,0.75484,0.74673,0.57497,32.365,51.798,48.18,1607.2,0.83846,36385,2.6483,1608.4,0.9533,35930,4.0959,1578.4,1.2217,34182,4.2173,1578.4,0.89666,35492,4.2197,0.079892,-1.2487,0.11485,-1.7912,-6.0545,0.38321,-1.7912,-2.4548,0.058203
0.083112,0.036364,0.10501,0.034037,0.041362,0.060109,0.25859,25.591,7.1262,1.6651,0.60281,24.666,3.792,1.2212,0.014144,0.17451,0.58289,0.15599,1.6315,0.67511,1.2458,0.75481,0.5329,37.717,43.839,46.043,1563.9,0.7368,35829,3.0694,1585.2,0.82237,35955,3.5706,1566.8,1.2795,33705,4.1137,1566.8,0.91435,35158,4.1076,1.3604,0.352,0.085571,0.1812,-5.9265,0.54273,0.1812,-1.8725,0.17756
0.071271,0.073279,0.14597,0.015055,0.036477,0.075947,0.34077,25.255,5.1237,0.51504,0.80557,33.6,8.4055,1.1756,0.010708,0.31295,0.57205,0.1517,1.6788,0.705,1.5112,0.60871,0.64255,31.203,49.909,57.534,1621.9,0.88928,36501,2.5563,1627.5,0.74789,37238,3.8604,1594.5,1.3843,33893,4.8886,1594.5,0.86871,35971,4.8067,0.34923,2.0186,-0.14139,-1.6869,-7.1446,0.49504,-1.6869,-1.451,-0.020577
0.11794,0.039281,0.094995,0.013167,0.033551,0.064973,0.53347,22.1,7.4047,1.2238,1.1425,41.887,5.8581,1.1369,0.010055,0.15036,0.53169,0.40398,1.2009,0.67724,0.76618,0.80478,0.68276,32.433,43.448,50.087,1595.9,0.89775,35881,2.6836,1628,0.80605,36995,3.4466,1602.2,1.0408,35429,4.2302,1602.2,0.79015,36477,4.2524,2.0097,3.1058,-0.091699,0.39446,-1.2582,0.14301,0.39446,1.6618,-0.1076
0.061863,0.087616,0.12823,0.028847,0.03851,0.0339,0.35746,28.774,5.8199,1.8735,1.4362,29.724,5.4858,1.2982,0.012021,0.37628,1.0388,0.3268,1.9622,0.51655,0.77555,0.81035,0.31801,39.769,42.099,49.229,1559.2,0.85885,35215,3.2504,1616,0.8642,36476,3.3965,1604.9,1.3191,34370,4.2511,1604.9,0.88932,36119,4.2188,3.6444,3.5798,0.0053552,2.9324,-2.3995,0.46024,2.9324,2.5677,0.030473
0.13253,0.089158,0.12206,0.015101,0.037901,0.040485,0.61678,26.869,6.7803,0.67911,0.92253,36.01,7.1082,1.3286,0.0085269,0.19833,0.79323,0.37191,1.0783,0.86266,1.1313,0.8301,0.49408,31.59,43.937,47.871,1626.6,1.0588,35894,2.6078,1633.1,0.99842,36291,3.5187,1605.9,1.3675,34201,4.1682,1605.9,0.95657,35860,4.145,0.40171,1.1061,-0.060363,-1.27,-4.7155,0.30873,-1.27,-0.093314,-0.10221
0.096825,0.061993,0.13656,0.05348,0.025532,0.040005,0.36141,22.031,4.9973,0.62247,1.781,38.424,9.5353,1.0778,0.0097691,0.12436,0.5765,0.40305,1.4819,0.59452,1.8855,0.6029,0.29958,38.436,39.893,55.415,1622.1,1.0463,35848,3.078,1640.3,0.79195,37337,3.1825,1626.6,1.3501,34710,4.6332,1626.6,1.0805,35804,4.6434,1.121,4.1558,-0.25432,0.27325,-3.1729,0.30379,0.27325,-0.12247,0.034183
0.075959,0.033538,0.05655,0.036203,0.031784,0.045608,0.73574,27.938,6.1911,1.0196,0.77337,35.233,3.2017,1.1518,0.0082705,0.18631,1.1936,0.43608,1.195,0.52075,1.2635,0.61202,0.6685,36.265,50.067,50.376,1612.7,0.68087,37188,2.8675,1613.7,0.74901,36917,3.9044,1597.2,0.88948,35945,4.2152,1597.2,0.69097,36788,4.2532,0.066147,-0.72912,0.068135,-0.95946,-3.3439,0.20861,-0.95946,-1.0766,0.010099
0.0987,0.089651,0.10539,0.049691,0.032619,0.065248,0.39874,26.189,7.2449,1.2372,1.949,26.547,6.973,1.0883,0.0061245,0.37798,0.81829,0.22983,1.6812,0.51047,0.85988,0.79787,0.48594,32.63,51.439,56.646,1604,0.96652,35777,2.6973,1623,0.96627,36201,4.0389,1597.6,1.352,34085,4.8047,1597.6,0.92189,35819,4.7558,1.183,1.1859,-0.00025384,-0.40029,-4.7293,0.38547,-0.40029,0.11744,-0.04463
0.074066,0.063061,0.055581,0.056275,0.030071,0.053002,0.25717,25.039,6.7019,1.7069,0.6752,29.688,4.2233,1.0584,0.013771,0.33036,1.3711,0.2902,1.4263,1.2628,1.9178,0.60624,0.49761,39.607,49.477,45.935,1587.1,0.7535,36289,3.157,1602,0.8946,36031,3.9363,1565,1.1491,34176,4.071,1565,0.839,35428,4.0815,0.93798,-0.70997,0.1411,-1.3932,-5.8208,0.39557,-1.3932,-2.3729,0.085507
0.13763,0.070992,0.069661,0.024685,0.033896,0.082499,0.27469,25.824,6.6507,1.0298,0.5039,31.227,8.3146,1.2169,0.0074609,0.14888,1.3607,0.15557,1.6451,0.84084,1.4416,0.72958,0.61557,38.273,47.713,45.884,1608,0.98739,35778,3.0803,1630.1,1.0297,36094,3.7886,1581.7,1.335,33812,4.0802,1581.7,0.99116,35179,4.0812,1.379,0.88255,0.042352,-1.6305,-5.4942,0.34761,-1.6305,-1.6734,0.003763
0.12069,0.058704,0.057495,0.00052559,0.030359,0.049033,0.63032,24.793,4.818,0.75193,0.57296,44.909,7.5233,1.2045,0.013854,0.28833,0.50696,0.32691,1.7381,0.59886,1.7089,0.87229,0.41922,35.992,49.441,54.889,1614.5,0.97055,35993,2.9091,1633.5,0.80038,37145,3.8307,1620,1.1541,35358,4.5486,1620,0.90022,36413,4.564,1.1766,3.2008,-0.17016,0.34499,-1.7628,0.18352,0.34499,1.1684,-0.070327
0.067779,0.062441,0.11293,0.032814,0.040764,0.070761,0.60387,25.073,4.5875,0.76365,0.70005,41.129,5.5965,1.0007,0.007781,0.22403,0.968,0.22396,1.8835,0.57965,0.80542,0.75919,0.24205,38.788,42.353,49.971,1597.7,0.83403,36188,3.0996,1625.4,0.75471,37160,3.3658,1598.3,1.1192,35024,4.2574,1598.3,0.87316,36038,4.2817,1.7391,2.6859,-0.079316,0.039914,-3.2166,0.2852,0.039914,-0.41533,0.039137
0.06263,0.079817,0.14113,0.057096,0.031414,0.036732,0.27619,27.337,7.5824,1.9349,1.6238,30.517,4.346,1.0224,0.014741,0.35575,0.90655,0.21616,1.8394,1.4666,1.76,0.50581,0.65985,35.439,50.018,59.709,1582.7,0.83824,35832,2.9001,1603.2,0.89356,36064,3.9697,1575,1.6011,32661,5.1873,1575,0.98294,35062,5.0599,1.2963,0.64558,0.055323,-0.4902,-8.8506,0.76291,-0.4902,-2.1509,0.1447
0.10127,0.08892,0.060035,0.019097,0.036221,0.081008,0.2541,25.289,6.4276,1.5222,0.94216,44.438,3.4393,1.2304,0.0044281,0.37,1.1408,0.31902,1.1997,0.73599,0.53339,0.57272,0.36666,39.972,42.175,52.491,1577.2,0.92964,35329,3.2446,1630.8,0.9422,36477,3.3906,1583.7,1.1031,34769,4.4676,1583.7,0.87179,35715,4.4939,3.3992,3.2484,0.012555,0.41397,-1.5846,0.1735,0.41397,1.0921,-0.057852
0.099859,0.058868,0.063633,0.019744,0.044539,0.071176,0.52178,27.487,6.9631,0.94469,0.51125,41.405,8.508,1.0011,0.013436,0.34989,1.475,0.15929,1.7405,1.0938,1.1603,0.84746,0.67906,31.483,40.962,47.266,1599.9,0.80655,36356,2.5942,1624.3,0.84369,36750,3.298,1579.4,1.0801,34767,4.1063,1579.4,0.77166,36036,4.1147,1.5213,1.0823,0.037144,-1.2823,-4.3705,0.27358,-1.2823,-0.87924,-0.034888
0.069287,0.048022,0.054013,0.035402,0.037512,0.045973,0.38105,22.521,7.3632,0.88022,0.62464,38.201,4.7792,1.1994,0.0036484,0.2933,1.1834,0.18016,1.2314,1.0648,1.1116,0.93923,0.35406,36.442,51.963,56.986,1612.7,0.69979,37106,2.8834,1633.2,0.71868,37496,3.9738,1588.3,0.90137,35696,4.6966,1588.3,0.66915,36677,4.716,1.274,1.0502,0.018885,-1.5098,-3.8008,0.20157,-1.5098,-1.1554,-0.03064
0.080765,0.057227,0.13323,0.01205,0.031961,0.061859,0.64465,26.817,7.8659,1.0474,0.5498,22.14,2.7741,1.0708,0.0051731,0.12917,0.69509,0.28802,1.6531,1.7315,0.72914,0.71534,0.39563,38.827,40.91,56.5,1616.1,0.77451,36861,3.0531,1580.5,1.0941,34736,3.4499,1506.3,1.6132,31194,5.1835,1506.3,1.0924,33111,5.0983,-2.2004,-5.7657,0.31956,-6.7934,-15.373,0.83871,-6.7934,-10.174,0.31789
0.08,0.041883,0.13932,0.029519,0.036227,0.052008,0.41741,25.9,6.8747,1.8773,0.66864,43.01,6.2724,1.3089,0.010009,0.1953,1.0635,0.17397,1.1591,1.387,1.3443,0.61079,0.43404,31.087,39.445,47.298,1562.3,0.7703,35651,2.622,1632.6,0.74581,37363,3.1567,1581.7,1.1669,34470,4.1293,1581.7,0.88593,35610,4.1467,4.5034,4.8031,-0.024491,1.2417,-3.3128,0.39658,1.2417,-0.11459,0.11562
0.12887,0.05181,0.082506,0.03741,0.04496,0.089654,0.73361,25.864,7.2101,0.70062,1.8154,31.599,5.8344,1.0417,0.0033394,0.14868,0.69121,0.31429,1.8575,1.3804,0.54596,0.86468,0.65552,37.212,38.442,47.063,1609.8,0.94889,35980,2.9957,1618.2,0.93806,36212,3.1636,1529.8,1.2443,33043,4.2768,1529.8,0.91586,34322,4.2803,0.51738,0.64394,-0.010831,-4.9744,-8.1635,0.29545,-4.9744,-4.6089,-0.033037
0.063253,0.059013,0.061207,0.0576,0.043422,0.074527,0.30662,25.5,6.4617,0.9296,1.2409,32.917,6.1838,1.1189,0.010783,0.24538,0.52462,0.3838,1.6143,0.53957,0.77963,0.57174,0.3426,33.008,42.802,45.415,1598.9,0.72751,36670,2.6831,1614.4,0.68284,37221,3.4001,1594.5,0.9212,35752,3.8924,1594.5,0.73881,36521,3.9405,0.97275,1.5026,-0.044675,-0.27308,-2.5012,0.19369,-0.27308,-0.40487,0.011299
0.10114,0.04864,0.14015,0.041957,0.025622,0.085611,0.55464,22.62,4.7244,0.62069,0.52269,29.553,7.6257,1.0352,0.0056322,0.24913,1.3508,0.31509,1.7864,0.52678,1.518,0.8226,0.5698,32.324,48.798,58.614,1614.4,0.95142,36071,2.6562,1628.8,0.91215,36560,3.8311,1597.8,1.4229,33814,4.9691,1597.8,0.96093,35661,4.9042,0.89454,1.3561,-0.039274,-1.0269,-6.2579,0.4715,-1.0269,-1.1362,0.0095143
0.13819,0.050123,0.062134,0.018835,0.033261,0.042968,0.67873,22.073,5.5235,1.5806,1.0576,40.232,9.4166,1.0491,0.0070597,0.28338,0.64686,0.22593,1.5621,1.3341,1.0678,0.75498,0.55631,37.558,48.564,54.06,1567,1.0361,34670,3.1221,1643.1,0.85647,37120,3.7664,1599.2,1.1466,34934,4.5477,1599.2,0.91954,35864,4.5736,4.8541,7.0653,-0.17966,2.0542,0.76012,0.11043,2.0542,3.4442,-0.11659
0.10277,0.054045,0.11188,0.027009,0.037124,0.052792,0.55713,24.668,7.5754,0.57106,0.53004,23.099,4.3812,1.1776,0.0099425,0.10131,1.1672,0.39929,1.8509,0.87009,0.77689,0.56919,0.4344,37.36,39.226,45.988,1632.7,0.84252,36945,2.94,1593.7,1.0545,35187,3.2946,1566.9,1.4336,33119,4.1564,1566.9,1.0981,34420,4.1604,-2.3868,-4.7605,0.21195,-4.0307,-10.357,0.59109,-4.0307,-6.8357,0.25559
0.075638,0.070595,0.079779,0.0052124,0.043924,0.075167,0.49141,25.942,5.8475,0.60275,1.2871,44.655,3.2528,1.1184,0.011271,0.12145,0.54226,0.34894,1.1133,1.5024,0.84389,0.54327,0.27889,31.082,39.357,49.907,1615.4,0.83165,36600,2.5473,1613.7,0.75882,36875,3.1909,1542.5,1.0332,34139,4.3786,1542.5,0.82688,34968,4.4166,-0.10415,0.749,-0.072822,-4.5142,-6.7254,0.2016,-4.5142,-4.4612,-0.0047624
0.1337,0.063217,0.074612,0.045606,0.038362,0.03268,0.55949,24.466,7.1345,1.3764,0.54573,35.016,7.7268,1.125,0.0043257,0.35649,1.0047,0.22036,1.335,1.1702,0.83438,0.61945,0.646,38.007,50.161,59.937,1584.1,0.95859,35364,3.1017,1639.7,0.94515,36663,3.9061,1603,1.1925,34831,4.9614,1603,0.92917,35909,4.967,3.5125,3.6741,-0.013432,1.1942,-1.5062,0.23392,1.1942,1.5406,-0.029417
0.077532,0.067935,0.12515,0.028118,0.041696,0.053568,0.58482,23.854,4.9014,1.5888,0.57236,30.318,5.4226,1.3373,0.0046156,0.18492,0.94372,0.15909,1.1385,0.67476,0.72224,0.71648,0.62502,32.245,48.283,44.393,1545.8,0.8919,34778,2.7561,1623.3,0.84199,36735,3.7893,1589.2,1.1577,34670,3.9037,1589.2,0.77854,36230,3.8962,5.0152,5.6275,-0.049909,2.8063,-0.31114,0.26583,2.8063,4.1744,-0.11336
0.13023,0.045968,0.10841,0.033415,0.028199,0.079472,0.51724,27.349,4.9972,0.76829,1.1458,44.478,9.7324,1.2218,0.006596,0.22955,1.0258,0.2486,1.2254,0.95246,1.3824,0.88976,0.32517,34.214,50.949,55.286,1619.2,0.99037,36016,2.7842,1646.8,0.87514,37123,3.9209,1590.9,1.2159,34476,4.6811,1590.9,0.98741,35399,4.7055,1.7027,3.0738,-0.11523,-1.7475,-4.2744,0.22555,-1.7475,-1.7138,-0.0029554
0.11505,0.030888,0.14192,0.04435,0.042445,0.078188,0.61512,25.924,5.7888,1.4305,1.6924,25.266,7.9789,1.3407,0.0053064,0.28658,1.425,0.34796,1.2577,1.3283,0.75301,0.62893,0.56987,38.722,41.736,46.969,1559.9,0.94541,34878,3.1967,1625.5,0.90185,36529,3.3619,1547.8,1.1702,33719,4.197,1547.8,0.90145,34785,4.2191,4.2038,4.7329,-0.043564,-0.77505,-3.3223,0.22477,-0.77505,-0.26671,-0.043955
0.074471,0.050968,0.064525,0.017975,0.03934,0.056636,0.58533,27.711,5.9631,0.68117,0.93836,39.614,3.4061,1.1224,0.0033866,0.29212,0.65581,0.20679,1.4806,0.76871,0.62644,0.88222,0.68261,39.988,51.673,47.282,1620.2,0.73562,37123,3.1136,1625.9,0.72515,37300,3.9744,1586.8,0.9548,35440,4.0502,1586.8,0.66273,36669,4.0631,0.35364,0.47666,-0.010466,-2.0639,-4.5346,0.21918,-2.0639,-1.2238,-0.072896
0.10454,0.040358,0.084667,0.016368,0.033135,0.056128,0.72806,26.524,6.428,1.2849,0.95888,38.275,5.0654,1.0571,0.013491,0.3479,0.75187,0.23225,1.5213,0.51402,0.66384,0.54455,0.23786,34.988,48.311,55.563,1594.2,0.82708,36139,2.8461,1617,0.79392,36797,3.7923,1605,1.0462,35469,4.6009,1605,0.91861,35998,4.6591,1.4297,1.823,-0.033156,0.67699,-1.8538,0.2191,0.67699,-0.39052,0.091532
0.062179,0.075085,0.12589,0.035104,0.026293,0.051644,0.59929,26.204,7.2383,1.8651,0.88532,25.873,5.1062,1.097,0.010569,0.23771,1.3941,0.31546,1.0205,1.4292,1.2102,0.59695,0.69179,34.05,51.282,54.311,1589.9,0.78629,36213,2.7812,1607.1,0.94309,35943,4.0611,1560.5,1.2666,33620,4.7204,1560.5,0.79609,35503,4.6611,1.0838,-0.74585,0.1568,-1.8492,-7.1603,0.48029,-1.8492,-1.9615,0.0098037
0.086409,0.030995,0.1135,0.058421,0.030748,0.07296,0.58162,22.196,7.9044,0.53526,1.0758,35.643,4.2974,1.0714,0.0051178,0.20895,1.3851,0.25215,1.9639,1.991,1.1379,0.69906,0.3319,30.876,38.012,57.483,1634.5,0.77188,37292,2.4925,1622.1,0.81172,36837,3.0974,1516.5,1.2166,32862,5.0728,1516.5,0.9781,33780,5.0918,-0.75929,-1.22,0.039843,-7.2171,-11.88,0.44469,-7.2171,-9.4186,0.20621
0.13438,0.070644,0.10361,0.057785,0.035865,0.03031,0.27148,25.212,7.2299,1.5692,0.62124,22.914,6.8436,1.1797,0.0071715,0.38669,1.2018,0.21311,1.0241,1.6725,0.52944,0.62174,0.49614,31.996,47.418,49.391,1585.7,0.99235,35261,2.69,1620.5,1.1138,35533,3.815,1579.3,1.3256,33797,4.3337,1579.3,1.0228,34996,4.3417,2.196,0.7695,0.12147,-0.40044,-4.1539,0.33322,-0.40044,-0.7516,0.030472
0.10725,0.080254,0.070667,0.043861,0.034539,0.048292,0.7049,28.509,6.4605,1.3864,0.74804,33.501,8.0908,1.0177,0.0097966,0.30479,0.8443,0.27571,1.8613,1.2702,0.69351,0.92083,0.43199,31.572,41.654,45.679,1590.1,0.89869,35746,2.6346,1627.9,0.89318,36620,3.3493,1587.4,1.1976,34473,4.01,1587.4,0.84483,35911,4.0081,2.3781,2.4438,-0.0055109,-0.16584,-3.561,0.29894,-0.16584,0.46237,-0.053859
0.12957,0.055581,0.13786,0.05648,0.030931,0.079669,0.3425,27.095,4.9991,1.8653,1.9742,36.67,3.6497,1.129,0.0033202,0.27697,1.1643,0.31541,1.5885,1.1496,0.57803,0.70886,0.56198,37.423,51.147,55.456,1566.9,1.0849,34474,3.124,1624.3,1.0474,35891,4.0404,1553.9,1.3851,33026,4.8655,1553.9,1.0235,34430,4.8428,3.6613,4.1115,-0.037471,-0.83407,-4.1985,0.30023,-0.83407,-0.12719,-0.061383
0.10034,0.07,0.098946,0.011048,0.026025,0.057588,0.5675,22.818,6.8297,1.9899,1.1981,29.384,8.0215,1.0931,0.009784,0.10523,0.87902,0.4087,1.7688,0.61394,0.59195,0.87849,0.268,38.903,44.5,56.503,1578,0.93349,35332,3.1698,1626.5,0.88215,36635,3.54,1607.3,1.1729,35004,4.703,1607.3,0.88434,36193,4.7042,3.0708,3.6882,-0.05134,1.8542,-0.92911,0.23943,1.8542,2.4381,-0.049141
0.081187,0.07059,0.14435,0.049224,0.038412,0.068892,0.33736,28.125,6.9751,1.3268,0.82032,25.317,5.6226,1.2147,0.014129,0.16855,1.1803,0.32065,1.7777,1.4451,1.4915,0.84729,0.47925,36.001,48.231,59.423,1590.3,0.84171,35988,2.9254,1599.4,0.95156,35736,3.8743,1541.3,1.5739,32061,5.2688,1541.3,0.99082,34281,5.1531,0.57507,-0.70242,0.10986,-3.0794,-10.912,0.73224,-3.0794,-4.7455,0.14912
0.077245,0.06566,0.12738,0.010119,0.028079,0.05186,0.46495,28.659,5.1319,0.67257,0.60501,43.327,7.6732,1.2496,0.011366,0.17184,1.2347,0.4047,1.2036,1.5694,0.58319,0.78098,0.28424,35.032,44.045,50.686,1631,0.82676,36975,2.7847,1637.4,0.79011,37280,3.4619,1583.6,1.0163,35118,4.3135,1583.6,0.78014,36097,4.3399,0.39546,0.82585,-0.036649,-2.9041,-5.02,0.18951,-2.9041,-2.3742,-0.046618
0.12091,0.086707,0.054661,0.010933,0.029907,0.030109,0.64363,23.732,5.4854,1.7636,0.65413,37.772,2.6708,1.1857,0.011251,0.24568,0.66834,0.35726,1.9139,1.8136,0.64881,0.58463,0.32087,35.651,48.997,54.599,1572.5,1.0419,34769,2.9787,1613.5,1.0217,35758,3.913,1576.5,1.4065,33426,4.7415,1576.5,1.0953,34643,4.7387,2.6042,2.8442,-0.020177,0.25488,-3.8625,0.36462,0.25488,-0.36223,0.053386
0.077733,0.063296,0.11239,0.0044698,0.032203,0.034433,0.53245,22.82,5.2762,0.57918,1.6709,27.427,6.5929,1.3229,0.01469,0.30508,0.50415,0.21209,1.7837,1.964,1.7408,0.79407,0.37286,31.321,43.401,56.385,1622.3,0.92023,36379,2.5696,1616.6,0.76281,36923,3.4564,1573.1,1.3877,33426,4.8736,1573.1,0.97818,35040,4.8321,-0.35215,1.4936,-0.15742,-3.0296,-8.1182,0.46749,-3.0296,-3.6801,0.057951
0.096807,0.086611,0.1186,0.009874,0.040554,0.087122,0.27407,28.928,6.2734,1.8536,0.71496,22.432,5.9256,1.3052,0.0038283,0.38215,1.2867,0.35209,1.3878,0.62081,0.55174,0.92096,0.29642,39.409,40.202,48.853,1552,0.91429,34827,3.2538,1614.6,1.0748,35564,3.3237,1571,1.3581,33493,4.3285,1571,0.89451,35334,4.2855,4.037,2.1187,0.16049,1.2236,-3.8295,0.44385,1.2236,1.4569,-0.019782
0.073087,0.049268,0.071972,0.055327,0.02988,0.087898,0.44116,23.267,7.4248,1.3837,1.017,29.146,4.0241,1.3123,0.0042618,0.17127,0.6995,0.29807,1.2817,1.0258,1.7384,0.86274,0.57291,37.611,50.938,44.289,1595.2,0.73568,36550,3.0019,1613.9,0.76549,36849,3.9672,1546.2,1.1119,33911,3.9911,1546.2,0.73843,35416,3.9851,1.1706,0.81848,0.02981,-3.0728,-7.2211,0.37626,-3.0728,-3.104,0.0027527
0.088394,0.041859,0.1257,0.059777,0.030873,0.042353,0.3575,28.12,6.2324,0.98865,0.75506,24.273,9.2866,1.2926,0.0096916,0.16076,1.4177,0.36587,1.5836,1.4293,1.8422,0.5402,0.37023,35.256,42.121,45.529,1620.2,0.79275,36876,2.811,1630,0.81939,36984,3.3574,1586.9,1.2997,34061,4.031,1586.9,1.0228,35166,4.0529,0.60455,0.29209,0.026647,-2.0531,-7.6354,0.50698,-2.0531,-4.6394,0.23006
0.11543,0.086874,0.11833,0.025788,0.030836,0.08965,0.64913,26.276,6.5205,0.56938,1.0163,32.087,4.3896,1.2503,0.01187,0.29368,1.4304,0.4057,1.1797,1.1755,0.89823,0.55758,0.67961,39.233,43.653,45.648,1630.1,1.0117,36167,3.1088,1607.8,1.1345,35170,3.5911,1542.3,1.4171,32661,4.1925,1542.3,0.99433,34290,4.1697,-1.3662,-2.757,0.1228,-5.3823,-9.6942,0.40541,-5.3823,-5.1911,-0.017414
0.067995,0.049302,0.10476,0.054679,0.030988,0.063666,0.36765,27,4.9539,1.2865,1.5922,27.822,8.19,1.2133,0.013613,0.15453,1.0306,0.4336,1.182,0.56463,0.58492,0.63137,0.34191,38.155,50.581,48.993,1594.5,0.7968,36273,3.0541,1618.9,0.72629,37134,3.9194,1604.6,0.90402,36051,4.1062,1604.6,0.72738,36802,4.1524,1.5321,2.3726,-0.070507,0.63779,-0.61204,0.10722,0.63779,1.458,-0.069424
0.1117,0.069098,0.14092,0.032341,0.030122,0.034068,0.47921,26.633,7.514,1.8469,1.416,29.669,4.2911,1.26,0.0074149,0.35197,1.3327,0.18193,1.0057,0.76777,1.9294,0.70746,0.2813,31.013,48.118,46.051,1586.1,0.96919,35365,2.6166,1618.6,1.0826,35620,3.8583,1593,1.5626,33180,4.1317,1593,1.1927,34614,4.1255,2.0519,0.72013,0.1134,0.43753,-6.1789,0.59341,0.43753,-2.1241,0.22349
0.13803,0.053455,0.1071,0.044441,0.042627,0.048716,0.7361,22.883,4.5499,0.50922,0.60593,24.922,9.6522,1.205,0.011066,0.32447,1.2036,0.34859,1.6475,0.75318,0.86414,0.8017,0.69394,30.692,50.68,57.238,1608.4,1.1025,35314,2.584,1623,0.9868,36114,3.9939,1600.8,1.3083,34323,4.8214,1600.8,0.94341,35800,4.7946,0.90477,2.2653,-0.1157,-0.476,-2.8055,0.20579,-0.476,1.3752,-0.15909
0.11427,0.060971,0.090137,0.024683,0.043796,0.076056,0.33225,24.688,7.2532,1.6196,0.60355,27.402,6.1037,1.0143,0.014129,0.30741,0.53353,0.19609,1.8466,1.2435,0.99,0.67813,0.47894,30.833,48.009,45.011,1556.5,0.89513,35006,2.6389,1599.6,0.91715,35883,3.8486,1548.1,1.3573,33009,4.112,1548.1,1.022,34309,4.1174,2.7677,2.5048,0.022019,-0.53795,-5.7047,0.46219,-0.53795,-1.9923,0.12686
0.094284,0.06721,0.066565,0.047458,0.043614,0.067736,0.36684,28.958,7.3995,1.4376,0.70827,30.363,4.855,1.2288,0.0087547,0.13034,1.4679,0.27029,1.9278,0.64878,1.1517,0.84049,0.45325,37.328,45.973,59.196,1575.4,0.79929,35829,3.0349,1609.2,0.9552,35939,3.6981,1581.3,1.2501,34134,4.9984,1581.3,0.87953,35628,4.9652,2.1457,0.30796,0.15591,0.37572,-4.7311,0.45079,0.37572,-0.55905,0.080244
0.13153,0.064775,0.13918,0.0046055,0.03839,0.046188,0.51844,22.316,5.5393,1.8624,1.3647,27.7,7.1911,1.1468,0.0093516,0.23068,0.99679,0.30886,1.6,1.0425,1.3617,0.70786,0.25926,37.784,50.059,54.096,1541.5,1.1378,33708,3.2142,1620.3,1.0322,35866,3.9718,1588.7,1.5666,33075,4.7246,1588.7,1.2488,34298,4.721,5.1116,6.4026,-0.10561,3.0587,-1.8778,0.42876,3.0587,1.7501,0.11099
0.094087,0.051749,0.11018,0.045369,0.030752,0.072196,0.41758,24.367,5.2075,0.99496,0.52567,32.015,9.7013,1.3148,0.0032247,0.34486,0.66169,0.33023,1.1583,1.8379,1.6899,0.845,0.67242,34.135,50.41,50.005,1602.8,0.87182,36146,2.7824,1646.9,0.74625,37687,3.8474,1542.8,1.1642,33633,4.4277,1542.8,0.76476,35230,4.4019,2.7476,4.2646,-0.12556,-3.7448,-6.9512,0.2924,-3.7448,-2.5349,-0.10705
0.099064,0.088495,0.10425,0.0090415,0.041868,0.078776,0.28595,24.229,7.9171,1.211,0.8252,26.24,9.346,1.0849,0.010421,0.28097,1.1978,0.37819,1.9559,0.58921,0.74413,0.79683,0.62705,36.793,48.307,56.405,1589.2,0.91933,35640,2.9991,1620.1,0.96058,36160,3.8325,1596.8,1.3022,34263,4.7725,1596.8,0.86099,36056,4.7199,1.9453,1.4579,0.041252,0.48245,-3.8641,0.38292,0.48245,1.167,-0.058334
0.12525,0.049919,0.091695,0.058548,0.025711,0.054072,0.2685,28.246,6.1501,0.78416,0.97307,44.527,4.9781,1.2239,0.010632,0.26226,1.4958,0.43697,1.6091,1.1047,0.56496,0.8777,0.66799,33.813,43.853,55.281,1634.3,0.92063,36646,2.7174,1632,0.95161,36464,3.5031,1592.8,1.1371,34833,4.6478,1592.8,0.84065,36051,4.6479,-0.13733,-0.49618,0.030979,-2.5352,-4.9483,0.21647,-2.5352,-1.6233,-0.079984
0.060143,0.033127,0.058896,0.051203,0.027432,0.055928,0.35798,24.641,7.9636,1.9013,1.4593,40.404,4.9167,1.1944,0.010866,0.34501,0.68173,0.1723,1.8206,1.4613,0.71531,0.62079,0.24859,34.745,45.079,50.475,1589.3,0.63685,36840,2.7975,1627.5,0.60278,37876,3.5016,1570.3,0.83417,35568,4.2763,1570.3,0.71131,36083,4.3395,2.4007,2.8115,-0.034071,-1.1975,-3.4528,0.19732,-1.1975,-2.0565,0.074457
0.13949,0.077463,0.14652,0.016608,0.041318,0.042681,0.36246,28.792,5.9193,1.3205,1.656,30.078,9.5124,1.2956,0.0033885,0.37932,1.3713,0.28162,1.3536,1.3087,0.76358,0.65474,0.41407,38.166,51.63,55.758,1584.5,1.1223,34711,3.15,1644.5,1.0691,36246,4.0297,1592.8,1.4196,33721,4.78,1592.8,1.0951,35002,4.7707,3.7833,4.4232,-0.053198,0.52291,-2.8505,0.29729,0.52291,0.83848,-0.02714
0.11622,0.030269,0.13654,0.029873,0.044725,0.07008,0.57022,27.685,6.2146,0.50333,1.1469,40.99,8.8539,1.3237,0.0082791,0.15384,1.3885,0.23237,1.7561,0.88475,1.7403,0.71204,0.63485,32.832,49.478,52.697,1626.3,0.89269,36585,2.6593,1634.4,0.86041,36907,3.8483,1591.2,1.4032,33751,4.5612,1591.2,0.96799,35486,4.5193,0.50176,0.88024,-0.032279,-2.1526,-7.7474,0.51054,-2.1526,-3.0052,0.075305
0.13968,0.050213,0.080771,0.033719,0.028469,0.030533,0.53421,24.919,6.41,1.6388,1.2182,34.388,8.2462,1.2739,0.013231,0.21518,0.91411,0.31292,1.8026,0.50069,1.6408,0.93851,0.65193,34.078,48.123,58.882,1591.3,0.99211,35388,2.8241,1632.1,0.91921,36603,3.7803,1624.7,1.3226,34780,4.8694,1624.7,0.95211,36298,4.8379,2.5636,3.4355,-0.072901,2.0986,-1.7179,0.33045,2.0986,2.5736,-0.039994
0.063236,0.03107,0.091787,0.049159,0.038541,0.054299,0.47459,23.603,6.076,1.4719,0.50802,29.771,8.5978,1.0102,0.0036002,0.3248,1.4593,0.23072,1.2725,1.0882,1.4339,0.83006,0.24361,31.935,48.156,46.56,1569.3,0.6704,36234,2.6484,1633.9,0.68442,37662,3.7118,1586.9,0.94424,35486,3.9968,1586.9,0.77791,36181,4.0492,4.1129,3.942,0.014012,1.1182,-2.0629,0.27384,1.1182,-0.1464,0.1075
0.12861,0.08384,0.096237,0.011062,0.040816,0.038147,0.61431,28.039,7.1106,1.349,0.86442,27.223,4.7294,1.3442,0.0063131,0.33261,1.3447,0.17421,1.6969,0.80584,0.52275,0.50456,0.64891,38.591,42.16,46.894,1584.3,0.98923,35245,3.1487,1615.8,1.1772,35171,3.4818,1585,1.5016,33244,4.1946,1585,1.1417,34643,4.1897,1.9837,-0.20818,0.18795,0.043518,-5.6773,0.51237,0.043518,-1.7058,0.15251
0.13335,0.071055,0.11982,0.0054103,0.033488,0.083637,0.58186,28.818,5.8764,0.64011,1.2109,33.237,5.2716,1.1496,0.0071686,0.29834,1.2285,0.30271,1.179,1.3619,1.7363,0.81838,0.62771,37.059,44.371,52.241,1626.3,1.0379,35976,2.9747,1620.4,1.0869,35643,3.5994,1541,1.5059,32304,4.7118,1541,0.99345,34264,4.6431,-0.36289,-0.92575,0.048972,-5.2469,-10.204,0.46805,-5.2469,-4.7578,-0.044435
0.085952,0.064057,0.13707,0.047628,0.043471,0.076465,0.69652,25.943,6.9869,1.3058,0.72922,28.584,3.0913,1.0905,0.011564,0.28945,1.0947,0.34421,1.1859,1.1056,0.64441,0.60754,0.32384,33.061,47.99,51.601,1570.9,0.84476,35537,2.759,1586.8,1.0271,35144,3.9106,1537.4,1.3325,32873,4.6161,1537.4,1.0019,34150,4.6111,1.0126,-1.1053,0.18235,-2.1308,-7.4953,0.48777,-2.1308,-3.902,0.1571
0.073971,0.077632,0.10097,0.034156,0.035913,0.057978,0.50354,26.39,6.8286,1.4594,0.60634,35.278,9.6563,1.2304,0.0070108,0.249,1.4144,0.18935,1.754,0.9301,0.82889,0.78248,0.29057,33.532,49.909,45.074,1583.8,0.80472,35997,2.7603,1640.1,0.8088,37260,3.8485,1598.2,1.1202,35017,3.9182,1598.2,0.84122,36169,3.9389,3.5555,3.5061,0.0040857,0.90577,-2.7235,0.31552,0.90577,0.47702,0.036499
0.060296,0.088816,0.079427,0.023589,0.038687,0.051202,0.65973,27.642,6.5174,0.76538,0.56936,32.145,4.7405,1.1195,0.014005,0.21084,0.54403,0.30011,1.1318,0.62243,0.74808,0.77376,0.40924,34.708,42.724,52.392,1618.4,0.76761,36945,2.7722,1604.8,0.79836,36503,3.4454,1592.9,1.0676,35115,4.4232,1592.9,0.71106,36603,4.4073,-0.84064,-1.1962,0.030748,-1.5781,-4.9525,0.30003,-1.5781,-0.92464,-0.056553
0.13655,0.089002,0.0596,0.015858,0.03896,0.035917,0.63195,24.611,7.7615,1.3437,0.89027,37.635,3.7079,1.0728,0.013299,0.21936,1.1644,0.29149,1.1924,0.5978,0.88443,0.69519,0.62246,30.442,39.616,50.24,1586.5,1.0122,35199,2.5847,1609.7,1.134,35213,3.3083,1602,1.3061,34360,4.3256,1602,0.9657,35736,4.32,1.4586,0.039005,0.12185,0.97774,-2.3859,0.29387,0.97774,1.5236,-0.046486
0.063513,0.039439,0.10053,0.029543,0.029896,0.077149,0.49962,25.059,4.8877,0.92097,0.53325,44,8.3795,1.1075,0.014712,0.32926,0.9819,0.1769,1.3696,0.77729,1.0258,0.50907,0.59803,36.986,47.395,50.983,1605.4,0.71886,36857,2.9371,1629.8,0.6434,37750,3.6595,1598.1,0.93557,35773,4.269,1598.1,0.6982,36777,4.2939,1.5204,2.4226,-0.075465,-0.45659,-2.9414,0.21671,-0.45659,-0.21544,-0.020657
0.10702,0.052416,0.088826,0.034367,0.027708,0.05132,0.40244,23.161,7.6272,0.635,1.3906,30.483,6.3667,1.3337,0.006487,0.22892,0.92879,0.21346,1.8525,0.56728,1.2346,0.85482,0.45356,35.692,43.991,48.957,1637.1,0.88289,36872,2.83,1631.8,0.85825,36858,3.4882,1604.1,1.2644,34568,4.2171,1604.1,0.94071,35885,4.2188,-0.32539,-0.038898,-0.024643,-2.019,-6.2475,0.3815,-2.019,-2.6757,0.057822
0.097501,0.088898,0.099048,0.046365,0.039052,0.047692,0.39442,25.901,7.5799,0.57816,0.62213,40.539,8.7421,1.0828,0.0082817,0.10603,0.88326,0.25345,1.0888,1.4406,1.6643,0.60815,0.56507,36.905,45.151,49.708,1634.1,0.89516,36752,2.9188,1636,0.86206,36936,3.5574,1588.5,1.2353,34346,4.3023,1588.5,0.87728,35799,4.2915,0.11423,0.50088,-0.033105,-2.7946,-6.5445,0.34012,-2.7946,-2.592,-0.017884
0.061124,0.079795,0.11858,0.055245,0.043828,0.069166,0.68168,26.586,6.0799,0.63336,0.62994,36.159,5.3443,1.2237,0.0073943,0.38481,1.0354,0.31651,1.179,1.6635,1.0692,0.90915,0.26317,35.796,47.625,54.013,1614.4,0.79672,36728,2.8582,1621.9,0.80062,36882,3.7368,1539.3,1.1658,33550,4.7281,1539.3,0.78622,35061,4.7008,0.46532,0.41952,0.0039045,-4.6541,-8.6507,0.36909,-4.6541,-4.5371,-0.010498
0.079163,0.051653,0.13683,0.048909,0.031497,0.062388,0.43788,27.435,5.3999,0.68092,1.6711,33.967,3.738,1.2273,0.0092258,0.24721,1.3732,0.4358,1.2817,1.686,0.70925,0.83424,0.30285,31.284,38.55,54.617,1624.8,0.86669,36664,2.5527,1613.5,0.87965,36353,3.1661,1541.9,1.1526,33658,4.7591,1541.9,0.84756,34870,4.7572,-0.69786,-0.84768,0.012964,-5.1063,-8.199,0.28589,-5.1063,-4.8946,-0.019126
0.10176,0.062498,0.10629,0.0011649,0.029389,0.07138,0.25171,23.907,6.0226,1.5894,1.2598,36.147,5.4506,1.0939,0.010899,0.17359,0.65678,0.22788,1.2589,0.74122,0.84946,0.88913,0.24975,36.159,42.709,53.358,1586,0.94193,35477,2.9664,1620.7,0.85472,36621,3.4252,1590,1.1754,34617,4.5347,1590,0.90191,35731,4.5458,2.1834,3.2256,-0.087206,0.24888,-2.4228,0.23347,0.24888,0.71634,-0.040015
0.089868,0.042409,0.082183,0.0034997,0.026065,0.050719,0.41777,24.278,5.63,1.3588,0.74438,33.622,8.7956,1.0514,0.011112,0.25573,1.1113,0.19409,1.9651,0.6089,0.79246,0.81365,0.54212,37.499,46.867,52.331,1601.5,0.8085,36384,2.9989,1632.4,0.76276,37285,3.652,1615.6,1.0385,35735,4.3475,1615.6,0.79074,36780,4.3676,1.9307,2.4768,-0.045733,0.87808,-1.7837,0.23002,0.87808,1.0875,-0.017758
0.076867,0.06691,0.088672,0.0057581,0.036926,0.066204,0.3898,27.698,7.3271,0.8481,0.6801,38.954,7.4277,1.2018,0.0044916,0.25841,1.1172,0.23211,1.6277,1.5209,1.3086,0.80901,0.45759,38.892,45.023,45.204,1620.5,0.76554,37001,3.047,1640.1,0.7723,37418,3.5161,1562.5,1.1332,34185,4.0208,1562.5,0.79975,35534,4.0253,1.2081,1.1282,0.0067558,-3.5799,-7.611,0.3677,-3.5799,-3.9645,0.03421
0.13793,0.087877,0.070646,0.032118,0.040663,0.084421,0.46826,26.291,6.5298,0.53901,1.1875,42.813,9.4202,1.1688,0.011604,0.25881,1.3328,0.20669,1.3362,1.6879,0.54241,0.88287,0.22728,37.666,48.101,44.229,1625.3,1.0534,35887,3.0214,1631.1,1.0121,36190,3.8074,1537.3,1.1913,33408,4.0337,1537.3,0.92275,34462,4.0602,0.36103,0.8426,-0.041336,-5.4154,-6.9085,0.13785,-5.4154,-3.9711,-0.13065
0.082422,0.06078,0.07998,0.016614,0.033177,0.072502,0.3631,22.258,7.2503,0.68682,1.38,39.841,8.4678,1.2367,0.0099216,0.33069,0.85312,0.19965,1.0938,1.0966,0.74839,0.91774,0.39471,32.185,42.586,57.232,1623.4,0.82743,36801,2.6076,1636.2,0.73155,37509,3.3531,1581.8,0.94886,35353,4.7499,1581.8,0.70517,36372,4.7652,0.78838,1.9238,-0.095874,-2.5665,-3.934,0.12143,-2.5665,-1.1641,-0.12226
0.12978,0.03919,0.1277,0.012109,0.031898,0.083234,0.36715,26.884,5.8412,0.76186,1.1954,32.172,9.8812,1.1876,0.0042215,0.38382,0.87454,0.2873,1.5544,0.50067,1.7606,0.66776,0.45141,33.474,43.606,45.046,1620.1,0.97033,36120,2.7284,1643.1,0.86158,37098,3.4396,1608.6,1.3964,34145,3.9713,1608.6,1.0867,35383,3.9843,1.4165,2.7071,-0.10874,-0.71322,-5.4684,0.4261,-0.71322,-2.0423,0.11636
0.10737,0.079403,0.079396,0.045629,0.030798,0.075064,0.71656,28.687,6.5223,0.51709,1.623,35.639,7.0122,1.0485,0.01437,0.344,0.89125,0.21387,1.9011,1.9363,1.3024,0.74046,0.31397,32.636,45.007,50.481,1637.8,0.92865,36691,2.6346,1618.5,0.90397,36362,3.5976,1526.5,1.3297,32651,4.5654,1526.5,1.0086,33882,4.5657,-1.1815,-0.8976,-0.024673,-6.7964,-11.012,0.40104,-6.7964,-7.6574,0.079957
0.1109,0.050309,0.11622,0.033735,0.03447,0.070916,0.34142,22.148,5.543,0.68842,1.1962,27.971,6.7193,1.1906,0.0055842,0.32116,1.4493,0.17897,1.8579,1.4843,0.86229,0.54121,0.40687,33.452,46.163,46.501,1611.3,0.98648,35855,2.7452,1625.2,0.95783,36286,3.6752,1546.6,1.3351,33061,4.2177,1546.6,1.0687,34091,4.2422,0.86553,1.2014,-0.028646,-4.0105,-7.7915,0.34861,-4.0105,-4.9202,0.082209
0.12942,0.041723,0.13768,0.016589,0.043366,0.070456,0.6165,27.769,4.5236,1.1291,0.81662,25.34,4.358,1.0723,0.014726,0.25793,0.67248,0.40632,1.8049,0.92077,1.3195,0.751,0.55773,33.984,38.146,58.881,1575.4,0.99426,35025,2.8466,1584.8,1.0323,35080,3.2325,1555.9,1.6169,32207,5.1958,1555.9,1.1504,33972,5.1273,0.60053,0.15853,0.037997,-1.2379,-8.0439,0.62266,-1.2379,-3.0052,0.15614
0.12258,0.048778,0.092291,0.023608,0.043603,0.044234,0.3812,26.738,6.4777,1.3204,0.59717,26.406,6.9144,1.2648,0.0047164,0.21541,0.52174,0.34346,1.1033,1.3792,0.62933,0.81872,0.40934,37.836,47.344,59.008,1579,0.89635,35507,3.0852,1625.8,0.87337,36657,3.7297,1575.6,1.1316,34478,4.9592,1575.6,0.88399,35482,4.9718,2.9616,3.2373,-0.022976,-0.21431,-2.8979,0.23526,-0.21431,-0.070682,-0.012358
0.071827,0.042173,0.092146,0.040677,0.03303,0.071054,0.34151,25.31,5.8893,0.88586,0.86768,24.132,8.0008,1.2792,0.0040033,0.18019,0.68958,0.3123,1.9315,0.70381,0.86825,0.90143,0.68681,38.193,43.757,49.737,1611.9,0.74153,36907,3.011,1630.2,0.69637,37525,3.4337,1588.4,1.051,35082,4.2459,1588.4,0.6973,36557,4.2357,1.1386,1.6748,-0.045157,-1.459,-4.9443,0.30946,-1.459,-0.94734,-0.044229
0.079492,0.033745,0.062391,0.0083413,0.033652,0.088461,0.61862,27.583,6.9485,1.9972,1.0824,34.112,5.6635,1.2948,0.013796,0.17319,1.0673,0.32631,1.8789,1.209,0.88164,0.71652,0.67967,39.195,38.372,55.349,1557,0.69703,35838,3.1757,1612.4,0.71077,37052,3.1162,1548.6,0.95079,34604,4.7192,1548.6,0.71747,35559,4.741,3.5551,3.3886,0.013735,-0.54089,-3.4421,0.25376,-0.54089,-0.77873,0.020439
0.10547,0.070744,0.078693,0.046578,0.02715,0.034542,0.63621,26.507,6.9846,1.0571,1.037,40.223,3.1163,1.0447,0.0098215,0.18406,1.374,0.37104,1.8035,0.65088,1.0119,0.75518,0.50581,35.797,40.122,45.108,1622.6,0.88987,36516,2.8638,1620,0.99402,36018,3.2873,1605.5,1.2802,34537,3.9492,1605.5,0.9204,36003,3.9467,-0.1633,-1.3639,0.10414,-1.054,-5.4185,0.39028,-1.054,-1.4048,0.030529
0.10194,0.067029,0.083495,0.044995,0.039923,0.06667,0.44612,24.08,5.2911,1.7136,1.9209,44.86,8.465,1.3398,0.012802,0.36743,1.3565,0.36533,1.3865,1.5478,0.5299,0.67733,0.37063,31.778,38.467,53.719,1546.8,0.97837,34453,2.7391,1632.7,0.84516,36935,3.1152,1566,1.0234,34699,4.5777,1566,0.81979,35530,4.612,5.5557,7.2037,-0.13321,1.2399,0.71303,0.045007,1.2399,3.1253,-0.15858
0.11696,0.035929,0.069201,0.011348,0.034874,0.057623,0.7227,25.734,4.9487,1.0577,0.57246,30.566,6.0268,1.0175,0.009189,0.39062,1.2516,0.22043,1.3222,1.2308,1.7171,0.84858,0.27509,38.679,47.774,50.594,1593.1,0.87797,35902,3.1112,1617.4,0.89505,36376,3.7841,1570.3,1.151,34284,4.3878,1570.3,0.95088,35087,4.4272,1.5226,1.321,0.017078,-1.4366,-4.5057,0.27299,-1.4366,-2.2687,0.072908
0.12199,0.077188,0.1072,0.049967,0.03551,0.076609,0.66767,28.54,7.7086,0.71115,0.77099,33.619,9.4771,1.2062,0.0068574,0.21504,1.1895,0.35378,1.5445,0.8001,0.70279,0.79332,0.43934,30.301,48.681,51.152,1628,0.93972,36424,2.4958,1635.4,0.96288,36493,3.8223,1592.1,1.2453,34385,4.3972,1592.1,0.93271,35650,4.3988,0.45855,0.18873,0.023157,-2.2048,-5.5975,0.30554,-2.2048,-2.1251,-0.0070112
0.095465,0.069242,0.11211,0.044782,0.028016,0.056387,0.67631,28.251,5.7989,1.4645,0.55042,31.555,5.0377,1.1659,0.0090918,0.22813,0.70396,0.30354,1.581,0.54115,1.8698,0.61861,0.58524,37.495,43.813,59.206,1596.7,0.8706,36012,3.0219,1618.2,0.89006,36415,3.514,1597.8,1.4316,33780,5.0142,1597.8,0.97893,35587,4.9514,1.349,1.1196,0.019461,0.072518,-6.1967,0.56104,0.072518,-1.1798,0.10833
0.078753,0.030091,0.14966,0.021943,0.03043,0.088197,0.4145,22.506,6.2525,0.62637,1.7138,23.184,6.6615,1.2088,0.010411,0.20359,1.1318,0.19058,1.8093,0.91439,1.3028,0.82253,0.61525,37.893,43.136,59.783,1621,0.84003,36691,2.9964,1609.6,0.788,36655,3.4602,1559.1,1.3378,33317,5.1451,1559.1,0.874,35151,5.0748,-0.70305,-0.098308,-0.052028,-3.817,-9.1944,0.4978,-3.817,-4.197,0.033973
0.1374,0.048656,0.059372,0.020703,0.035806,0.049747,0.59299,25.75,7.2176,0.73167,0.52231,32.391,4.147,1.106,0.0098616,0.15446,0.92334,0.23237,1.1586,0.56162,0.64379,0.72561,0.20136,34.703,44.186,53.429,1625.1,0.91143,36480,2.7906,1609.7,1.0099,35722,3.59,1593.4,1.1566,34767,4.5236,1593.4,0.98205,35476,4.5683,-0.95073,-2.0766,0.098465,-1.9501,-4.6947,0.24518,-1.9501,-2.7511,0.070619
0.09509,0.043439,0.12552,0.0012756,0.029764,0.077464,0.38055,25.684,5.9983,0.50132,0.6045,42.575,4.7572,1.0252,0.013379,0.24983,1.1499,0.16812,1.6058,1.4353,1.2821,0.53931,0.26621,37.417,51.301,53.287,1633.5,0.83111,37014,2.9398,1620.1,0.82781,36723,3.9949,1551.3,1.2728,33399,4.6765,1551.3,1.0647,34209,4.7114,-0.82438,-0.78628,-0.0032928,-5.0351,-9.7669,0.44166,-5.0351,-7.5768,0.23356
0.069175,0.040148,0.13217,0.027114,0.031992,0.057967,0.72441,24.741,4.6774,1.1206,0.68086,26.686,6.3202,1.0481,0.0035414,0.30589,1.1019,0.26637,1.4117,0.5072,0.80971,0.58948,0.55113,39.648,38.5,47.715,1590.6,0.78194,36247,3.1596,1623.1,0.77157,37034,3.1185,1597.4,1.0734,35190,4.0891,1597.4,0.78767,36379,4.1037,2.046,2.1699,-0.010378,0.43063,-2.9149,0.29147,0.43063,0.36347,0.0057268
0.074555,0.040335,0.12991,0.041611,0.044222,0.056459,0.69578,24.151,4.7597,1.4096,0.80456,40.32,4.2798,1.2978,0.0036363,0.38785,0.55931,0.22236,1.492,1.1587,0.68261,0.5248,0.68833,35.753,49.779,57.596,1548.6,0.81281,35164,2.9803,1630.1,0.68812,37557,3.8285,1573.5,1.0672,34689,4.8429,1573.5,0.75947,35953,4.835,5.2602,6.8066,-0.1247,1.6092,-1.3499,0.25438,1.6092,2.2444,-0.053345
0.085868,0.045938,0.065197,0.023793,0.04022,0.081085,0.60619,27.218,5.3583,1.8697,0.54954,23.279,8.0032,1.2118,0.0088919,0.11902,1.2166,0.21133,1.4592,0.54143,0.54034,0.84739,0.29754,35.331,45.317,59.696,1537.3,0.76637,35097,2.962,1614.7,0.79851,36726,3.5982,1588.3,0.94663,35507,4.8996,1588.3,0.75686,36301,4.9319,5.0369,4.6432,0.032141,3.3161,1.1685,0.18026,3.3161,3.4311,-0.0095104
0.12812,0.039286,0.07607,0.059887,0.03436,0.087121,0.57745,24.072,4.8211,1.4317,0.91572,40.924,7.7082,1.0886,0.014773,0.24911,1.0687,0.44819,1.0016,0.99391,1.7093,0.78495,0.32018,39.711,46.293,45.919,1567.3,0.97308,34930,3.2576,1621.4,0.86582,36590,3.6671,1575.8,1.0549,34790,4.0135,1575.8,0.88566,35480,4.0666,3.4553,4.7535,-0.10725,0.54652,-0.40224,0.081816,0.54652,1.5733,-0.087413
0.095402,0.049768,0.10662,0.020626,0.028615,0.069754,0.40831,24.386,6.104,0.80348,0.81735,27.409,8.529,1.2892,0.0055027,0.11006,1.4202,0.27564,1.8857,0.9988,1.1895,0.81296,0.24869,33.54,51.934,58.097,1620.5,0.85671,36608,2.709,1634.9,0.85519,36942,4.0089,1581.2,1.2516,34125,4.9215,1581.2,1.0004,35129,4.9345,0.8929,0.91081,-0.0015232,-2.4245,-6.7831,0.39491,-2.4245,-4.041,0.14372
0.077716,0.084697,0.058107,0.00060866,0.02851,0.051132,0.51358,23.512,5.383,0.79612,1.0534,22.679,3.3971,1.2791,0.010298,0.1589,1.3243,0.21107,1.707,0.76348,1.3604,0.55457,0.20611,30.352,51.216,50.242,1616.4,0.89837,36339,2.5093,1589.7,1.1483,34719,4.1644,1563.2,1.5294,32682,4.5067,1563.2,1.1387,34178,4.4851,-1.6528,-4.4596,0.24996,-3.2913,-10.064,0.63104,-3.2913,-5.947,0.24033
0.089446,0.038095,0.11973,0.044934,0.041137,0.07539,0.32334,23.684,7.0332,0.73137,0.52165,40.204,5.4442,1.3407,0.010913,0.37312,1.3059,0.35564,1.7414,0.50432,0.61577,0.92854,0.31605,30.012,41.005,51.281,1613.7,0.77992,36783,2.4684,1622.9,0.78483,36972,3.289,1600.9,1.0665,35295,4.3242,1600.9,0.84928,36196,4.3561,0.57134,0.51367,0.0049096,-0.79495,-4.0458,0.2866,-0.79495,-1.5947,0.069362
0.11488,0.056184,0.064444,0.027769,0.030181,0.069155,0.63614,25.204,6.876,0.60166,0.75995,40.272,2.9609,1.0693,0.0085797,0.15746,0.92399,0.43134,1.8288,0.95783,0.50451,0.66024,0.61633,37.615,44.85,44.398,1632,0.87846,36776,2.9661,1617,0.92345,36247,3.5955,1573.6,1.1602,34320,3.9435,1573.6,0.8999,35370,3.9714,-0.92099,-1.4384,0.044999,-3.5826,-6.6794,0.28176,-3.5826,-3.8231,0.021449
0.1169,0.081387,0.097644,0.013114,0.027976,0.062048,0.4885,22.764,5.6034,0.58079,1.3612,28.293,7.8482,1.1455,0.0085968,0.33326,1.2876,0.25347,1.9918,1.7825,0.67619,0.53361,0.60748,38.527,38.722,48.504,1624.6,1.0817,35755,3.0877,1628.3,1.0218,36085,3.1827,1550.4,1.3801,32972,4.3675,1550.4,1.0346,34309,4.3635,0.22631,0.92349,-0.059901,-4.5655,-7.784,0.29835,-4.5655,-4.0439,-0.047108
0.072696,0.041716,0.13613,0.018151,0.029239,0.066323,0.47367,23.13,6.2802,1.1406,1.8481,22.377,3.5899,1.0723,0.013731,0.1203,1.3278,0.41209,1.4694,1.0076,1.3128,0.8862,0.65426,39.521,47.534,57.794,1603.5,0.83663,36310,3.1385,1577.8,0.97949,35138,3.8872,1546.2,1.3873,32855,5.0614,1546.2,0.82243,35070,4.9578,-1.607,-3.2284,0.14286,-3.5754,-9.5157,0.55063,-3.5754,-3.4156,-0.014198
0.12326,0.044799,0.071958,0.040935,0.044705,0.068584,0.49526,27.64,7.0492,0.6021,1.3758,28.493,4.6599,1.0904,0.0074296,0.19819,0.69662,0.35913,1.0706,0.80516,1.4424,0.87013,0.56295,33.508,41.754,48.695,1624.1,0.88166,36584,2.7059,1604.6,0.94212,35891,3.4172,1569.6,1.187,34128,4.2664,1569.6,0.88003,35363,4.2736,-1.2021,-1.8944,0.060464,-3.3559,-6.7133,0.30534,-3.3559,-3.3376,-0.0016289
0.13256,0.043166,0.084777,0.047767,0.031365,0.03556,0.32383,25.422,6.9515,1.3191,0.9895,40.119,3.2632,1.0634,0.013084,0.27016,1.1246,0.35171,1.9269,0.65778,1.9185,0.54885,0.27973,37.711,49.734,45.243,1605,0.92649,35965,3.0337,1615,0.97196,36000,3.9448,1604.7,1.4181,33978,4.0012,1604.7,1.2057,34816,4.0432,0.62604,0.095959,0.045475,-0.016807,-5.5236,0.49166,-0.016807,-3.1938,0.27917
0.081781,0.071564,0.098592,0.037701,0.038403,0.086522,0.33679,22.656,5.3407,1.3019,0.76286,24.742,4.9896,1.3144,0.013953,0.38244,0.83656,0.26693,1.6901,1.2515,0.57868,0.78235,0.68232,38.21,50.86,51.207,1570.6,0.9102,35262,3.1309,1596.3,0.9024,35872,4.0471,1530.1,1.2898,32877,4.5946,1530.1,0.81445,34737,4.5404,1.6373,1.7296,-0.0078029,-2.5825,-6.7625,0.37962,-2.5825,-1.4896,-0.095754
0.1015,0.054018,0.10086,0.030217,0.03004,0.056848,0.28195,24.058,5.6146,1.513,0.85456,43.514,8.053,1.2839,0.0081454,0.31169,0.64498,0.24628,1.9347,0.6421,1.8826,0.88487,0.38774,30.138,46.588,59.783,1586.9,0.90646,35643,2.5427,1643.9,0.76173,37551,3.6079,1614.8,1.3169,34590,4.96,1614.8,0.99026,35917,4.9429,3.5911,5.3545,-0.14474,1.7563,-2.9546,0.41048,1.7563,0.77066,0.083796
0.10024,0.048298,0.062004,0.039653,0.026939,0.074706,0.74982,24.156,4.6138,1.4302,1.4642,32.298,3.1296,1.2019,0.013496,0.18233,1.3968,0.15779,1.0953,1.0122,0.57871,0.78649,0.52039,38.879,47.855,56.645,1581.8,0.90593,35530,3.1539,1599.1,0.94926,35738,3.8486,1554.9,1.0761,34243,4.8367,1554.9,0.81438,35300,4.847,1.0933,0.58542,0.043327,-1.7014,-3.6227,0.1702,-1.7014,-0.64723,-0.09155
0.08859,0.031428,0.096485,0.053111,0.03716,0.079436,0.34105,28.513,6.7333,1.8813,0.73577,33.177,5.8827,1.3233,0.0069828,0.19453,1.3131,0.21301,1.755,1.2639,0.50955,0.56572,0.44037,36.164,42.898,48.005,1560.2,0.73572,35749,2.9692,1623.5,0.77547,37027,3.4114,1551.2,1.0045,34445,4.2099,1551.2,0.83228,35142,4.2607,4.0563,3.5738,0.039747,-0.58267,-3.647,0.26881,-0.58267,-1.6979,0.096562
0.11864,0.042488,0.10952,0.027562,0.033703,0.085623,0.63732,25.899,6.3365,1.6927,1.1601,44.796,6.0796,1.0735,0.0072703,0.2192,1.1636,0.18566,1.2044,1.7827,0.9727,0.5267,0.4509,39.799,43.935,58.476,1567.2,0.91755,35156,3.2502,1632.9,0.87746,36800,3.4872,1525.1,1.1591,33266,5.0953,1525.1,0.9462,34096,5.1225,4.1901,4.6773,-0.040093,-2.6909,-5.3743,0.24152,-2.6909,-3.0143,0.028648
0.067098,0.077017,0.14389,0.057605,0.038632,0.068951,0.55446,23.325,4.7446,1.9527,1.0771,35.093,7.6335,1.172,0.011579,0.33988,1.1648,0.41815,1.9143,1.5327,1.6144,0.65061,0.31871,37.898,50.018,48.316,1527.8,0.94418,34166,3.2045,1623.9,0.81144,36879,3.8951,1555.8,1.4418,32853,4.3587,1555.8,1.0642,34310,4.3448,6.2856,7.941,-0.13273,1.8279,-3.8421,0.49759,1.8279,0.42128,0.12
0.099865,0.089397,0.11631,0.0044447,0.028635,0.06497,0.37816,22.53,7.4236,1.3824,1.7705,40.555,7.1984,1.3045,0.0098159,0.31747,0.91072,0.34744,1.9072,0.88412,0.70727,0.88301,0.4007,36.881,44.077,52.465,1601,1.0071,35543,3.0026,1636.9,0.88395,36861,3.4899,1597.4,1.3067,34258,4.495,1597.4,0.90797,35872,4.4658,2.2378,3.7106,-0.12312,-0.22649,-3.6142,0.29963,-0.22649,0.92818,-0.099096
0.1156,0.053266,0.067864,0.038256,0.044641,0.067095,0.6739,26.984,5.8609,0.69043,1.6511,40.398,4.9859,1.1497,0.010804,0.17617,0.91783,0.16803,1.8784,1.4423,1.1952,0.90779,0.41076,35.881,50.678,58.651,1609.6,0.91145,36132,2.8974,1616.9,0.87131,36465,3.9741,1553.6,1.2195,33654,5.0368,1553.6,0.92548,34818,5.0328,0.45125,0.92171,-0.040147,-3.4792,-6.8576,0.30803,-3.4792,-3.6364,0.014021
0.096464,0.071121,0.082538,0.0074764,0.029762,0.066588,0.66449,23.884,6.4922,1.2882,1.9692,28.436,5.9968,1.1406,0.013995,0.1872,1.3443,0.15588,1.0632,0.93733,0.76069,0.70429,0.51992,30.362,48.745,54.66,1596.3,0.92881,35760,2.5474,1608.6,0.96422,35888,3.8908,1575,1.1459,34409,4.6596,1575,0.83739,35662,4.6564,0.77066,0.35701,0.035411,-1.3306,-3.7793,0.21705,-1.3306,-0.27494,-0.091412
0.068622,0.078399,0.12093,0.032373,0.036601,0.071205,0.53441,26.282,6.9476,1.4883,0.55902,25.405,7.9143,1.2979,0.011028,0.30059,1.4497,0.30309,1.762,1.0602,0.62782,0.59205,0.38687,39.374,49.963,58.755,1578.7,0.797,35914,3.1682,1619.1,0.86774,36530,3.9195,1569.7,1.1996,34081,4.9851,1569.7,0.88906,35329,4.9748,2.5585,1.7159,0.070733,-0.56913,-5.104,0.40262,-0.56913,-1.6306,0.092058
0.11163,0.037066,0.13597,0.0067244,0.039974,0.083708,0.43096,24.254,5.3711,1.1546,1.4759,42.9,5.9865,1.2748,0.012603,0.17029,0.85618,0.26851,1.0995,0.70292,1.2192,0.84708,0.53395,39.166,50.128,49.087,1579.2,0.96151,35243,3.1924,1621.9,0.82408,36780,3.9109,1590.2,1.191,34559,4.24,1590.2,0.88023,35826,4.2452,2.706,4.3618,-0.13743,0.69767,-1.9391,0.22949,0.69767,1.6538,-0.081281
0.10237,0.082285,0.077777,0.046805,0.039283,0.080402,0.40392,23.215,7.256,0.78016,0.70729,34.561,8.9272,1.2765,0.013773,0.156,0.70733,0.39488,1.1714,1.502,0.62889,0.78013,0.53707,36.958,45.481,58.998,1611.8,0.91809,36152,2.9679,1622.4,0.83692,36737,3.6024,1548.9,1.0719,34129,5.0215,1548.9,0.77257,35337,5.0144,0.66209,1.618,-0.08117,-3.8996,-5.598,0.15378,-3.8996,-2.2555,-0.14552
0.091667,0.04131,0.132,0.0090068,0.026751,0.035407,0.27736,25.93,6.8807,0.58746,1.5329,28.92,3.3282,1.2795,0.0079408,0.2511,0.89436,0.42725,1.5898,0.73865,0.77396,0.93889,0.52232,30.984,47.443,55.478,1643.7,0.85058,37159,2.5005,1610.8,0.88655,36263,3.7748,1588.4,1.2703,34207,4.7211,1588.4,0.86609,35844,4.6834,-2.0027,-2.4124,0.035968,-3.3655,-7.9454,0.41969,-3.3655,-3.54,0.015505
0.13081,0.089999,0.12522,0.055597,0.031077,0.04748,0.28964,28.867,7.9544,0.78521,1.1253,22.628,7.3266,1.0532,0.0098272,0.13492,0.57908,0.29777,1.7037,1.43,1.9101,0.71557,0.23441,35.603,49.81,50.265,1637.6,1.0215,36294,2.8527,1612.5,1.0983,35421,3.9937,1571.1,1.7944,31878,4.573,1571.1,1.3643,33473,4.5393,-1.5347,-2.4057,0.076795,-4.0606,-12.169,0.77289,-4.0606,-7.7736,0.3428
0.13757,0.038169,0.051535,0.059152,0.028664,0.051302,0.62128,26.224,7.5761,1.3664,0.89528,44.729,5.4264,1.3164,0.013057,0.16698,1.3869,0.42903,1.2337,1.1932,1.0916,0.57435,0.34932,36.323,44.127,45.943,1606.3,0.88142,36183,2.9268,1627.9,0.92218,36496,3.5226,1591.7,1.0328,35231,3.9685,1591.7,0.90815,35744,4.0344,1.3451,0.86566,0.040757,-0.90412,-2.6307,0.15137,-0.90412,-1.2118,0.026724
0.11104,0.070842,0.09561,0.0093921,0.036237,0.070243,0.49968,25.872,7.7066,0.5065,1.4436,26.5,5.2828,1.007,0.012056,0.27294,0.91986,0.22231,1.3989,1.4885,0.52902,0.59775,0.65243,32.984,51.412,48.444,1637.7,0.92678,36696,2.6577,1599.7,1.0397,35380,4.1184,1537.6,1.3103,32962,4.3769,1537.6,0.96165,34315,4.3716,-2.3167,-3.5883,0.11295,-6.111,-10.177,0.3835,-6.111,-6.4905,0.034867
0.10782,0.038044,0.080739,0.026878,0.039427,0.033293,0.73849,22.278,6.6068,0.98859,0.51545,40.486,4.9762,1.1822,0.0049692,0.25939,0.66647,0.19058,1.5057,1.447,1.3222,0.61217,0.27499,38.941,42.764,54.681,1596.3,0.84056,36129,3.1142,1633.6,0.78135,37230,3.3831,1590.2,1.1337,34789,4.6124,1590.2,0.96593,35471,4.6583,2.3364,3.046,-0.059204,-0.37824,-3.7088,0.29316,-0.37824,-1.8207,0.12537
0.13932,0.060385,0.10847,0.038483,0.041596,0.084735,0.44063,28.478,6.6112,0.80467,0.83246,37.92,8.9871,1.2011,0.0068266,0.30612,0.50368,0.29586,1.5676,1.0937,1.7542,0.63989,0.31274,37.287,50.752,50.934,1611.8,0.98699,35864,3.0058,1635.5,0.88302,36835,3.9373,1569.7,1.4276,33200,4.5048,1569.7,1.1674,34207,4.5252,1.4726,2.706,-0.10397,-2.6117,-7.4269,0.44063,-2.6117,-4.6218,0.18039
0.067657,0.053184,0.054289,0.048755,0.040322,0.082927,0.6952,27.212,4.5618,1.315,1.8522,30.525,7.2774,1.2124,0.014912,0.36574,0.90771,0.33586,1.6013,0.65338,1.1759,0.8434,0.44584,39.577,46.67,53.101,1564.8,0.76519,35730,3.2028,1611.1,0.6963,37085,3.6685,1585.8,0.92836,35527,4.4458,1585.8,0.68282,36561,4.4655,2.9613,3.7949,-0.068887,1.3437,-0.5657,0.16317,1.3437,2.3256,-0.082367
0.075989,0.037227,0.11561,0.015514,0.036487,0.07015,0.53439,26.532,5.8062,1.2642,0.54855,34.818,3.2188,1.0506,0.012006,0.13888,1.1297,0.38346,1.3103,1.5046,0.65251,0.93956,0.65009,35.514,48.852,44.915,1586.4,0.73602,36347,2.8762,1601.8,0.8009,36423,3.8667,1537.8,1.0327,34039,4.0339,1537.8,0.69012,35425,4.0357,0.97293,0.21004,0.064883,-3.0605,-6.351,0.29664,-3.0605,-2.5381,-0.045894
0.075081,0.039404,0.094056,0.02999,0.040374,0.062809,0.62302,26.191,5.6353,1.9786,1.1024,40.751,5.2281,1.2969,0.010934,0.27824,0.97274,0.20439,1.03,1.5145,1.0334,0.64161,0.51624,32.169,47.032,46.715,1531.7,0.75579,35013,2.7477,1622.7,0.70226,37325,3.6681,1558.3,0.95591,34799,4.0847,1558.3,0.73285,35716,4.1202,5.9383,6.6042,-0.053533,1.7345,-0.61047,0.20012,1.7345,2.008,-0.022948
0.10917,0.076828,0.078283,0.047812,0.027009,0.08,0.27307,23.616,6.9362,0.91389,0.50847,23.825,5.0005,1.2973,0.013704,0.27864,1.4012,0.29584,1.9484,1.4625,1.4224,0.71356,0.54741,38.246,44.336,50.333,1620.7,0.92487,36323,3.04,1599.4,1.1131,35073,3.6515,1526,1.562,31787,4.6343,1526,1.0646,33653,4.5755,-1.3139,-3.4434,0.18828,-5.8391,-12.488,0.63715,-5.8391,-7.3522,0.1397
0.10753,0.050637,0.09861,0.050959,0.037495,0.055973,0.4625,25.769,4.5348,1.9078,0.7229,44.925,9.0451,1.3051,0.0090838,0.18782,0.91564,0.27376,1.2747,0.60826,1.3055,0.8582,0.34973,33.791,41.147,49.403,1541.7,0.92974,34533,2.881,1640.5,0.79714,37319,3.2661,1616.6,1.1125,35453,4.1681,1616.6,0.88587,36397,4.199,6.4109,8.0675,-0.1326,4.8606,2.664,0.18274,4.8606,5.3971,-0.043874
0.13465,0.059572,0.14481,0.058237,0.027075,0.033981,0.63462,28.168,5.0219,1.5649,0.63934,42.644,3.3724,1.2041,0.0056182,0.15006,0.62083,0.34241,1.1988,1.0474,0.61887,0.65587,0.25244,35.091,44.121,56.319,1593.7,1.0332,35273,2.8986,1632.5,0.97435,36380,3.526,1600.1,1.3196,34266,4.7627,1600.1,1.086,35199,4.7845,2.4376,3.1383,-0.058808,0.40444,-2.8548,0.28643,0.40444,-0.20742,0.052834
0.071958,0.045795,0.058469,0.015092,0.040637,0.057528,0.36,27.277,7.0575,0.67674,1.1004,40.814,4.3894,1.2825,0.0081593,0.16856,1.4868,0.21678,1.4724,0.61787,1.905,0.57847,0.25173,32.362,48.014,57.483,1625.7,0.69722,37418,2.5901,1624.5,0.74216,37194,3.7401,1598.7,0.97882,35607,4.7275,1598.7,0.82154,36265,4.7736,-0.073038,-0.59751,0.044943,-1.6622,-4.8387,0.2816,-1.6622,-3.0813,0.12432
0.1243,0.053106,0.096333,0.035843,0.03041,0.046303,0.26591,24.378,7.0058,0.51962,1.3556,30.728,9.7749,1.2304,0.0066071,0.14407,0.60025,0.37694,1.3569,0.77137,1.8746,0.65787,0.5117,33.722,51.592,47.43,1639.9,0.95484,36627,2.7089,1641.3,0.85009,37108,3.9691,1612.5,1.2622,34758,4.0884,1612.5,0.96372,35977,4.1003,0.085646,1.3129,-0.10476,-1.675,-5.1042,0.30738,-1.675,-1.7763,0.0088802
0.070819,0.031176,0.063435,0.038241,0.037775,0.041076,0.26501,24.649,6.1145,1.0041,1.4734,25.65,5.0354,1.3447,0.0088467,0.25261,0.88405,0.42932,1.3837,1.2639,0.93824,0.90516,0.37629,39.705,45.828,49.21,1604.2,0.70025,36910,3.1172,1612.2,0.69957,37096,3.6109,1573.2,0.91239,35310,4.206,1573.2,0.69813,36205,4.2408,0.49764,0.5056,-0.00067577,-1.9345,-4.3332,0.21214,-1.9345,-1.9102,-0.0021127
0.08285,0.06554,0.14925,0.0051576,0.029857,0.071628,0.27997,26.258,5.6575,0.81313,1.2031,35.912,3.0547,1.264,0.0042051,0.21835,0.93614,0.21873,1.6156,1.2059,1.3738,0.92242,0.62562,34.042,42.954,50.667,1620.3,0.90893,36382,2.7538,1621.1,0.90091,36434,3.4528,1553.8,1.5156,32536,4.5607,1553.8,0.87116,35042,4.4525,0.049999,0.14345,-0.0080258,-4.1065,-10.572,0.6067,-4.1065,-3.684,-0.037774
0.13484,0.054226,0.083143,0.0051306,0.03347,0.073309,0.62644,27.125,7.2378,0.62409,1.1076,38.193,5.1424,1.0089,0.011233,0.32135,1.1491,0.44872,1.7392,1.5426,1.0206,0.86238,0.5743,35.479,39.543,54.77,1632.2,0.94386,36502,2.8372,1618.9,0.9884,36016,3.2489,1547.2,1.2885,33251,4.8019,1547.2,0.94769,34585,4.7875,-0.81895,-1.3304,0.044538,-5.2095,-8.9076,0.34466,-5.2095,-5.2516,0.0038215
0.094573,0.068865,0.09713,0.02328,0.027034,0.048136,0.57885,26.344,6.0456,1.2393,1.1534,38.995,8.7426,1.3473,0.013484,0.17662,0.78481,0.29884,1.2566,1.8846,0.92107,0.75143,0.55626,33.905,43.865,57.308,1609.1,0.8952,36189,2.7608,1635.4,0.78962,37236,3.4542,1575.9,1.1004,34609,4.8274,1575.9,0.78985,35880,4.819,1.6351,2.8939,-0.10559,-2.0642,-4.3667,0.20519,-2.0642,-0.8539,-0.10535
0.13583,0.069328,0.1368,0.030948,0.03427,0.065993,0.6992,24.999,6.7156,0.54867,0.55003,24.256,9.5507,1.01,0.012502,0.22514,0.64022,0.38144,1.1315,0.84318,0.8447,0.58825,0.28507,34.817,41.725,49.797,1629.8,1.0286,36092,2.8148,1616.1,0.99873,35912,3.4053,1589.9,1.3252,34025,4.3334,1589.9,1.0903,34957,4.3629,-0.84036,-0.49615,-0.029903,-2.4487,-5.7254,0.29656,-2.4487,-3.1426,0.0617
0.088783,0.039714,0.081414,0.038389,0.032467,0.070194,0.65182,27.261,6.72,0.97752,1.601,43.237,6.2276,1.2452,0.0037502,0.26372,0.65181,0.26258,1.2732,0.86807,1.2835,0.809,0.28035,39.974,48.789,57.023,1612.8,0.77992,36763,3.1374,1641.7,0.70188,37765,3.7404,1590.7,0.99498,35362,4.7253,1590.7,0.81837,36096,4.7651,1.7916,2.7254,-0.078047,-1.3732,-3.8115,0.21505,-1.3732,-1.815,0.038452
0.10044,0.038218,0.072183,0.01964,0.040918,0.076693,0.48891,27.69,4.899,1.5632,1.6638,43.041,3.0767,1.0757,0.012122,0.34448,1.1861,0.27596,1.3974,0.62238,0.73574,0.80041,0.26966,32.55,51.611,57.853,1556.1,0.84294,35209,2.7491,1612.1,0.8209,36571,4.0335,1586.6,1.0015,35244,4.7974,1586.6,0.83502,35933,4.8403,3.601,3.8676,-0.02204,1.9597,0.097486,0.15856,1.9597,2.054,-0.0079233
0.068539,0.073283,0.11912,0.018549,0.037735,0.070505,0.63682,25.756,4.853,0.65107,0.51343,22.675,4.9142,1.3375,0.010808,0.15115,1.2187,0.36795,1.7041,0.65209,1.3193,0.7676,0.57653,34.412,38.502,59.97,1611,0.84381,36449,2.7811,1597.5,0.94355,35727,3.21,1569.7,1.4469,33128,5.1652,1569.7,0.87812,35372,5.0552,-0.83848,-1.9828,0.09974,-2.5662,-9.1136,0.60313,-2.5662,-2.955,0.034316
0.1385,0.085619,0.057823,0.020586,0.044763,0.030027,0.47142,24.196,5.612,0.95235,1.4317,28.311,5.7033,1.2349,0.014863,0.22506,0.86294,0.32377,1.6824,0.59765,1.1007,0.56946,0.26368,34.494,40.561,46.427,1592.4,1.11,34933,2.876,1606,1.0838,35336,3.3686,1601.7,1.4164,33921,4.0921,1601.7,1.1538,34959,4.1175,0.84877,1.1543,-0.026183,0.57971,-2.898,0.30638,0.57971,0.072933,0.043774
0.13963,0.040657,0.094359,0.037497,0.043712,0.045484,0.64568,22.068,5.1508,1.8975,0.56372,41.22,5.9488,1.1809,0.0088579,0.33431,0.78902,0.3608,1.2512,1.9231,1.4958,0.65162,0.23083,30.771,38.356,58.837,1517.2,1.0356,33570,2.7315,1628.8,0.88955,36657,3.1257,1566.4,1.2359,33868,5.0149,1566.4,1.0681,34530,5.0584,7.3585,9.1943,-0.14605,3.2461,0.88742,0.2003,3.2461,2.8581,0.032536
0.084739,0.065599,0.11049,0.049176,0.044953,0.048782,0.69517,22.314,6.1045,0.51487,0.51977,25.634,5.2273,1.3483,0.0067939,0.16006,0.6525,0.31222,1.2575,1.861,1.464,0.74658,0.54141,33.837,40.468,53.04,1616.5,0.87109,36457,2.7387,1610.8,0.85908,36379,3.2961,1542.2,1.3434,32936,4.7105,1542.2,0.88638,34720,4.6587,-0.35488,-0.2153,-0.012015,-4.5943,-9.6592,0.4723,-4.5943,-4.764,0.015286
0.089264,0.079788,0.068454,0.058336,0.030988,0.046294,0.70585,27.239,5.4314,1.0793,0.54563,35.208,7.5616,1.3183,0.0087554,0.10122,1.4878,0.15051,1.4693,0.95276,1.4693,0.58399,0.43093,34.217,51.232,44.679,1605.8,0.86904,36225,2.7822,1633.4,0.87495,36822,3.9719,1599.3,1.154,34906,3.8977,1599.3,0.88581,36008,3.9224,1.7189,1.6489,0.0059063,-0.40297,-3.6388,0.285,-0.40297,-0.59722,0.016766
0.090085,0.031518,0.053336,0.024285,0.044571,0.070025,0.48168,25.034,5.1708,0.86066,1.1786,41.255,6.5683,1.1629,0.012406,0.33719,0.67234,0.27933,1.1539,0.95474,0.75831,0.52006,0.63242,34.663,47.543,59.263,1592.2,0.77193,36326,2.8158,1622.4,0.67618,37433,3.6952,1583.1,0.83401,35858,4.8444,1583.1,0.70143,36418,4.8978,1.8992,3.0479,-0.095751,-0.56919,-1.2871,0.062072,-0.56919,0.25459,-0.070509
0.10785,0.032597,0.055099,0.041717,0.042285,0.087387,0.73982,26.628,7.3024,1.7098,0.79519,41.791,9.2444,1.2137,0.009038,0.33282,0.93175,0.36412,1.2108,1.2516,0.72633,0.85131,0.31772,34.789,39.202,57.17,1546,0.77357,35266,2.909,1633.6,0.7379,37420,3.1369,1559.7,0.87643,35155,4.7866,1559.7,0.75369,35662,4.8461,5.6645,6.1062,-0.035668,0.88818,-0.31522,0.10286,0.88818,1.123,-0.019884
0.066892,0.053553,0.14174,0.029112,0.031405,0.071555,0.44936,24.986,7.618,1.2996,1.4026,35.443,7.0267,1.3125,0.0037402,0.39688,1.1105,0.41618,1.4507,0.7164,1.5862,0.60917,0.31999,39.645,49.709,45.984,1602,0.79398,36457,3.1397,1640.6,0.7381,37580,3.8137,1596.3,1.2255,34554,4.0174,1596.3,0.95083,35668,4.0388,2.4104,3.0815,-0.055874,-0.35833,-5.2188,0.43149,-0.35833,-2.1621,0.15686
0.10823,0.075055,0.13266,0.024519,0.026768,0.072181,0.35512,27.949,5.5467,0.58988,1.3356,43.261,2.9502,1.1218,0.010512,0.27584,0.99003,0.42984,1.0722,1.3835,0.74956,0.55846,0.47854,38.354,38.912,52.184,1634.4,0.99983,36313,3.0388,1620.6,0.97246,36121,3.1989,1555.1,1.2606,33528,4.5812,1555.1,0.95308,34740,4.5829,-0.84348,-0.52811,-0.027377,-4.849,-7.6695,0.26075,-4.849,-4.3315,-0.046749
0.083024,0.048831,0.11158,0.031349,0.032745,0.04989,0.48124,26.536,6.6586,1.3554,0.84272,29.704,3.3809,1.2253,0.005726,0.34554,0.60869,0.27168,1.6794,1.6087,1.6487,0.60575,0.55376,34.189,40.952,49.689,1596.9,0.78771,36367,2.7787,1611.4,0.82677,36531,3.3193,1548.7,1.4036,32846,4.4668,1548.7,0.97772,34497,4.4339,0.90926,0.4502,0.039061,-3.0211,-9.6827,0.61592,-3.0211,-5.1428,0.19001
0.11946,0.066544,0.061855,0.036064,0.036021,0.050872,0.61765,27.644,5.0305,1.4581,1.4842,28.125,5.1504,1.3402,0.0055436,0.31917,0.55667,0.26254,1.9641,1.6465,1.6699,0.6517,0.29465,31.593,49.077,44.03,1575.2,0.96963,35120,2.6752,1621,0.92327,36338,3.8715,1553.4,1.4278,32855,4.0477,1553.4,1.1243,34020,4.0649,2.9111,3.4668,-0.046361,-1.3824,-6.4489,0.45816,-1.3824,-3.132,0.15465
0.12908,0.04902,0.09553,0.0091413,0.03419,0.066023,0.70035,24.348,4.5555,1.6991,0.58209,23.824,7.7204,1.0438,0.0031897,0.39569,1.238,0.35127,1.2547,1.5126,0.54541,0.84256,0.41327,37.669,42.346,59.81,1553.1,1.0165,34441,3.1533,1625.4,1.0058,36088,3.4298,1550.8,1.17,33786,5.1105,1550.8,0.9134,34804,5.119,4.6519,4.7819,-0.010708,-0.14639,-1.9024,0.15354,-0.14639,1.0554,-0.10306
0.13954,0.042128,0.10229,0.0091293,0.038148,0.035174,0.41657,23.397,5.7263,0.88062,1.18,33.574,9.8616,1.2699,0.0064906,0.36419,1.0041,0.34419,1.4431,1.7481,1.3582,0.67396,0.38563,34.051,41.564,54.159,1605.1,1.0292,35542,2.8057,1644.4,0.89684,36976,3.3105,1593.7,1.2688,34327,4.6121,1593.7,1.0422,35235,4.6388,2.4499,4.0358,-0.13232,-0.7128,-3.4193,0.23966,-0.7128,-0.86292,0.013067
0.089794,0.041769,0.099632,0.0052726,0.038446,0.08679,0.5058,24.006,7.4002,0.92853,1.0738,44.517,3.9423,1.1547,0.012415,0.34873,0.59639,0.24469,1.605,0.8927,1.8083,0.73323,0.65062,36.833,42.154,51.65,1604.7,0.79572,36510,2.9452,1617.2,0.72862,37084,3.3631,1571.4,1.2115,34070,4.4794,1571.4,0.82611,35626,4.4555,0.77814,1.5719,-0.067103,-2.0761,-6.6835,0.41574,-2.0761,-2.4229,0.030394
0.12206,0.039522,0.1065,0.048668,0.02795,0.038477,0.632,23.605,6.6561,1.094,0.89924,34.51,9.4769,1.3136,0.005023,0.14258,1.1013,0.24443,1.5029,1.1872,1.9482,0.69371,0.24255,39.117,41.489,44.234,1612.7,0.91838,36171,3.1126,1647.7,0.86191,37201,3.2903,1605.5,1.3129,34406,3.8977,1605.5,1.1152,35198,3.9445,2.1735,2.8474,-0.056479,-0.44741,-4.8804,0.39451,-0.44741,-2.6921,0.19683
0.11254,0.049848,0.14235,0.0075768,0.036602,0.083781,0.28822,28.603,5.6156,1.315,0.84277,23.064,4.3534,1.338,0.0040845,0.10375,1.3735,0.19346,1.7953,0.77428,1.0254,0.81593,0.3846,31.748,46.239,46.834,1587.8,0.92237,35597,2.6552,1604.1,1.0968,35243,3.7676,1553.1,1.6101,32175,4.3105,1553.1,1.1758,33813,4.2823,1.0282,-0.99328,0.17439,-2.184,-9.6117,0.6877,-2.184,-5.0115,0.25344
0.12485,0.051967,0.12758,0.029305,0.02543,0.066487,0.34619,26.508,5.6525,1.8404,0.56613,31.938,3.7995,1.1621,0.010788,0.13611,0.55968,0.4262,1.6693,1.4042,0.8056,0.73798,0.21163,33.037,40.999,53.84,1587.6,0.9583,35445,2.7516,1608.9,0.97297,35858,3.3646,1549.8,1.4256,32787,4.7747,1549.8,1.1502,33839,4.786,1.3375,1.165,0.014673,-2.387,-7.5,0.46725,-2.387,-4.5309,0.19192
0.097654,0.059202,0.068231,0.040696,0.034175,0.070099,0.46647,24.378,4.9446,1.0333,0.67353,39.298,4.4909,1.314,0.0078945,0.20063,0.59568,0.15038,1.7796,0.63007,1.5055,0.73813,0.4172,39.076,47.052,48.958,1593.8,0.89732,35836,3.1416,1624.8,0.79618,36966,3.6908,1592,1.19,34602,4.2259,1592,0.909,35746,4.2409,1.9439,3.1529,-0.10114,-0.11611,-3.4439,0.29271,-0.11611,-0.25171,0.011678
0.13426,0.088061,0.063866,0.052491,0.029285,0.039619,0.74886,27.13,6.4002,1.0086,0.70334,33.678,9.3409,1.0857,0.012924,0.34862,1.2675,0.29302,1.0866,1.3058,0.56667,0.67675,0.51059,37.841,50.596,47.788,1617.5,1.0162,35870,3.0393,1630.8,1.0263,36123,3.9808,1600,1.1562,34913,4.1127,1600,0.89954,35966,4.1367,0.82033,0.7033,0.010025,-1.0812,-2.6686,0.13996,-1.0812,0.26821,-0.11669
0.13657,0.036321,0.14481,0.040451,0.028108,0.062271,0.39949,24.425,6.0176,0.71471,1.2057,34.722,7.3381,1.0649,0.0098206,0.25309,1.1015,0.41275,1.1962,0.6231,1.6297,0.93974,0.58285,33.262,39.414,47.186,1625.2,1.0212,36020,2.7159,1628.7,0.95449,36377,3.2125,1606.6,1.3558,34262,4.1146,1606.6,0.96619,35836,4.0993,0.21272,0.99164,-0.066753,-1.1435,-4.8801,0.33459,-1.1435,-0.51043,-0.055051
0.11802,0.053051,0.11425,0.013149,0.04362,0.050927,0.68545,27.165,6.1675,1.0641,0.5769,22.165,7.2443,1.2869,0.0056165,0.16191,1.27,0.17705,1.1763,1.5132,1.5818,0.94277,0.45047,35.592,47.457,54.824,1589.2,0.90915,35683,2.9143,1619,0.99252,36001,3.7868,1558.2,1.3943,33083,4.8093,1558.2,0.98411,34684,4.7706,1.873,0.89136,0.083368,-1.9505,-7.2848,0.48512,-1.9505,-2.8004,0.074951
0.076181,0.047699,0.070063,0.038392,0.028785,0.032905,0.56235,25.868,5.8097,0.50374,0.82494,41.689,4.9157,1.315,0.0060429,0.31529,1.4329,0.3209,1.5062,1.9965,1.0382,0.66371,0.39429,37.986,49.085,54.999,1638.2,0.75026,37472,2.9509,1639.4,0.75251,37489,3.7796,1583.6,0.97631,35282,4.5994,1583.6,0.7692,36143,4.6304,0.070709,0.044425,0.002246,-3.3327,-5.8451,0.22604,-3.3327,-3.5464,0.018931
0.12294,0.080071,0.13855,0.049614,0.031241,0.032313,0.6664,23.728,4.8537,0.68523,0.92311,33.987,4.6725,1.2681,0.014615,0.25224,1.4362,0.32214,1.0739,0.87865,1.0431,0.92548,0.6599,35.456,50.913,44.185,1616.1,1.1408,35326,2.9066,1613.4,1.1212,35348,4.0741,1599.7,1.4353,33807,3.9436,1599.7,0.88701,36013,3.8881,-0.16349,0.061798,-0.019532,-1.0103,-4.2994,0.29448,-1.0103,1.9439,-0.25377
0.074132,0.038388,0.10249,0.044028,0.034943,0.056686,0.63048,24.098,4.5127,1.0715,0.70536,36.547,2.5484,1.2889,0.013157,0.21008,1.1429,0.38738,1.0918,0.74167,0.53159,0.69192,0.56675,36.178,38.22,55.084,1586.6,0.78733,36134,2.9323,1602.8,0.78224,36524,3.1418,1581,0.94455,35353,4.6019,1581,0.7121,36325,4.6239,1.0204,1.0804,-0.0050839,-0.35063,-2.159,0.15722,-0.35063,0.53006,-0.075228
0.12239,0.042736,0.057981,0.033725,0.035119,0.075395,0.56214,28.573,5.4614,1.024,0.80125,24.162,4.7636,1.0727,0.013201,0.1145,0.84006,0.17956,1.7607,1.7095,0.50629,0.78195,0.32505,30.799,40.281,48.024,1602.4,0.87387,36127,2.5569,1589.6,0.99975,35318,3.3627,1512.8,1.2405,32690,4.3948,1512.8,0.99632,33625,4.4244,-0.79819,-2.2387,0.12589,-5.5917,-9.5126,0.36662,-5.5917,-6.9256,0.12245
0.12163,0.083187,0.082779,0.019581,0.027798,0.048422,0.40793,22.684,6.0443,1.9168,1.4803,23.094,9.188,1.1472,0.0092356,0.15891,1.2072,0.34319,1.6782,0.53622,0.68017,0.93997,0.48619,35.475,49.565,55.989,1574.7,1.0725,34694,2.9691,1627,1.0321,36014,3.922,1611.4,1.2762,34678,4.6914,1611.4,0.88851,36268,4.659,3.3207,3.805,-0.040406,2.3275,-0.046594,0.20374,2.3275,4.5354,-0.184
0.060523,0.059725,0.14861,0.0033316,0.033952,0.080165,0.4335,22.263,5.9337,1.2255,1.5419,26.089,9.926,1.3409,0.0046714,0.32713,1.0209,0.22778,1.4591,0.79983,0.97649,0.52623,0.43528,35.816,51.262,55.037,1585.9,0.86193,35806,2.9252,1639.2,0.72272,37616,3.9144,1587,1.1601,34614,4.6557,1587,0.86325,35825,4.6561,3.3609,5.0551,-0.13921,0.067706,-3.3311,0.29817,0.067706,0.052388,0.001314
0.063514,0.058634,0.059359,0.036869,0.027952,0.050687,0.65616,25.621,6.081,0.78474,1.3934,43.984,4.7113,1.0587,0.0031206,0.12145,0.70548,0.21105,1.242,0.66505,0.86186,0.63353,0.33298,33.292,45.823,54.356,1624.8,0.73658,37225,2.6609,1639.7,0.67877,37821,3.5444,1606.9,0.87548,36223,4.4549,1606.9,0.70033,36972,4.4965,0.91526,1.601,-0.057811,-1.1011,-2.6917,0.1389,-1.1011,-0.68043,-0.036248
0.081309,0.058784,0.12371,0.058431,0.032768,0.043873,0.64108,27.244,5.9249,1.6556,1.9897,30.844,8.5787,1.2999,0.012161,0.10932,0.56971,0.4158,1.0988,0.63205,1.5419,0.94514,0.63022,31.796,49.725,58.052,1577,0.87973,35531,2.6681,1627.6,0.74476,37252,3.8473,1613,1.1357,35280,4.7799,1613,0.7186,37033,4.7323,3.2058,4.8444,-0.13497,2.2846,-0.70569,0.25599,2.2846,4.2272,-0.16113
0.084657,0.034785,0.060693,0.025514,0.026567,0.055564,0.35067,23.708,6.1781,1.4688,1.6049,35.415,7.4016,1.1238,0.0070374,0.18782,1.3256,0.2353,1.7677,0.85836,1.5411,0.74622,0.22325,31.788,42.464,44.48,1598.4,0.76415,36502,2.6089,1636.2,0.73616,37487,3.3463,1600.3,0.98906,35601,3.8339,1600.3,0.84312,36210,3.8939,2.3648,2.7005,-0.027993,0.1206,-2.4675,0.22491,0.1206,-0.79826,0.078974
0.071613,0.063187,0.10789,0.038132,0.033168,0.058733,0.66525,24.047,5.6329,0.7848,1.0354,22.165,6.6491,1.1133,0.0099455,0.24597,1.2442,0.31571,1.1797,1.0441,0.70854,0.72427,0.33434,30.068,47.076,47.525,1611.5,0.83873,36481,2.4865,1607.8,0.88561,36200,3.7566,1570.4,1.1135,34435,4.1586,1570.4,0.81501,35649,4.1699,-0.22752,-0.77097,0.04688,-2.5516,-5.61,0.27481,-2.5516,-2.2816,-0.023725
0.063611,0.061031,0.059876,0.017653,0.030114,0.066354,0.63065,27.324,7.8725,0.87925,1.3875,42.553,9.7993,1.3196,0.0056889,0.37648,0.8655,0.41467,1.0763,1.896,0.57484,0.72507,0.46621,39.441,41.728,44.305,1627.3,0.70058,37439,3.0557,1650.3,0.6478,38205,3.2478,1554.9,0.79391,35384,3.8763,1554.9,0.61039,36153,3.9256,1.4165,2.0461,-0.052778,-4.4501,-5.4877,0.093335,-4.4501,-3.4335,-0.090189
0.069667,0.084158,0.10092,0.057442,0.034738,0.085281,0.38986,24.606,4.6196,0.7097,0.62871,40.21,6.9585,1.2453,0.0051679,0.25619,0.87198,0.40073,1.9666,0.63639,0.9031,0.89912,0.38517,38.842,39.879,53.135,1606.4,0.903,36094,3.1025,1636.8,0.77086,37349,3.1833,1595.9,1.171,34764,4.5009,1595.9,0.79135,36329,4.4762,1.8948,3.4771,-0.13214,-0.65083,-3.6859,0.26796,-0.65083,0.65065,-0.11165
0.094498,0.076585,0.11698,0.057863,0.038995,0.058483,0.37329,25.643,5.3285,0.5618,0.62889,30.256,2.9155,1.2607,0.011917,0.19842,1.4237,0.20399,1.6678,0.81559,1.7736,0.80917,0.21957,35.511,48.022,50.824,1621.2,0.93732,36282,2.8573,1594.6,1.1144,34963,3.9191,1566.4,1.6645,32252,4.5848,1566.4,1.194,34032,4.5357,-1.6393,-3.6362,0.17707,-3.3762,-11.108,0.72714,-3.3762,-6.2027,0.25667
0.067433,0.045021,0.14765,0.040543,0.040642,0.081905,0.48793,28.46,5.6587,0.87411,0.58736,24.52,5.057,1.3276,0.0032361,0.15794,1.1281,0.1952,1.2118,1.0778,0.61688,0.68986,0.62531,35.224,44.203,55.348,1603.8,0.74154,36722,2.8266,1611.5,0.8157,36580,3.535,1542.5,1.1361,33736,4.8039,1542.5,0.76866,35207,4.7781,0.48071,-0.38617,0.074154,-3.8219,-8.131,0.39451,-3.8219,-4.1264,0.027116
0.10111,0.034896,0.087021,0.0015402,0.026662,0.058127,0.39757,28.854,7.8631,1.1753,0.65929,41.522,2.6988,1.305,0.0041465,0.2787,0.73011,0.18507,1.082,1.8091,0.74953,0.68704,0.22408,36.102,50.194,58.779,1625.3,0.75747,37145,2.8509,1630.4,0.78559,37139,3.8836,1546.6,1.0322,34234,4.9987,1546.6,0.87949,34846,5.0473,0.31181,-0.017368,0.028123,-4.8437,-7.8383,0.27478,-4.8437,-6.1889,0.12202
0.10156,0.039528,0.090705,0.05714,0.039064,0.066824,0.27392,28.464,4.8545,0.76973,1.2782,36.366,7.1915,1.3111,0.012535,0.3865,0.79793,0.27079,1.1404,0.72365,1.6273,0.69309,0.57869,35.599,50.996,49.492,1611.5,0.8533,36420,2.8623,1625.1,0.7553,37149,3.9406,1596.2,1.0862,35112,4.2192,1596.2,0.81783,36224,4.2369,0.84157,2.0019,-0.098002,-0.94824,-3.5898,0.2329,-0.94824,-0.53764,-0.035474
0.10257,0.055686,0.10933,0.029578,0.044589,0.060557,0.25774,22.136,5.4511,0.61767,1.239,33.654,7.0922,1.3142,0.013397,0.37808,0.99947,0.35245,1.1157,1.7736,1.8831,0.73579,0.68699,36.75,46.092,58.209,1607.1,0.97165,35825,2.9743,1619.9,0.83885,36671,3.6496,1551,1.2422,33509,5.0221,1551,0.82415,35171,4.9723,0.7913,2.3605,-0.1328,-3.4962,-6.4655,0.27059,-3.4962,-1.8256,-0.1475
0.12951,0.033994,0.14878,0.0239,0.032261,0.051842,0.63864,28.8,6.0801,0.68993,0.57422,42.552,6.6149,1.3067,0.0078677,0.37885,1.3513,0.19659,1.7006,0.6833,1.0426,0.76782,0.69523,37.956,50.542,48.251,1629.8,0.91283,36578,3.0009,1639.5,0.91684,36779,3.9237,1609.4,1.3799,34227,4.1896,1609.4,0.95806,35932,4.1623,0.5965,0.54957,0.0040128,-1.2499,-6.4288,0.46707,-1.2499,-1.7675,0.045225
0.13508,0.064732,0.10956,0.028994,0.041768,0.074834,0.50244,23.408,5.1875,0.53943,0.73147,23.214,4.5122,1.1648,0.014359,0.29782,1.2266,0.41158,1.6966,1.0003,1.341,0.66793,0.26914,36.067,41.452,52.309,1611.7,1.0909,35434,2.9456,1584.9,1.2355,34269,3.5149,1546.8,1.6876,31764,4.762,1546.8,1.3127,33149,4.742,-1.6611,-3.2863,0.14458,-4.0281,-10.357,0.59675,-4.0281,-6.4479,0.22186
0.12854,0.037642,0.10441,0.027819,0.042353,0.055024,0.57278,22.275,6.9388,1.7966,1.8217,38.942,4.7763,1.0539,0.014266,0.16923,0.8771,0.27631,1.917,0.92433,1.0005,0.57645,0.46162,33.299,47.819,57.46,1540.3,0.97508,34321,2.8584,1610.5,0.90705,36169,3.8069,1586.3,1.315,33988,4.8834,1586.3,1.0657,34978,4.8982,4.5557,5.3854,-0.068029,2.9899,-0.96987,0.33992,2.9899,1.9148,0.090576
0.10029,0.058986,0.12527,0.028247,0.04465,0.06844,0.47764,28.841,6.676,1.5408,0.67858,33.974,4.2162,1.2285,0.009857,0.25957,0.86064,0.34583,1.6801,0.72475,0.59553,0.63723,0.46461,38.437,42.47,56.78,1560.9,0.85495,35269,3.1532,1609.5,0.90081,36175,3.4447,1579,1.2655,34024,4.8399,1579,0.95645,35260,4.8337,3.1171,2.5679,0.045862,1.1621,-3.5308,0.41058,1.1621,-0.025311,0.1015
